customer_id,customer_name,gender,age,city,state,region
CUST00001,Customer_1,Female,61,Hyderabad,TG,South
CUST00002,Customer_2,Female,61,Mumbai,MH,West
CUST00003,Customer_3,Female,22,Kolkata,WB,East
CUST00004,Customer_4,Female,50,Bengaluru,KA,South
CUST00005,Customer_5,Female,22,Kolkata,WB,East
CUST00006,Customer_6,Female,26,Bengaluru,KA,South
CUST00007,Customer_7,Female,25,Mumbai,MH,West
CUST00008,Customer_8,Female,25,Hyderabad,TG,South
CUST00009,Customer_9,Male,36,Hyderabad,TG,South
CUST00010,Customer_10,Female,49,Bengaluru,KA,South
CUST00011,Customer_11,Male,33,Kolkata,WB,East
CUST00012,Customer_12,Male,38,Kolkata,WB,East
CUST00013,Customer_13,Female,54,Delhi,DL,North
CUST00014,Customer_14,Male,32,Delhi,DL,North
CUST00015,Customer_15,Female,23,Bengaluru,KA,South
CUST00016,Customer_16,Female,37,Hyderabad,TG,South
CUST00017,Customer_17,Female,33,Bengaluru,KA,South
CUST00018,Customer_18,Female,42,Delhi,DL,North
CUST00019,Customer_19,Male,29,Mumbai,MH,West
CUST00020,Customer_20,Female,48,Delhi,DL,North
CUST00021,Customer_21,Female,41,Hyderabad,TG,South
CUST00022,Customer_22,Male,56,Hyderabad,TG,South
CUST00023,Customer_23,Female,65,Delhi,DL,North
CUST00024,Customer_24,Male,39,Bengaluru,KA,South
CUST00025,Customer_25,Female,46,Mumbai,MH,West
CUST00026,Customer_26,Male,23,Hyderabad,TG,South
CUST00027,Customer_27,Male,59,Delhi,DL,North
CUST00028,Customer_28,Female,21,Delhi,DL,North
CUST00029,Customer_29,Male,53,Bengaluru,KA,South
CUST00030,Customer_30,Male,45,Bengaluru,KA,South
CUST00031,Customer_31,Female,57,Hyderabad,TG,South
CUST00032,Customer_32,Male,39,Hyderabad,TG,South
CUST00033,Customer_33,Male,58,Delhi,DL,North
CUST00034,Customer_34,Female,43,Delhi,DL,North
CUST00035,Customer_35,Male,37,Bengaluru,KA,South
CUST00036,Customer_36,Female,59,Bengaluru,KA,South
CUST00037,Customer_37,Male,44,Kolkata,WB,East
CUST00038,Customer_38,Male,46,Kolkata,WB,East
CUST00039,Customer_39,Male,28,Bengaluru,KA,South
CUST00040,Customer_40,Male,47,Delhi,DL,North
CUST00041,Customer_41,Male,44,Hyderabad,TG,South
CUST00042,Customer_42,Male,46,Kolkata,WB,East
CUST00043,Customer_43,Female,23,Bengaluru,KA,South
CUST00044,Customer_44,Female,24,Mumbai,MH,West
CUST00045,Customer_45,Female,57,Bengaluru,KA,South
CUST00046,Customer_46,Male,21,Bengaluru,KA,South
CUST00047,Customer_47,Male,54,Mumbai,MH,West
CUST00048,Customer_48,Male,48,Delhi,DL,North
CUST00049,Customer_49,Female,36,Hyderabad,TG,South
CUST00050,Customer_50,Female,60,Hyderabad,TG,South
CUST00051,Customer_51,Male,32,Kolkata,WB,East
CUST00052,Customer_52,Female,58,Bengaluru,KA,South
CUST00053,Customer_53,Male,50,Kolkata,WB,East
CUST00054,Customer_54,Male,57,Hyderabad,TG,South
CUST00055,Customer_55,Male,63,Mumbai,MH,West
CUST00056,Customer_56,Female,21,Bengaluru,KA,South
CUST00057,Customer_57,Female,43,Hyderabad,TG,South
CUST00058,Customer_58,Female,54,Mumbai,MH,West
CUST00059,Customer_59,Male,54,Hyderabad,TG,South
CUST00060,Customer_60,Female,47,Bengaluru,KA,South
CUST00061,Customer_61,Female,24,Kolkata,WB,East
CUST00062,Customer_62,Female,64,Kolkata,WB,East
CUST00063,Customer_63,Male,35,Hyderabad,TG,South
CUST00064,Customer_64,Male,24,Kolkata,WB,East
CUST00065,Customer_65,Male,59,Hyderabad,TG,South
CUST00066,Customer_66,Female,57,Hyderabad,TG,South
CUST00067,Customer_67,Male,44,Kolkata,WB,East
CUST00068,Customer_68,Male,29,Kolkata,WB,East
CUST00069,Customer_69,Male,53,Kolkata,WB,East
CUST00070,Customer_70,Female,63,Delhi,DL,North
CUST00071,Customer_71,Female,30,Kolkata,WB,East
CUST00072,Customer_72,Male,61,Mumbai,MH,West
CUST00073,Customer_73,Male,42,Kolkata,WB,East
CUST00074,Customer_74,Female,36,Hyderabad,TG,South
CUST00075,Customer_75,Male,45,Delhi,DL,North
CUST00076,Customer_76,Male,40,Hyderabad,TG,South
CUST00077,Customer_77,Female,33,Mumbai,MH,West
CUST00078,Customer_78,Male,52,Delhi,DL,North
CUST00079,Customer_79,Female,34,Kolkata,WB,East
CUST00080,Customer_80,Male,41,Kolkata,WB,East
CUST00081,Customer_81,Male,60,Bengaluru,KA,South
CUST00082,Customer_82,Female,22,Hyderabad,TG,South
CUST00083,Customer_83,Female,61,Delhi,DL,North
CUST00084,Customer_84,Female,53,Kolkata,WB,East
CUST00085,Customer_85,Male,59,Delhi,DL,North
CUST00086,Customer_86,Male,55,Kolkata,WB,East
CUST00087,Customer_87,Male,30,Mumbai,MH,West
CUST00088,Customer_88,Male,47,Bengaluru,KA,South
CUST00089,Customer_89,Male,46,Bengaluru,KA,South
CUST00090,Customer_90,Male,60,Hyderabad,TG,South
CUST00091,Customer_91,Male,28,Bengaluru,KA,South
CUST00092,Customer_92,Female,63,Bengaluru,KA,South
CUST00093,Customer_93,Female,40,Delhi,DL,North
CUST00094,Customer_94,Female,35,Kolkata,WB,East
CUST00095,Customer_95,Female,53,Delhi,DL,North
CUST00096,Customer_96,Male,41,Mumbai,MH,West
CUST00097,Customer_97,Female,35,Mumbai,MH,West
CUST00098,Customer_98,Male,52,Mumbai,MH,West
CUST00099,Customer_99,Female,43,Hyderabad,TG,South
CUST00100,Customer_100,Female,33,Bengaluru,KA,South
CUST00101,Customer_101,Male,29,Bengaluru,KA,South
CUST00102,Customer_102,Male,37,Kolkata,WB,East
CUST00103,Customer_103,Male,55,Mumbai,MH,West
CUST00104,Customer_104,Female,58,Kolkata,WB,East
CUST00105,Customer_105,Male,33,Delhi,DL,North
CUST00106,Customer_106,Female,29,Delhi,DL,North
CUST00107,Customer_107,Male,65,Delhi,DL,North
CUST00108,Customer_108,Female,51,Mumbai,MH,West
CUST00109,Customer_109,Male,52,Delhi,DL,North
CUST00110,Customer_110,Male,57,Bengaluru,KA,South
CUST00111,Customer_111,Male,64,Hyderabad,TG,South
CUST00112,Customer_112,Male,37,Bengaluru,KA,South
CUST00113,Customer_113,Male,40,Bengaluru,KA,South
CUST00114,Customer_114,Female,65,Hyderabad,TG,South
CUST00115,Customer_115,Male,26,Kolkata,WB,East
CUST00116,Customer_116,Male,65,Kolkata,WB,East
CUST00117,Customer_117,Female,24,Bengaluru,KA,South
CUST00118,Customer_118,Female,21,Mumbai,MH,West
CUST00119,Customer_119,Male,27,Kolkata,WB,East
CUST00120,Customer_120,Male,60,Mumbai,MH,West
CUST00121,Customer_121,Female,65,Hyderabad,TG,South
CUST00122,Customer_122,Male,23,Kolkata,WB,East
CUST00123,Customer_123,Male,22,Hyderabad,TG,South
CUST00124,Customer_124,Male,53,Hyderabad,TG,South
CUST00125,Customer_125,Female,53,Hyderabad,TG,South
CUST00126,Customer_126,Male,36,Mumbai,MH,West
CUST00127,Customer_127,Female,41,Bengaluru,KA,South
CUST00128,Customer_128,Female,60,Hyderabad,TG,South
CUST00129,Customer_129,Female,27,Hyderabad,TG,South
CUST00130,Customer_130,Male,64,Bengaluru,KA,South
CUST00131,Customer_131,Male,31,Hyderabad,TG,South
CUST00132,Customer_132,Male,61,Delhi,DL,North
CUST00133,Customer_133,Male,53,Kolkata,WB,East
CUST00134,Customer_134,Male,60,Kolkata,WB,East
CUST00135,Customer_135,Male,47,Hyderabad,TG,South
CUST00136,Customer_136,Female,58,Hyderabad,TG,South
CUST00137,Customer_137,Female,29,Mumbai,MH,West
CUST00138,Customer_138,Male,41,Kolkata,WB,East
CUST00139,Customer_139,Female,52,Bengaluru,KA,South
CUST00140,Customer_140,Male,57,Bengaluru,KA,South
CUST00141,Customer_141,Male,47,Kolkata,WB,East
CUST00142,Customer_142,Male,64,Bengaluru,KA,South
CUST00143,Customer_143,Female,39,Delhi,DL,North
CUST00144,Customer_144,Male,23,Mumbai,MH,West
CUST00145,Customer_145,Female,57,Delhi,DL,North
CUST00146,Customer_146,Female,61,Delhi,DL,North
CUST00147,Customer_147,Female,33,Kolkata,WB,East
CUST00148,Customer_148,Female,30,Mumbai,MH,West
CUST00149,Customer_149,Female,21,Mumbai,MH,West
CUST00150,Customer_150,Male,41,Delhi,DL,North
CUST00151,Customer_151,Female,53,Hyderabad,TG,South
CUST00152,Customer_152,Female,38,Kolkata,WB,East
CUST00153,Customer_153,Female,53,Hyderabad,TG,South
CUST00154,Customer_154,Male,47,Hyderabad,TG,South
CUST00155,Customer_155,Female,65,Kolkata,WB,East
CUST00156,Customer_156,Male,44,Bengaluru,KA,South
CUST00157,Customer_157,Male,38,Kolkata,WB,East
CUST00158,Customer_158,Male,32,Mumbai,MH,West
CUST00159,Customer_159,Female,60,Hyderabad,TG,South
CUST00160,Customer_160,Male,40,Mumbai,MH,West
CUST00161,Customer_161,Female,33,Kolkata,WB,East
CUST00162,Customer_162,Female,44,Hyderabad,TG,South
CUST00163,Customer_163,Male,60,Kolkata,WB,East
CUST00164,Customer_164,Female,36,Hyderabad,TG,South
CUST00165,Customer_165,Male,24,Hyderabad,TG,South
CUST00166,Customer_166,Male,24,Mumbai,MH,West
CUST00167,Customer_167,Female,59,Bengaluru,KA,South
CUST00168,Customer_168,Female,60,Delhi,DL,North
CUST00169,Customer_169,Female,50,Mumbai,MH,West
CUST00170,Customer_170,Male,61,Delhi,DL,North
CUST00171,Customer_171,Male,39,Hyderabad,TG,South
CUST00172,Customer_172,Male,25,Delhi,DL,North
CUST00173,Customer_173,Female,46,Mumbai,MH,West
CUST00174,Customer_174,Female,21,Hyderabad,TG,South
CUST00175,Customer_175,Female,34,Kolkata,WB,East
CUST00176,Customer_176,Female,24,Kolkata,WB,East
CUST00177,Customer_177,Male,32,Bengaluru,KA,South
CUST00178,Customer_178,Female,38,Hyderabad,TG,South
CUST00179,Customer_179,Male,53,Delhi,DL,North
CUST00180,Customer_180,Female,36,Mumbai,MH,West
CUST00181,Customer_181,Female,58,Hyderabad,TG,South
CUST00182,Customer_182,Male,44,Bengaluru,KA,South
CUST00183,Customer_183,Male,43,Kolkata,WB,East
CUST00184,Customer_184,Male,31,Hyderabad,TG,South
CUST00185,Customer_185,Female,45,Kolkata,WB,East
CUST00186,Customer_186,Female,34,Kolkata,WB,East
CUST00187,Customer_187,Female,47,Hyderabad,TG,South
CUST00188,Customer_188,Male,45,Mumbai,MH,West
CUST00189,Customer_189,Male,63,Kolkata,WB,East
CUST00190,Customer_190,Female,27,Bengaluru,KA,South
CUST00191,Customer_191,Male,53,Bengaluru,KA,South
CUST00192,Customer_192,Male,50,Hyderabad,TG,South
CUST00193,Customer_193,Male,35,Delhi,DL,North
CUST00194,Customer_194,Female,34,Bengaluru,KA,South
CUST00195,Customer_195,Male,62,Bengaluru,KA,South
CUST00196,Customer_196,Male,46,Hyderabad,TG,South
CUST00197,Customer_197,Female,47,Delhi,DL,North
CUST00198,Customer_198,Male,36,Bengaluru,KA,South
CUST00199,Customer_199,Male,54,Kolkata,WB,East
CUST00200,Customer_200,Male,48,Bengaluru,KA,South
CUST00201,Customer_201,Male,58,Kolkata,WB,East
CUST00202,Customer_202,Female,45,Hyderabad,TG,South
CUST00203,Customer_203,Female,24,Kolkata,WB,East
CUST00204,Customer_204,Male,36,Bengaluru,KA,South
CUST00205,Customer_205,Female,38,Delhi,DL,North
CUST00206,Customer_206,Female,23,Bengaluru,KA,South
CUST00207,Customer_207,Female,48,Hyderabad,TG,South
CUST00208,Customer_208,Male,61,Mumbai,MH,West
CUST00209,Customer_209,Female,42,Mumbai,MH,West
CUST00210,Customer_210,Female,55,Hyderabad,TG,South
CUST00211,Customer_211,Male,45,Hyderabad,TG,South
CUST00212,Customer_212,Male,23,Kolkata,WB,East
CUST00213,Customer_213,Female,64,Kolkata,WB,East
CUST00214,Customer_214,Male,50,Bengaluru,KA,South
CUST00215,Customer_215,Female,63,Kolkata,WB,East
CUST00216,Customer_216,Female,51,Mumbai,MH,West
CUST00217,Customer_217,Male,55,Hyderabad,TG,South
CUST00218,Customer_218,Male,41,Hyderabad,TG,South
CUST00219,Customer_219,Female,27,Delhi,DL,North
CUST00220,Customer_220,Female,37,Bengaluru,KA,South
CUST00221,Customer_221,Male,49,Hyderabad,TG,South
CUST00222,Customer_222,Male,52,Delhi,DL,North
CUST00223,Customer_223,Female,23,Bengaluru,KA,South
CUST00224,Customer_224,Female,43,Kolkata,WB,East
CUST00225,Customer_225,Female,34,Bengaluru,KA,South
CUST00226,Customer_226,Male,29,Mumbai,MH,West
CUST00227,Customer_227,Male,21,Bengaluru,KA,South
CUST00228,Customer_228,Male,27,Delhi,DL,North
CUST00229,Customer_229,Female,55,Hyderabad,TG,South
CUST00230,Customer_230,Male,32,Mumbai,MH,West
CUST00231,Customer_231,Female,31,Mumbai,MH,West
CUST00232,Customer_232,Female,53,Kolkata,WB,East
CUST00233,Customer_233,Female,63,Delhi,DL,North
CUST00234,Customer_234,Female,42,Hyderabad,TG,South
CUST00235,Customer_235,Female,62,Kolkata,WB,East
CUST00236,Customer_236,Female,44,Kolkata,WB,East
CUST00237,Customer_237,Female,27,Mumbai,MH,West
CUST00238,Customer_238,Female,54,Kolkata,WB,East
CUST00239,Customer_239,Male,62,Kolkata,WB,East
CUST00240,Customer_240,Male,26,Hyderabad,TG,South
CUST00241,Customer_241,Female,58,Delhi,DL,North
CUST00242,Customer_242,Female,39,Mumbai,MH,West
CUST00243,Customer_243,Male,52,Kolkata,WB,East
CUST00244,Customer_244,Male,21,Hyderabad,TG,South
CUST00245,Customer_245,Male,53,Bengaluru,KA,South
CUST00246,Customer_246,Female,54,Kolkata,WB,East
CUST00247,Customer_247,Female,35,Mumbai,MH,West
CUST00248,Customer_248,Female,33,Hyderabad,TG,South
CUST00249,Customer_249,Male,21,Hyderabad,TG,South
CUST00250,Customer_250,Female,26,Bengaluru,KA,South
CUST00251,Customer_251,Male,32,Mumbai,MH,West
CUST00252,Customer_252,Female,29,Hyderabad,TG,South
CUST00253,Customer_253,Male,48,Delhi,DL,North
CUST00254,Customer_254,Female,37,Hyderabad,TG,South
CUST00255,Customer_255,Male,26,Hyderabad,TG,South
CUST00256,Customer_256,Male,43,Mumbai,MH,West
CUST00257,Customer_257,Female,62,Hyderabad,TG,South
CUST00258,Customer_258,Male,64,Bengaluru,KA,South
CUST00259,Customer_259,Female,63,Mumbai,MH,West
CUST00260,Customer_260,Male,64,Delhi,DL,North
CUST00261,Customer_261,Female,46,Mumbai,MH,West
CUST00262,Customer_262,Female,56,Delhi,DL,North
CUST00263,Customer_263,Male,54,Delhi,DL,North
CUST00264,Customer_264,Female,48,Mumbai,MH,West
CUST00265,Customer_265,Male,23,Bengaluru,KA,South
CUST00266,Customer_266,Male,47,Hyderabad,TG,South
CUST00267,Customer_267,Female,30,Hyderabad,TG,South
CUST00268,Customer_268,Male,56,Mumbai,MH,West
CUST00269,Customer_269,Female,52,Kolkata,WB,East
CUST00270,Customer_270,Female,42,Kolkata,WB,East
CUST00271,Customer_271,Male,33,Kolkata,WB,East
CUST00272,Customer_272,Male,46,Bengaluru,KA,South
CUST00273,Customer_273,Female,33,Delhi,DL,North
CUST00274,Customer_274,Female,51,Hyderabad,TG,South
CUST00275,Customer_275,Female,43,Delhi,DL,North
CUST00276,Customer_276,Female,33,Delhi,DL,North
CUST00277,Customer_277,Female,51,Bengaluru,KA,South
CUST00278,Customer_278,Male,26,Mumbai,MH,West
CUST00279,Customer_279,Female,54,Kolkata,WB,East
CUST00280,Customer_280,Female,43,Hyderabad,TG,South
CUST00281,Customer_281,Female,59,Bengaluru,KA,South
CUST00282,Customer_282,Female,62,Mumbai,MH,West
CUST00283,Customer_283,Female,28,Kolkata,WB,East
CUST00284,Customer_284,Female,41,Delhi,DL,North
CUST00285,Customer_285,Female,55,Hyderabad,TG,South
CUST00286,Customer_286,Male,47,Hyderabad,TG,South
CUST00287,Customer_287,Female,62,Delhi,DL,North
CUST00288,Customer_288,Female,54,Mumbai,MH,West
CUST00289,Customer_289,Female,28,Bengaluru,KA,South
CUST00290,Customer_290,Female,53,Delhi,DL,North
CUST00291,Customer_291,Female,36,Kolkata,WB,East
CUST00292,Customer_292,Male,40,Bengaluru,KA,South
CUST00293,Customer_293,Female,29,Hyderabad,TG,South
CUST00294,Customer_294,Male,29,Delhi,DL,North
CUST00295,Customer_295,Female,55,Mumbai,MH,West
CUST00296,Customer_296,Male,63,Kolkata,WB,East
CUST00297,Customer_297,Male,54,Hyderabad,TG,South
CUST00298,Customer_298,Male,24,Kolkata,WB,East
CUST00299,Customer_299,Female,53,Mumbai,MH,West
CUST00300,Customer_300,Female,63,Mumbai,MH,West
CUST00301,Customer_301,Female,23,Mumbai,MH,West
CUST00302,Customer_302,Male,30,Kolkata,WB,East
CUST00303,Customer_303,Male,24,Delhi,DL,North
CUST00304,Customer_304,Male,62,Hyderabad,TG,South
CUST00305,Customer_305,Male,55,Mumbai,MH,West
CUST00306,Customer_306,Female,41,Hyderabad,TG,South
CUST00307,Customer_307,Male,59,Mumbai,MH,West
CUST00308,Customer_308,Male,34,Mumbai,MH,West
CUST00309,Customer_309,Male,52,Delhi,DL,North
CUST00310,Customer_310,Male,63,Delhi,DL,North
CUST00311,Customer_311,Female,50,Mumbai,MH,West
CUST00312,Customer_312,Female,37,Bengaluru,KA,South
CUST00313,Customer_313,Female,50,Hyderabad,TG,South
CUST00314,Customer_314,Male,22,Kolkata,WB,East
CUST00315,Customer_315,Male,39,Hyderabad,TG,South
CUST00316,Customer_316,Female,23,Bengaluru,KA,South
CUST00317,Customer_317,Female,65,Bengaluru,KA,South
CUST00318,Customer_318,Female,37,Bengaluru,KA,South
CUST00319,Customer_319,Female,43,Bengaluru,KA,South
CUST00320,Customer_320,Female,26,Mumbai,MH,West
CUST00321,Customer_321,Male,55,Kolkata,WB,East
CUST00322,Customer_322,Male,65,Mumbai,MH,West
CUST00323,Customer_323,Male,45,Mumbai,MH,West
CUST00324,Customer_324,Male,56,Delhi,DL,North
CUST00325,Customer_325,Female,37,Mumbai,MH,West
CUST00326,Customer_326,Male,44,Delhi,DL,North
CUST00327,Customer_327,Male,38,Bengaluru,KA,South
CUST00328,Customer_328,Female,51,Bengaluru,KA,South
CUST00329,Customer_329,Female,46,Bengaluru,KA,South
CUST00330,Customer_330,Female,28,Mumbai,MH,West
CUST00331,Customer_331,Male,57,Delhi,DL,North
CUST00332,Customer_332,Female,29,Hyderabad,TG,South
CUST00333,Customer_333,Male,25,Bengaluru,KA,South
CUST00334,Customer_334,Male,35,Bengaluru,KA,South
CUST00335,Customer_335,Male,40,Hyderabad,TG,South
CUST00336,Customer_336,Male,32,Bengaluru,KA,South
CUST00337,Customer_337,Male,48,Bengaluru,KA,South
CUST00338,Customer_338,Male,30,Bengaluru,KA,South
CUST00339,Customer_339,Female,29,Delhi,DL,North
CUST00340,Customer_340,Female,61,Bengaluru,KA,South
CUST00341,Customer_341,Male,55,Kolkata,WB,East
CUST00342,Customer_342,Male,24,Delhi,DL,North
CUST00343,Customer_343,Female,42,Delhi,DL,North
CUST00344,Customer_344,Female,48,Hyderabad,TG,South
CUST00345,Customer_345,Female,30,Mumbai,MH,West
CUST00346,Customer_346,Male,39,Kolkata,WB,East
CUST00347,Customer_347,Male,41,Mumbai,MH,West
CUST00348,Customer_348,Female,49,Bengaluru,KA,South
CUST00349,Customer_349,Female,61,Bengaluru,KA,South
CUST00350,Customer_350,Female,55,Delhi,DL,North
CUST00351,Customer_351,Male,40,Mumbai,MH,West
CUST00352,Customer_352,Male,22,Mumbai,MH,West
CUST00353,Customer_353,Male,53,Bengaluru,KA,South
CUST00354,Customer_354,Male,42,Mumbai,MH,West
CUST00355,Customer_355,Male,21,Delhi,DL,North
CUST00356,Customer_356,Female,44,Bengaluru,KA,South
CUST00357,Customer_357,Male,51,Bengaluru,KA,South
CUST00358,Customer_358,Female,45,Mumbai,MH,West
CUST00359,Customer_359,Male,52,Delhi,DL,North
CUST00360,Customer_360,Female,48,Hyderabad,TG,South
CUST00361,Customer_361,Male,30,Hyderabad,TG,South
CUST00362,Customer_362,Male,28,Hyderabad,TG,South
CUST00363,Customer_363,Male,35,Bengaluru,KA,South
CUST00364,Customer_364,Female,41,Kolkata,WB,East
CUST00365,Customer_365,Female,25,Delhi,DL,North
CUST00366,Customer_366,Female,27,Hyderabad,TG,South
CUST00367,Customer_367,Male,65,Delhi,DL,North
CUST00368,Customer_368,Female,43,Mumbai,MH,West
CUST00369,Customer_369,Male,26,Delhi,DL,North
CUST00370,Customer_370,Male,26,Mumbai,MH,West
CUST00371,Customer_371,Male,41,Kolkata,WB,East
CUST00372,Customer_372,Female,28,Hyderabad,TG,South
CUST00373,Customer_373,Female,21,Delhi,DL,North
CUST00374,Customer_374,Male,28,Delhi,DL,North
CUST00375,Customer_375,Female,38,Delhi,DL,North
CUST00376,Customer_376,Female,41,Hyderabad,TG,South
CUST00377,Customer_377,Male,27,Bengaluru,KA,South
CUST00378,Customer_378,Male,34,Hyderabad,TG,South
CUST00379,Customer_379,Male,49,Mumbai,MH,West
CUST00380,Customer_380,Female,50,Bengaluru,KA,South
CUST00381,Customer_381,Female,30,Hyderabad,TG,South
CUST00382,Customer_382,Male,30,Mumbai,MH,West
CUST00383,Customer_383,Female,53,Bengaluru,KA,South
CUST00384,Customer_384,Male,31,Bengaluru,KA,South
CUST00385,Customer_385,Male,28,Mumbai,MH,West
CUST00386,Customer_386,Male,21,Hyderabad,TG,South
CUST00387,Customer_387,Female,22,Mumbai,MH,West
CUST00388,Customer_388,Female,64,Kolkata,WB,East
CUST00389,Customer_389,Male,60,Kolkata,WB,East
CUST00390,Customer_390,Male,26,Kolkata,WB,East
CUST00391,Customer_391,Female,39,Hyderabad,TG,South
CUST00392,Customer_392,Male,23,Mumbai,MH,West
CUST00393,Customer_393,Male,59,Mumbai,MH,West
CUST00394,Customer_394,Female,59,Mumbai,MH,West
CUST00395,Customer_395,Female,61,Kolkata,WB,East
CUST00396,Customer_396,Female,24,Delhi,DL,North
CUST00397,Customer_397,Female,61,Mumbai,MH,West
CUST00398,Customer_398,Female,52,Mumbai,MH,West
CUST00399,Customer_399,Female,38,Hyderabad,TG,South
CUST00400,Customer_400,Female,30,Delhi,DL,North
CUST00401,Customer_401,Male,34,Delhi,DL,North
CUST00402,Customer_402,Male,26,Kolkata,WB,East
CUST00403,Customer_403,Male,46,Kolkata,WB,East
CUST00404,Customer_404,Male,56,Delhi,DL,North
CUST00405,Customer_405,Female,38,Hyderabad,TG,South
CUST00406,Customer_406,Female,38,Hyderabad,TG,South
CUST00407,Customer_407,Male,43,Hyderabad,TG,South
CUST00408,Customer_408,Male,58,Hyderabad,TG,South
CUST00409,Customer_409,Male,58,Bengaluru,KA,South
CUST00410,Customer_410,Female,26,Delhi,DL,North
CUST00411,Customer_411,Male,39,Mumbai,MH,West
CUST00412,Customer_412,Female,52,Kolkata,WB,East
CUST00413,Customer_413,Female,57,Hyderabad,TG,South
CUST00414,Customer_414,Female,62,Bengaluru,KA,South
CUST00415,Customer_415,Male,37,Hyderabad,TG,South
CUST00416,Customer_416,Female,57,Bengaluru,KA,South
CUST00417,Customer_417,Male,48,Hyderabad,TG,South
CUST00418,Customer_418,Male,30,Mumbai,MH,West
CUST00419,Customer_419,Female,30,Hyderabad,TG,South
CUST00420,Customer_420,Male,55,Delhi,DL,North
CUST00421,Customer_421,Male,32,Hyderabad,TG,South
CUST00422,Customer_422,Male,27,Delhi,DL,North
CUST00423,Customer_423,Female,49,Kolkata,WB,East
CUST00424,Customer_424,Male,63,Hyderabad,TG,South
CUST00425,Customer_425,Male,58,Delhi,DL,North
CUST00426,Customer_426,Male,23,Mumbai,MH,West
CUST00427,Customer_427,Male,56,Mumbai,MH,West
CUST00428,Customer_428,Male,35,Delhi,DL,North
CUST00429,Customer_429,Male,47,Kolkata,WB,East
CUST00430,Customer_430,Female,41,Hyderabad,TG,South
CUST00431,Customer_431,Male,56,Mumbai,MH,West
CUST00432,Customer_432,Female,21,Delhi,DL,North
CUST00433,Customer_433,Female,24,Hyderabad,TG,South
CUST00434,Customer_434,Male,29,Hyderabad,TG,South
CUST00435,Customer_435,Female,65,Mumbai,MH,West
CUST00436,Customer_436,Male,58,Bengaluru,KA,South
CUST00437,Customer_437,Male,55,Kolkata,WB,East
CUST00438,Customer_438,Male,56,Hyderabad,TG,South
CUST00439,Customer_439,Female,33,Hyderabad,TG,South
CUST00440,Customer_440,Female,46,Delhi,DL,North
CUST00441,Customer_441,Female,50,Hyderabad,TG,South
CUST00442,Customer_442,Male,52,Hyderabad,TG,South
CUST00443,Customer_443,Male,34,Kolkata,WB,East
CUST00444,Customer_444,Female,40,Bengaluru,KA,South
CUST00445,Customer_445,Female,38,Kolkata,WB,East
CUST00446,Customer_446,Female,51,Kolkata,WB,East
CUST00447,Customer_447,Male,30,Hyderabad,TG,South
CUST00448,Customer_448,Female,59,Bengaluru,KA,South
CUST00449,Customer_449,Female,58,Hyderabad,TG,South
CUST00450,Customer_450,Male,25,Bengaluru,KA,South
CUST00451,Customer_451,Female,56,Kolkata,WB,East
CUST00452,Customer_452,Female,25,Bengaluru,KA,South
CUST00453,Customer_453,Male,56,Hyderabad,TG,South
CUST00454,Customer_454,Female,63,Kolkata,WB,East
CUST00455,Customer_455,Female,28,Hyderabad,TG,South
CUST00456,Customer_456,Female,48,Delhi,DL,North
CUST00457,Customer_457,Male,64,Mumbai,MH,West
CUST00458,Customer_458,Male,29,Bengaluru,KA,South
CUST00459,Customer_459,Female,40,Bengaluru,KA,South
CUST00460,Customer_460,Male,35,Delhi,DL,North
CUST00461,Customer_461,Male,61,Delhi,DL,North
CUST00462,Customer_462,Male,30,Delhi,DL,North
CUST00463,Customer_463,Male,23,Bengaluru,KA,South
CUST00464,Customer_464,Female,23,Bengaluru,KA,South
CUST00465,Customer_465,Female,36,Mumbai,MH,West
CUST00466,Customer_466,Female,65,Kolkata,WB,East
CUST00467,Customer_467,Male,51,Kolkata,WB,East
CUST00468,Customer_468,Male,40,Kolkata,WB,East
CUST00469,Customer_469,Male,62,Bengaluru,KA,South
CUST00470,Customer_470,Male,37,Kolkata,WB,East
CUST00471,Customer_471,Female,49,Delhi,DL,North
CUST00472,Customer_472,Female,37,Delhi,DL,North
CUST00473,Customer_473,Female,63,Mumbai,MH,West
CUST00474,Customer_474,Male,39,Delhi,DL,North
CUST00475,Customer_475,Female,51,Mumbai,MH,West
CUST00476,Customer_476,Male,30,Bengaluru,KA,South
CUST00477,Customer_477,Female,49,Mumbai,MH,West
CUST00478,Customer_478,Male,50,Kolkata,WB,East
CUST00479,Customer_479,Female,38,Bengaluru,KA,South
CUST00480,Customer_480,Male,28,Hyderabad,TG,South
CUST00481,Customer_481,Male,50,Delhi,DL,North
CUST00482,Customer_482,Male,49,Hyderabad,TG,South
CUST00483,Customer_483,Male,35,Hyderabad,TG,South
CUST00484,Customer_484,Male,49,Bengaluru,KA,South
CUST00485,Customer_485,Female,55,Delhi,DL,North
CUST00486,Customer_486,Male,25,Delhi,DL,North
CUST00487,Customer_487,Male,42,Mumbai,MH,West
CUST00488,Customer_488,Female,31,Delhi,DL,North
CUST00489,Customer_489,Male,31,Mumbai,MH,West
CUST00490,Customer_490,Female,42,Bengaluru,KA,South
CUST00491,Customer_491,Male,33,Bengaluru,KA,South
CUST00492,Customer_492,Female,42,Bengaluru,KA,South
CUST00493,Customer_493,Female,53,Delhi,DL,North
CUST00494,Customer_494,Male,38,Mumbai,MH,West
CUST00495,Customer_495,Female,52,Delhi,DL,North
CUST00496,Customer_496,Male,37,Mumbai,MH,West
CUST00497,Customer_497,Female,57,Bengaluru,KA,South
CUST00498,Customer_498,Female,33,Hyderabad,TG,South
CUST00499,Customer_499,Female,54,Hyderabad,TG,South
CUST00500,Customer_500,Female,49,Hyderabad,TG,South
CUST00501,Customer_501,Female,51,Mumbai,MH,West
CUST00502,Customer_502,Female,61,Hyderabad,TG,South
CUST00503,Customer_503,Male,50,Kolkata,WB,East
CUST00504,Customer_504,Female,40,Hyderabad,TG,South
CUST00505,Customer_505,Female,25,Kolkata,WB,East
CUST00506,Customer_506,Female,25,Delhi,DL,North
CUST00507,Customer_507,Male,41,Kolkata,WB,East
CUST00508,Customer_508,Male,52,Delhi,DL,North
CUST00509,Customer_509,Male,64,Bengaluru,KA,South
CUST00510,Customer_510,Male,35,Mumbai,MH,West
CUST00511,Customer_511,Female,48,Mumbai,MH,West
CUST00512,Customer_512,Female,55,Delhi,DL,North
CUST00513,Customer_513,Female,44,Kolkata,WB,East
CUST00514,Customer_514,Male,50,Bengaluru,KA,South
CUST00515,Customer_515,Male,35,Mumbai,MH,West
CUST00516,Customer_516,Male,34,Bengaluru,KA,South
CUST00517,Customer_517,Female,54,Mumbai,MH,West
CUST00518,Customer_518,Female,32,Bengaluru,KA,South
CUST00519,Customer_519,Female,35,Bengaluru,KA,South
CUST00520,Customer_520,Male,24,Bengaluru,KA,South
CUST00521,Customer_521,Male,33,Bengaluru,KA,South
CUST00522,Customer_522,Male,63,Delhi,DL,North
CUST00523,Customer_523,Male,59,Kolkata,WB,East
CUST00524,Customer_524,Female,41,Hyderabad,TG,South
CUST00525,Customer_525,Female,41,Hyderabad,TG,South
CUST00526,Customer_526,Female,31,Kolkata,WB,East
CUST00527,Customer_527,Male,26,Delhi,DL,North
CUST00528,Customer_528,Female,59,Bengaluru,KA,South
CUST00529,Customer_529,Male,53,Delhi,DL,North
CUST00530,Customer_530,Female,28,Mumbai,MH,West
CUST00531,Customer_531,Male,40,Kolkata,WB,East
CUST00532,Customer_532,Female,61,Delhi,DL,North
CUST00533,Customer_533,Female,56,Kolkata,WB,East
CUST00534,Customer_534,Female,46,Hyderabad,TG,South
CUST00535,Customer_535,Female,34,Mumbai,MH,West
CUST00536,Customer_536,Female,29,Delhi,DL,North
CUST00537,Customer_537,Male,62,Delhi,DL,North
CUST00538,Customer_538,Male,43,Delhi,DL,North
CUST00539,Customer_539,Female,59,Kolkata,WB,East
CUST00540,Customer_540,Male,65,Delhi,DL,North
CUST00541,Customer_541,Male,23,Bengaluru,KA,South
CUST00542,Customer_542,Male,43,Delhi,DL,North
CUST00543,Customer_543,Male,51,Kolkata,WB,East
CUST00544,Customer_544,Female,50,Delhi,DL,North
CUST00545,Customer_545,Male,22,Mumbai,MH,West
CUST00546,Customer_546,Female,23,Hyderabad,TG,South
CUST00547,Customer_547,Female,30,Mumbai,MH,West
CUST00548,Customer_548,Female,60,Mumbai,MH,West
CUST00549,Customer_549,Male,64,Bengaluru,KA,South
CUST00550,Customer_550,Female,21,Delhi,DL,North
CUST00551,Customer_551,Female,45,Delhi,DL,North
CUST00552,Customer_552,Female,24,Hyderabad,TG,South
CUST00553,Customer_553,Male,36,Mumbai,MH,West
CUST00554,Customer_554,Male,44,Kolkata,WB,East
CUST00555,Customer_555,Female,51,Hyderabad,TG,South
CUST00556,Customer_556,Male,51,Bengaluru,KA,South
CUST00557,Customer_557,Female,52,Bengaluru,KA,South
CUST00558,Customer_558,Female,32,Hyderabad,TG,South
CUST00559,Customer_559,Female,31,Hyderabad,TG,South
CUST00560,Customer_560,Male,38,Hyderabad,TG,South
CUST00561,Customer_561,Male,32,Kolkata,WB,East
CUST00562,Customer_562,Male,48,Kolkata,WB,East
CUST00563,Customer_563,Male,57,Hyderabad,TG,South
CUST00564,Customer_564,Male,28,Delhi,DL,North
CUST00565,Customer_565,Male,65,Bengaluru,KA,South
CUST00566,Customer_566,Female,40,Mumbai,MH,West
CUST00567,Customer_567,Female,22,Delhi,DL,North
CUST00568,Customer_568,Female,62,Mumbai,MH,West
CUST00569,Customer_569,Male,44,Bengaluru,KA,South
CUST00570,Customer_570,Female,23,Mumbai,MH,West
CUST00571,Customer_571,Female,47,Mumbai,MH,West
CUST00572,Customer_572,Female,58,Mumbai,MH,West
CUST00573,Customer_573,Female,51,Delhi,DL,North
CUST00574,Customer_574,Male,41,Delhi,DL,North
CUST00575,Customer_575,Male,52,Delhi,DL,North
CUST00576,Customer_576,Male,55,Bengaluru,KA,South
CUST00577,Customer_577,Male,36,Delhi,DL,North
CUST00578,Customer_578,Male,52,Delhi,DL,North
CUST00579,Customer_579,Male,33,Bengaluru,KA,South
CUST00580,Customer_580,Male,54,Bengaluru,KA,South
CUST00581,Customer_581,Female,23,Mumbai,MH,West
CUST00582,Customer_582,Male,23,Hyderabad,TG,South
CUST00583,Customer_583,Male,39,Bengaluru,KA,South
CUST00584,Customer_584,Male,58,Hyderabad,TG,South
CUST00585,Customer_585,Male,32,Mumbai,MH,West
CUST00586,Customer_586,Female,46,Bengaluru,KA,South
CUST00587,Customer_587,Female,32,Mumbai,MH,West
CUST00588,Customer_588,Female,62,Hyderabad,TG,South
CUST00589,Customer_589,Male,40,Mumbai,MH,West
CUST00590,Customer_590,Female,34,Hyderabad,TG,South
CUST00591,Customer_591,Male,59,Hyderabad,TG,South
CUST00592,Customer_592,Male,51,Bengaluru,KA,South
CUST00593,Customer_593,Male,23,Delhi,DL,North
CUST00594,Customer_594,Female,29,Delhi,DL,North
CUST00595,Customer_595,Male,32,Mumbai,MH,West
CUST00596,Customer_596,Male,43,Delhi,DL,North
CUST00597,Customer_597,Male,23,Hyderabad,TG,South
CUST00598,Customer_598,Male,35,Kolkata,WB,East
CUST00599,Customer_599,Male,21,Kolkata,WB,East
CUST00600,Customer_600,Male,35,Delhi,DL,North
CUST00601,Customer_601,Male,62,Delhi,DL,North
CUST00602,Customer_602,Female,39,Bengaluru,KA,South
CUST00603,Customer_603,Female,51,Delhi,DL,North
CUST00604,Customer_604,Female,37,Bengaluru,KA,South
CUST00605,Customer_605,Male,63,Delhi,DL,North
CUST00606,Customer_606,Female,45,Delhi,DL,North
CUST00607,Customer_607,Male,52,Kolkata,WB,East
CUST00608,Customer_608,Female,31,Delhi,DL,North
CUST00609,Customer_609,Female,40,Mumbai,MH,West
CUST00610,Customer_610,Female,64,Delhi,DL,North
CUST00611,Customer_611,Female,50,Hyderabad,TG,South
CUST00612,Customer_612,Male,58,Mumbai,MH,West
CUST00613,Customer_613,Male,28,Kolkata,WB,East
CUST00614,Customer_614,Male,59,Bengaluru,KA,South
CUST00615,Customer_615,Male,64,Delhi,DL,North
CUST00616,Customer_616,Female,44,Kolkata,WB,East
CUST00617,Customer_617,Female,23,Delhi,DL,North
CUST00618,Customer_618,Female,61,Bengaluru,KA,South
CUST00619,Customer_619,Female,62,Hyderabad,TG,South
CUST00620,Customer_620,Female,54,Mumbai,MH,West
CUST00621,Customer_621,Male,53,Hyderabad,TG,South
CUST00622,Customer_622,Female,22,Delhi,DL,North
CUST00623,Customer_623,Male,47,Delhi,DL,North
CUST00624,Customer_624,Female,47,Kolkata,WB,East
CUST00625,Customer_625,Female,65,Hyderabad,TG,South
CUST00626,Customer_626,Female,46,Mumbai,MH,West
CUST00627,Customer_627,Male,49,Bengaluru,KA,South
CUST00628,Customer_628,Female,46,Hyderabad,TG,South
CUST00629,Customer_629,Male,38,Hyderabad,TG,South
CUST00630,Customer_630,Male,52,Delhi,DL,North
CUST00631,Customer_631,Male,48,Hyderabad,TG,South
CUST00632,Customer_632,Male,51,Hyderabad,TG,South
CUST00633,Customer_633,Female,33,Bengaluru,KA,South
CUST00634,Customer_634,Male,43,Delhi,DL,North
CUST00635,Customer_635,Female,35,Bengaluru,KA,South
CUST00636,Customer_636,Male,57,Mumbai,MH,West
CUST00637,Customer_637,Female,31,Delhi,DL,North
CUST00638,Customer_638,Female,34,Hyderabad,TG,South
CUST00639,Customer_639,Female,59,Kolkata,WB,East
CUST00640,Customer_640,Male,49,Mumbai,MH,West
CUST00641,Customer_641,Female,46,Kolkata,WB,East
CUST00642,Customer_642,Female,53,Kolkata,WB,East
CUST00643,Customer_643,Female,41,Delhi,DL,North
CUST00644,Customer_644,Male,42,Hyderabad,TG,South
CUST00645,Customer_645,Female,49,Delhi,DL,North
CUST00646,Customer_646,Male,60,Kolkata,WB,East
CUST00647,Customer_647,Female,35,Mumbai,MH,West
CUST00648,Customer_648,Female,59,Hyderabad,TG,South
CUST00649,Customer_649,Female,30,Kolkata,WB,East
CUST00650,Customer_650,Female,25,Mumbai,MH,West
CUST00651,Customer_651,Male,60,Delhi,DL,North
CUST00652,Customer_652,Male,28,Delhi,DL,North
CUST00653,Customer_653,Male,53,Bengaluru,KA,South
CUST00654,Customer_654,Male,52,Kolkata,WB,East
CUST00655,Customer_655,Male,35,Delhi,DL,North
CUST00656,Customer_656,Female,62,Kolkata,WB,East
CUST00657,Customer_657,Female,52,Delhi,DL,North
CUST00658,Customer_658,Male,25,Hyderabad,TG,South
CUST00659,Customer_659,Female,45,Bengaluru,KA,South
CUST00660,Customer_660,Male,62,Hyderabad,TG,South
CUST00661,Customer_661,Male,25,Hyderabad,TG,South
CUST00662,Customer_662,Female,47,Delhi,DL,North
CUST00663,Customer_663,Female,45,Mumbai,MH,West
CUST00664,Customer_664,Male,56,Hyderabad,TG,South
CUST00665,Customer_665,Female,64,Kolkata,WB,East
CUST00666,Customer_666,Female,34,Bengaluru,KA,South
CUST00667,Customer_667,Female,47,Hyderabad,TG,South
CUST00668,Customer_668,Male,27,Mumbai,MH,West
CUST00669,Customer_669,Male,53,Delhi,DL,North
CUST00670,Customer_670,Female,22,Hyderabad,TG,South
CUST00671,Customer_671,Female,28,Mumbai,MH,West
CUST00672,Customer_672,Female,61,Bengaluru,KA,South
CUST00673,Customer_673,Male,54,Bengaluru,KA,South
CUST00674,Customer_674,Female,39,Delhi,DL,North
CUST00675,Customer_675,Male,63,Mumbai,MH,West
CUST00676,Customer_676,Male,36,Hyderabad,TG,South
CUST00677,Customer_677,Male,32,Bengaluru,KA,South
CUST00678,Customer_678,Male,57,Bengaluru,KA,South
CUST00679,Customer_679,Female,49,Kolkata,WB,East
CUST00680,Customer_680,Male,60,Mumbai,MH,West
CUST00681,Customer_681,Male,45,Kolkata,WB,East
CUST00682,Customer_682,Female,58,Kolkata,WB,East
CUST00683,Customer_683,Female,46,Hyderabad,TG,South
CUST00684,Customer_684,Male,40,Bengaluru,KA,South
CUST00685,Customer_685,Female,54,Mumbai,MH,West
CUST00686,Customer_686,Female,29,Mumbai,MH,West
CUST00687,Customer_687,Male,37,Delhi,DL,North
CUST00688,Customer_688,Male,52,Mumbai,MH,West
CUST00689,Customer_689,Female,35,Bengaluru,KA,South
CUST00690,Customer_690,Female,52,Mumbai,MH,West
CUST00691,Customer_691,Male,40,Kolkata,WB,East
CUST00692,Customer_692,Male,53,Kolkata,WB,East
CUST00693,Customer_693,Male,23,Delhi,DL,North
CUST00694,Customer_694,Female,24,Mumbai,MH,West
CUST00695,Customer_695,Female,52,Mumbai,MH,West
CUST00696,Customer_696,Male,38,Mumbai,MH,West
CUST00697,Customer_697,Female,32,Mumbai,MH,West
CUST00698,Customer_698,Male,54,Bengaluru,KA,South
CUST00699,Customer_699,Male,24,Hyderabad,TG,South
CUST00700,Customer_700,Female,46,Hyderabad,TG,South
CUST00701,Customer_701,Female,22,Mumbai,MH,West
CUST00702,Customer_702,Male,28,Delhi,DL,North
CUST00703,Customer_703,Female,61,Delhi,DL,North
CUST00704,Customer_704,Male,23,Hyderabad,TG,South
CUST00705,Customer_705,Male,50,Hyderabad,TG,South
CUST00706,Customer_706,Female,65,Mumbai,MH,West
CUST00707,Customer_707,Male,43,Hyderabad,TG,South
CUST00708,Customer_708,Female,45,Kolkata,WB,East
CUST00709,Customer_709,Male,59,Hyderabad,TG,South
CUST00710,Customer_710,Female,62,Bengaluru,KA,South
CUST00711,Customer_711,Female,48,Delhi,DL,North
CUST00712,Customer_712,Male,35,Mumbai,MH,West
CUST00713,Customer_713,Male,53,Kolkata,WB,East
CUST00714,Customer_714,Male,52,Delhi,DL,North
CUST00715,Customer_715,Female,32,Bengaluru,KA,South
CUST00716,Customer_716,Female,65,Kolkata,WB,East
CUST00717,Customer_717,Male,42,Bengaluru,KA,South
CUST00718,Customer_718,Female,58,Kolkata,WB,East
CUST00719,Customer_719,Male,21,Bengaluru,KA,South
CUST00720,Customer_720,Male,30,Kolkata,WB,East
CUST00721,Customer_721,Female,56,Kolkata,WB,East
CUST00722,Customer_722,Male,22,Kolkata,WB,East
CUST00723,Customer_723,Female,59,Mumbai,MH,West
CUST00724,Customer_724,Female,65,Kolkata,WB,East
CUST00725,Customer_725,Female,56,Kolkata,WB,East
CUST00726,Customer_726,Male,51,Kolkata,WB,East
CUST00727,Customer_727,Male,33,Delhi,DL,North
CUST00728,Customer_728,Male,45,Bengaluru,KA,South
CUST00729,Customer_729,Male,49,Bengaluru,KA,South
CUST00730,Customer_730,Male,36,Bengaluru,KA,South
CUST00731,Customer_731,Male,55,Kolkata,WB,East
CUST00732,Customer_732,Male,45,Kolkata,WB,East
CUST00733,Customer_733,Male,56,Mumbai,MH,West
CUST00734,Customer_734,Male,47,Hyderabad,TG,South
CUST00735,Customer_735,Female,62,Hyderabad,TG,South
CUST00736,Customer_736,Female,34,Hyderabad,TG,South
CUST00737,Customer_737,Male,55,Bengaluru,KA,South
CUST00738,Customer_738,Male,27,Bengaluru,KA,South
CUST00739,Customer_739,Female,40,Mumbai,MH,West
CUST00740,Customer_740,Male,48,Bengaluru,KA,South
CUST00741,Customer_741,Female,55,Hyderabad,TG,South
CUST00742,Customer_742,Female,26,Kolkata,WB,East
CUST00743,Customer_743,Female,40,Hyderabad,TG,South
CUST00744,Customer_744,Male,53,Delhi,DL,North
CUST00745,Customer_745,Female,37,Bengaluru,KA,South
CUST00746,Customer_746,Male,53,Hyderabad,TG,South
CUST00747,Customer_747,Male,35,Mumbai,MH,West
CUST00748,Customer_748,Female,65,Hyderabad,TG,South
CUST00749,Customer_749,Female,57,Kolkata,WB,East
CUST00750,Customer_750,Male,65,Kolkata,WB,East
CUST00751,Customer_751,Male,35,Kolkata,WB,East
CUST00752,Customer_752,Male,26,Mumbai,MH,West
CUST00753,Customer_753,Female,28,Kolkata,WB,East
CUST00754,Customer_754,Female,26,Bengaluru,KA,South
CUST00755,Customer_755,Male,60,Hyderabad,TG,South
CUST00756,Customer_756,Male,46,Delhi,DL,North
CUST00757,Customer_757,Male,35,Mumbai,MH,West
CUST00758,Customer_758,Female,59,Bengaluru,KA,South
CUST00759,Customer_759,Male,23,Delhi,DL,North
CUST00760,Customer_760,Female,61,Delhi,DL,North
CUST00761,Customer_761,Male,51,Bengaluru,KA,South
CUST00762,Customer_762,Female,40,Kolkata,WB,East
CUST00763,Customer_763,Female,36,Delhi,DL,North
CUST00764,Customer_764,Male,43,Kolkata,WB,East
CUST00765,Customer_765,Male,57,Bengaluru,KA,South
CUST00766,Customer_766,Female,26,Kolkata,WB,East
CUST00767,Customer_767,Male,28,Delhi,DL,North
CUST00768,Customer_768,Female,21,Hyderabad,TG,South
CUST00769,Customer_769,Male,32,Hyderabad,TG,South
CUST00770,Customer_770,Male,36,Bengaluru,KA,South
CUST00771,Customer_771,Female,52,Kolkata,WB,East
CUST00772,Customer_772,Female,65,Hyderabad,TG,South
CUST00773,Customer_773,Female,64,Mumbai,MH,West
CUST00774,Customer_774,Female,45,Hyderabad,TG,South
CUST00775,Customer_775,Male,65,Hyderabad,TG,South
CUST00776,Customer_776,Female,32,Delhi,DL,North
CUST00777,Customer_777,Female,42,Bengaluru,KA,South
CUST00778,Customer_778,Female,28,Delhi,DL,North
CUST00779,Customer_779,Male,63,Mumbai,MH,West
CUST00780,Customer_780,Male,36,Mumbai,MH,West
CUST00781,Customer_781,Female,60,Bengaluru,KA,South
CUST00782,Customer_782,Female,58,Hyderabad,TG,South
CUST00783,Customer_783,Female,57,Bengaluru,KA,South
CUST00784,Customer_784,Male,42,Delhi,DL,North
CUST00785,Customer_785,Male,46,Kolkata,WB,East
CUST00786,Customer_786,Female,27,Bengaluru,KA,South
CUST00787,Customer_787,Female,54,Mumbai,MH,West
CUST00788,Customer_788,Male,36,Delhi,DL,North
CUST00789,Customer_789,Male,39,Hyderabad,TG,South
CUST00790,Customer_790,Male,41,Bengaluru,KA,South
CUST00791,Customer_791,Male,22,Hyderabad,TG,South
CUST00792,Customer_792,Female,50,Kolkata,WB,East
CUST00793,Customer_793,Male,43,Kolkata,WB,East
CUST00794,Customer_794,Female,57,Kolkata,WB,East
CUST00795,Customer_795,Female,28,Bengaluru,KA,South
CUST00796,Customer_796,Male,24,Delhi,DL,North
CUST00797,Customer_797,Male,49,Kolkata,WB,East
CUST00798,Customer_798,Male,41,Hyderabad,TG,South
CUST00799,Customer_799,Male,44,Delhi,DL,North
CUST00800,Customer_800,Female,65,Delhi,DL,North
CUST00801,Customer_801,Male,25,Hyderabad,TG,South
CUST00802,Customer_802,Female,45,Bengaluru,KA,South
CUST00803,Customer_803,Male,23,Mumbai,MH,West
CUST00804,Customer_804,Female,24,Bengaluru,KA,South
CUST00805,Customer_805,Female,43,Bengaluru,KA,South
CUST00806,Customer_806,Female,64,Mumbai,MH,West
CUST00807,Customer_807,Male,32,Delhi,DL,North
CUST00808,Customer_808,Female,52,Kolkata,WB,East
CUST00809,Customer_809,Female,45,Hyderabad,TG,South
CUST00810,Customer_810,Male,33,Bengaluru,KA,South
CUST00811,Customer_811,Female,24,Mumbai,MH,West
CUST00812,Customer_812,Female,51,Kolkata,WB,East
CUST00813,Customer_813,Female,65,Hyderabad,TG,South
CUST00814,Customer_814,Female,33,Bengaluru,KA,South
CUST00815,Customer_815,Male,45,Bengaluru,KA,South
CUST00816,Customer_816,Female,40,Bengaluru,KA,South
CUST00817,Customer_817,Female,27,Hyderabad,TG,South
CUST00818,Customer_818,Male,63,Mumbai,MH,West
CUST00819,Customer_819,Male,52,Bengaluru,KA,South
CUST00820,Customer_820,Male,40,Mumbai,MH,West
CUST00821,Customer_821,Female,63,Bengaluru,KA,South
CUST00822,Customer_822,Female,50,Hyderabad,TG,South
CUST00823,Customer_823,Female,32,Kolkata,WB,East
CUST00824,Customer_824,Female,47,Mumbai,MH,West
CUST00825,Customer_825,Female,26,Mumbai,MH,West
CUST00826,Customer_826,Male,54,Hyderabad,TG,South
CUST00827,Customer_827,Female,52,Bengaluru,KA,South
CUST00828,Customer_828,Male,26,Hyderabad,TG,South
CUST00829,Customer_829,Female,48,Delhi,DL,North
CUST00830,Customer_830,Female,29,Kolkata,WB,East
CUST00831,Customer_831,Female,58,Mumbai,MH,West
CUST00832,Customer_832,Male,63,Hyderabad,TG,South
CUST00833,Customer_833,Female,55,Mumbai,MH,West
CUST00834,Customer_834,Male,61,Delhi,DL,North
CUST00835,Customer_835,Female,47,Bengaluru,KA,South
CUST00836,Customer_836,Male,32,Kolkata,WB,East
CUST00837,Customer_837,Male,44,Mumbai,MH,West
CUST00838,Customer_838,Male,25,Kolkata,WB,East
CUST00839,Customer_839,Female,25,Kolkata,WB,East
CUST00840,Customer_840,Male,31,Kolkata,WB,East
CUST00841,Customer_841,Male,61,Mumbai,MH,West
CUST00842,Customer_842,Female,46,Delhi,DL,North
CUST00843,Customer_843,Female,58,Bengaluru,KA,South
CUST00844,Customer_844,Male,27,Kolkata,WB,East
CUST00845,Customer_845,Female,63,Bengaluru,KA,South
CUST00846,Customer_846,Male,35,Kolkata,WB,East
CUST00847,Customer_847,Female,61,Bengaluru,KA,South
CUST00848,Customer_848,Female,24,Delhi,DL,North
CUST00849,Customer_849,Female,61,Bengaluru,KA,South
CUST00850,Customer_850,Female,39,Bengaluru,KA,South
CUST00851,Customer_851,Male,61,Hyderabad,TG,South
CUST00852,Customer_852,Male,58,Kolkata,WB,East
CUST00853,Customer_853,Female,45,Kolkata,WB,East
CUST00854,Customer_854,Female,48,Mumbai,MH,West
CUST00855,Customer_855,Male,47,Hyderabad,TG,South
CUST00856,Customer_856,Male,50,Kolkata,WB,East
CUST00857,Customer_857,Male,47,Mumbai,MH,West
CUST00858,Customer_858,Male,28,Kolkata,WB,East
CUST00859,Customer_859,Male,61,Bengaluru,KA,South
CUST00860,Customer_860,Male,33,Hyderabad,TG,South
CUST00861,Customer_861,Female,48,Kolkata,WB,East
CUST00862,Customer_862,Female,44,Kolkata,WB,East
CUST00863,Customer_863,Female,23,Delhi,DL,North
CUST00864,Customer_864,Male,55,Mumbai,MH,West
CUST00865,Customer_865,Male,49,Mumbai,MH,West
CUST00866,Customer_866,Female,49,Bengaluru,KA,South
CUST00867,Customer_867,Female,22,Hyderabad,TG,South
CUST00868,Customer_868,Male,24,Hyderabad,TG,South
CUST00869,Customer_869,Female,52,Bengaluru,KA,South
CUST00870,Customer_870,Female,47,Bengaluru,KA,South
CUST00871,Customer_871,Female,23,Mumbai,MH,West
CUST00872,Customer_872,Female,61,Bengaluru,KA,South
CUST00873,Customer_873,Male,52,Hyderabad,TG,South
CUST00874,Customer_874,Female,30,Hyderabad,TG,South
CUST00875,Customer_875,Female,33,Kolkata,WB,East
CUST00876,Customer_876,Female,22,Mumbai,MH,West
CUST00877,Customer_877,Male,44,Delhi,DL,North
CUST00878,Customer_878,Male,33,Mumbai,MH,West
CUST00879,Customer_879,Male,24,Kolkata,WB,East
CUST00880,Customer_880,Female,33,Hyderabad,TG,South
CUST00881,Customer_881,Female,29,Bengaluru,KA,South
CUST00882,Customer_882,Male,63,Kolkata,WB,East
CUST00883,Customer_883,Female,37,Kolkata,WB,East
CUST00884,Customer_884,Female,52,Mumbai,MH,West
CUST00885,Customer_885,Female,46,Bengaluru,KA,South
CUST00886,Customer_886,Female,28,Delhi,DL,North
CUST00887,Customer_887,Male,39,Delhi,DL,North
CUST00888,Customer_888,Female,41,Bengaluru,KA,South
CUST00889,Customer_889,Female,38,Mumbai,MH,West
CUST00890,Customer_890,Male,36,Mumbai,MH,West
CUST00891,Customer_891,Female,34,Mumbai,MH,West
CUST00892,Customer_892,Female,37,Kolkata,WB,East
CUST00893,Customer_893,Female,43,Delhi,DL,North
CUST00894,Customer_894,Female,59,Bengaluru,KA,South
CUST00895,Customer_895,Male,58,Hyderabad,TG,South
CUST00896,Customer_896,Male,54,Hyderabad,TG,South
CUST00897,Customer_897,Male,45,Hyderabad,TG,South
CUST00898,Customer_898,Female,52,Bengaluru,KA,South
CUST00899,Customer_899,Female,32,Delhi,DL,North
CUST00900,Customer_900,Male,65,Mumbai,MH,West
CUST00901,Customer_901,Female,23,Hyderabad,TG,South
CUST00902,Customer_902,Male,61,Bengaluru,KA,South
CUST00903,Customer_903,Female,44,Hyderabad,TG,South
CUST00904,Customer_904,Female,29,Kolkata,WB,East
CUST00905,Customer_905,Female,65,Mumbai,MH,West
CUST00906,Customer_906,Female,59,Kolkata,WB,East
CUST00907,Customer_907,Male,35,Delhi,DL,North
CUST00908,Customer_908,Male,55,Bengaluru,KA,South
CUST00909,Customer_909,Male,33,Mumbai,MH,West
CUST00910,Customer_910,Female,33,Kolkata,WB,East
CUST00911,Customer_911,Male,44,Bengaluru,KA,South
CUST00912,Customer_912,Male,65,Hyderabad,TG,South
CUST00913,Customer_913,Female,62,Kolkata,WB,East
CUST00914,Customer_914,Male,23,Hyderabad,TG,South
CUST00915,Customer_915,Male,54,Hyderabad,TG,South
CUST00916,Customer_916,Male,21,Delhi,DL,North
CUST00917,Customer_917,Female,52,Bengaluru,KA,South
CUST00918,Customer_918,Male,36,Bengaluru,KA,South
CUST00919,Customer_919,Female,32,Bengaluru,KA,South
CUST00920,Customer_920,Female,30,Delhi,DL,North
CUST00921,Customer_921,Female,42,Mumbai,MH,West
CUST00922,Customer_922,Male,61,Hyderabad,TG,South
CUST00923,Customer_923,Female,41,Bengaluru,KA,South
CUST00924,Customer_924,Female,31,Mumbai,MH,West
CUST00925,Customer_925,Male,40,Hyderabad,TG,South
CUST00926,Customer_926,Female,37,Bengaluru,KA,South
CUST00927,Customer_927,Male,25,Delhi,DL,North
CUST00928,Customer_928,Male,44,Delhi,DL,North
CUST00929,Customer_929,Male,53,Delhi,DL,North
CUST00930,Customer_930,Female,62,Mumbai,MH,West
CUST00931,Customer_931,Male,62,Mumbai,MH,West
CUST00932,Customer_932,Male,32,Delhi,DL,North
CUST00933,Customer_933,Male,54,Delhi,DL,North
CUST00934,Customer_934,Female,49,Delhi,DL,North
CUST00935,Customer_935,Female,40,Delhi,DL,North
CUST00936,Customer_936,Male,39,Hyderabad,TG,South
CUST00937,Customer_937,Female,21,Delhi,DL,North
CUST00938,Customer_938,Female,65,Hyderabad,TG,South
CUST00939,Customer_939,Female,57,Delhi,DL,North
CUST00940,Customer_940,Male,27,Delhi,DL,North
CUST00941,Customer_941,Male,59,Bengaluru,KA,South
CUST00942,Customer_942,Female,60,Kolkata,WB,East
CUST00943,Customer_943,Female,61,Hyderabad,TG,South
CUST00944,Customer_944,Female,26,Delhi,DL,North
CUST00945,Customer_945,Male,58,Kolkata,WB,East
CUST00946,Customer_946,Male,37,Kolkata,WB,East
CUST00947,Customer_947,Male,47,Delhi,DL,North
CUST00948,Customer_948,Female,61,Mumbai,MH,West
CUST00949,Customer_949,Male,65,Kolkata,WB,East
CUST00950,Customer_950,Male,37,Kolkata,WB,East
CUST00951,Customer_951,Male,25,Bengaluru,KA,South
CUST00952,Customer_952,Female,34,Hyderabad,TG,South
CUST00953,Customer_953,Female,42,Hyderabad,TG,South
CUST00954,Customer_954,Male,25,Bengaluru,KA,South
CUST00955,Customer_955,Female,41,Kolkata,WB,East
CUST00956,Customer_956,Female,26,Hyderabad,TG,South
CUST00957,Customer_957,Female,64,Kolkata,WB,East
CUST00958,Customer_958,Male,56,Delhi,DL,North
CUST00959,Customer_959,Male,63,Hyderabad,TG,South
CUST00960,Customer_960,Male,48,Hyderabad,TG,South
CUST00961,Customer_961,Male,25,Bengaluru,KA,South
CUST00962,Customer_962,Male,55,Bengaluru,KA,South
CUST00963,Customer_963,Male,24,Kolkata,WB,East
CUST00964,Customer_964,Female,58,Hyderabad,TG,South
CUST00965,Customer_965,Male,48,Mumbai,MH,West
CUST00966,Customer_966,Male,29,Kolkata,WB,East
CUST00967,Customer_967,Male,36,Hyderabad,TG,South
CUST00968,Customer_968,Female,23,Mumbai,MH,West
CUST00969,Customer_969,Male,25,Delhi,DL,North
CUST00970,Customer_970,Male,55,Hyderabad,TG,South
CUST00971,Customer_971,Female,39,Mumbai,MH,West
CUST00972,Customer_972,Female,60,Bengaluru,KA,South
CUST00973,Customer_973,Female,61,Mumbai,MH,West
CUST00974,Customer_974,Female,56,Bengaluru,KA,South
CUST00975,Customer_975,Female,58,Hyderabad,TG,South
CUST00976,Customer_976,Male,52,Mumbai,MH,West
CUST00977,Customer_977,Male,62,Bengaluru,KA,South
CUST00978,Customer_978,Female,62,Hyderabad,TG,South
CUST00979,Customer_979,Male,52,Delhi,DL,North
CUST00980,Customer_980,Female,28,Delhi,DL,North
CUST00981,Customer_981,Male,48,Hyderabad,TG,South
CUST00982,Customer_982,Male,48,Hyderabad,TG,South
CUST00983,Customer_983,Male,21,Hyderabad,TG,South
CUST00984,Customer_984,Female,49,Mumbai,MH,West
CUST00985,Customer_985,Male,64,Delhi,DL,North
CUST00986,Customer_986,Female,26,Delhi,DL,North
CUST00987,Customer_987,Female,49,Hyderabad,TG,South
CUST00988,Customer_988,Female,48,Mumbai,MH,West
CUST00989,Customer_989,Male,24,Kolkata,WB,East
CUST00990,Customer_990,Male,29,Hyderabad,TG,South
CUST00991,Customer_991,Female,59,Kolkata,WB,East
CUST00992,Customer_992,Male,56,Mumbai,MH,West
CUST00993,Customer_993,Male,55,Mumbai,MH,West
CUST00994,Customer_994,Male,61,Mumbai,MH,West
CUST00995,Customer_995,Male,52,Mumbai,MH,West
CUST00996,Customer_996,Female,46,Mumbai,MH,West
CUST00997,Customer_997,Female,48,Hyderabad,TG,South
CUST00998,Customer_998,Male,48,Kolkata,WB,East
CUST00999,Customer_999,Female,24,Bengaluru,KA,South
CUST01000,Customer_1000,Female,21,Bengaluru,KA,South
CUST01001,Customer_1001,Male,32,Delhi,DL,North
CUST01002,Customer_1002,Male,56,Kolkata,WB,East
CUST01003,Customer_1003,Female,38,Hyderabad,TG,South
CUST01004,Customer_1004,Female,60,Mumbai,MH,West
CUST01005,Customer_1005,Male,63,Mumbai,MH,West
CUST01006,Customer_1006,Male,50,Bengaluru,KA,South
CUST01007,Customer_1007,Female,34,Bengaluru,KA,South
CUST01008,Customer_1008,Female,37,Delhi,DL,North
CUST01009,Customer_1009,Female,53,Bengaluru,KA,South
CUST01010,Customer_1010,Male,43,Hyderabad,TG,South
CUST01011,Customer_1011,Male,28,Hyderabad,TG,South
CUST01012,Customer_1012,Male,25,Hyderabad,TG,South
CUST01013,Customer_1013,Female,58,Hyderabad,TG,South
CUST01014,Customer_1014,Male,25,Mumbai,MH,West
CUST01015,Customer_1015,Male,59,Delhi,DL,North
CUST01016,Customer_1016,Female,60,Delhi,DL,North
CUST01017,Customer_1017,Male,30,Delhi,DL,North
CUST01018,Customer_1018,Female,61,Mumbai,MH,West
CUST01019,Customer_1019,Male,42,Delhi,DL,North
CUST01020,Customer_1020,Female,21,Delhi,DL,North
CUST01021,Customer_1021,Female,55,Mumbai,MH,West
CUST01022,Customer_1022,Male,33,Mumbai,MH,West
CUST01023,Customer_1023,Male,48,Delhi,DL,North
CUST01024,Customer_1024,Male,43,Hyderabad,TG,South
CUST01025,Customer_1025,Male,31,Delhi,DL,North
CUST01026,Customer_1026,Female,51,Bengaluru,KA,South
CUST01027,Customer_1027,Male,43,Hyderabad,TG,South
CUST01028,Customer_1028,Male,44,Bengaluru,KA,South
CUST01029,Customer_1029,Female,25,Bengaluru,KA,South
CUST01030,Customer_1030,Female,53,Bengaluru,KA,South
CUST01031,Customer_1031,Male,61,Mumbai,MH,West
CUST01032,Customer_1032,Male,59,Delhi,DL,North
CUST01033,Customer_1033,Female,64,Hyderabad,TG,South
CUST01034,Customer_1034,Female,21,Bengaluru,KA,South
CUST01035,Customer_1035,Male,43,Delhi,DL,North
CUST01036,Customer_1036,Female,50,Bengaluru,KA,South
CUST01037,Customer_1037,Female,61,Bengaluru,KA,South
CUST01038,Customer_1038,Female,58,Bengaluru,KA,South
CUST01039,Customer_1039,Male,47,Mumbai,MH,West
CUST01040,Customer_1040,Female,52,Bengaluru,KA,South
CUST01041,Customer_1041,Female,25,Kolkata,WB,East
CUST01042,Customer_1042,Female,65,Bengaluru,KA,South
CUST01043,Customer_1043,Male,47,Delhi,DL,North
CUST01044,Customer_1044,Male,50,Hyderabad,TG,South
CUST01045,Customer_1045,Female,21,Mumbai,MH,West
CUST01046,Customer_1046,Male,33,Hyderabad,TG,South
CUST01047,Customer_1047,Male,65,Delhi,DL,North
CUST01048,Customer_1048,Male,50,Delhi,DL,North
CUST01049,Customer_1049,Male,63,Hyderabad,TG,South
CUST01050,Customer_1050,Female,25,Kolkata,WB,East
CUST01051,Customer_1051,Male,31,Kolkata,WB,East
CUST01052,Customer_1052,Female,41,Bengaluru,KA,South
CUST01053,Customer_1053,Male,37,Delhi,DL,North
CUST01054,Customer_1054,Female,47,Kolkata,WB,East
CUST01055,Customer_1055,Male,59,Delhi,DL,North
CUST01056,Customer_1056,Female,23,Mumbai,MH,West
CUST01057,Customer_1057,Male,39,Hyderabad,TG,South
CUST01058,Customer_1058,Male,27,Mumbai,MH,West
CUST01059,Customer_1059,Male,44,Delhi,DL,North
CUST01060,Customer_1060,Male,52,Bengaluru,KA,South
CUST01061,Customer_1061,Male,59,Kolkata,WB,East
CUST01062,Customer_1062,Female,56,Kolkata,WB,East
CUST01063,Customer_1063,Male,46,Kolkata,WB,East
CUST01064,Customer_1064,Male,63,Hyderabad,TG,South
CUST01065,Customer_1065,Female,33,Delhi,DL,North
CUST01066,Customer_1066,Male,36,Kolkata,WB,East
CUST01067,Customer_1067,Female,43,Mumbai,MH,West
CUST01068,Customer_1068,Male,64,Hyderabad,TG,South
CUST01069,Customer_1069,Female,35,Mumbai,MH,West
CUST01070,Customer_1070,Female,39,Mumbai,MH,West
CUST01071,Customer_1071,Female,21,Bengaluru,KA,South
CUST01072,Customer_1072,Male,24,Kolkata,WB,East
CUST01073,Customer_1073,Female,32,Hyderabad,TG,South
CUST01074,Customer_1074,Male,62,Mumbai,MH,West
CUST01075,Customer_1075,Female,45,Delhi,DL,North
CUST01076,Customer_1076,Male,40,Mumbai,MH,West
CUST01077,Customer_1077,Female,27,Kolkata,WB,East
CUST01078,Customer_1078,Female,26,Hyderabad,TG,South
CUST01079,Customer_1079,Male,28,Mumbai,MH,West
CUST01080,Customer_1080,Male,30,Bengaluru,KA,South
CUST01081,Customer_1081,Male,63,Mumbai,MH,West
CUST01082,Customer_1082,Female,59,Bengaluru,KA,South
CUST01083,Customer_1083,Male,55,Mumbai,MH,West
CUST01084,Customer_1084,Female,36,Bengaluru,KA,South
CUST01085,Customer_1085,Female,31,Hyderabad,TG,South
CUST01086,Customer_1086,Male,51,Mumbai,MH,West
CUST01087,Customer_1087,Male,65,Delhi,DL,North
CUST01088,Customer_1088,Female,39,Delhi,DL,North
CUST01089,Customer_1089,Male,44,Mumbai,MH,West
CUST01090,Customer_1090,Male,27,Mumbai,MH,West
CUST01091,Customer_1091,Male,27,Kolkata,WB,East
CUST01092,Customer_1092,Female,47,Mumbai,MH,West
CUST01093,Customer_1093,Female,31,Delhi,DL,North
CUST01094,Customer_1094,Male,39,Delhi,DL,North
CUST01095,Customer_1095,Male,42,Delhi,DL,North
CUST01096,Customer_1096,Male,60,Delhi,DL,North
CUST01097,Customer_1097,Female,27,Delhi,DL,North
CUST01098,Customer_1098,Female,46,Hyderabad,TG,South
CUST01099,Customer_1099,Male,22,Mumbai,MH,West
CUST01100,Customer_1100,Female,23,Delhi,DL,North
CUST01101,Customer_1101,Female,65,Hyderabad,TG,South
CUST01102,Customer_1102,Female,25,Mumbai,MH,West
CUST01103,Customer_1103,Male,53,Mumbai,MH,West
CUST01104,Customer_1104,Male,23,Hyderabad,TG,South
CUST01105,Customer_1105,Male,58,Kolkata,WB,East
CUST01106,Customer_1106,Female,28,Hyderabad,TG,South
CUST01107,Customer_1107,Female,24,Delhi,DL,North
CUST01108,Customer_1108,Female,25,Delhi,DL,North
CUST01109,Customer_1109,Female,63,Mumbai,MH,West
CUST01110,Customer_1110,Male,25,Hyderabad,TG,South
CUST01111,Customer_1111,Female,47,Bengaluru,KA,South
CUST01112,Customer_1112,Female,28,Mumbai,MH,West
CUST01113,Customer_1113,Female,64,Kolkata,WB,East
CUST01114,Customer_1114,Male,38,Hyderabad,TG,South
CUST01115,Customer_1115,Female,56,Mumbai,MH,West
CUST01116,Customer_1116,Female,40,Hyderabad,TG,South
CUST01117,Customer_1117,Male,22,Delhi,DL,North
CUST01118,Customer_1118,Male,61,Bengaluru,KA,South
CUST01119,Customer_1119,Female,59,Delhi,DL,North
CUST01120,Customer_1120,Female,37,Delhi,DL,North
CUST01121,Customer_1121,Female,43,Hyderabad,TG,South
CUST01122,Customer_1122,Male,58,Mumbai,MH,West
CUST01123,Customer_1123,Male,39,Mumbai,MH,West
CUST01124,Customer_1124,Male,52,Hyderabad,TG,South
CUST01125,Customer_1125,Male,56,Delhi,DL,North
CUST01126,Customer_1126,Male,34,Mumbai,MH,West
CUST01127,Customer_1127,Male,28,Kolkata,WB,East
CUST01128,Customer_1128,Female,26,Hyderabad,TG,South
CUST01129,Customer_1129,Male,24,Delhi,DL,North
CUST01130,Customer_1130,Female,62,Hyderabad,TG,South
CUST01131,Customer_1131,Female,61,Bengaluru,KA,South
CUST01132,Customer_1132,Female,39,Hyderabad,TG,South
CUST01133,Customer_1133,Male,52,Hyderabad,TG,South
CUST01134,Customer_1134,Female,45,Hyderabad,TG,South
CUST01135,Customer_1135,Male,54,Hyderabad,TG,South
CUST01136,Customer_1136,Female,58,Mumbai,MH,West
CUST01137,Customer_1137,Male,24,Delhi,DL,North
CUST01138,Customer_1138,Female,26,Delhi,DL,North
CUST01139,Customer_1139,Female,61,Hyderabad,TG,South
CUST01140,Customer_1140,Male,25,Delhi,DL,North
CUST01141,Customer_1141,Male,50,Kolkata,WB,East
CUST01142,Customer_1142,Male,60,Kolkata,WB,East
CUST01143,Customer_1143,Female,49,Kolkata,WB,East
CUST01144,Customer_1144,Female,55,Hyderabad,TG,South
CUST01145,Customer_1145,Female,65,Bengaluru,KA,South
CUST01146,Customer_1146,Male,32,Kolkata,WB,East
CUST01147,Customer_1147,Male,27,Mumbai,MH,West
CUST01148,Customer_1148,Male,58,Bengaluru,KA,South
CUST01149,Customer_1149,Male,44,Hyderabad,TG,South
CUST01150,Customer_1150,Female,48,Delhi,DL,North
CUST01151,Customer_1151,Male,26,Delhi,DL,North
CUST01152,Customer_1152,Female,63,Bengaluru,KA,South
CUST01153,Customer_1153,Male,60,Hyderabad,TG,South
CUST01154,Customer_1154,Male,21,Delhi,DL,North
CUST01155,Customer_1155,Female,31,Mumbai,MH,West
CUST01156,Customer_1156,Male,41,Mumbai,MH,West
CUST01157,Customer_1157,Male,60,Bengaluru,KA,South
CUST01158,Customer_1158,Male,55,Bengaluru,KA,South
CUST01159,Customer_1159,Female,38,Hyderabad,TG,South
CUST01160,Customer_1160,Male,31,Delhi,DL,North
CUST01161,Customer_1161,Female,64,Bengaluru,KA,South
CUST01162,Customer_1162,Female,35,Mumbai,MH,West
CUST01163,Customer_1163,Male,27,Mumbai,MH,West
CUST01164,Customer_1164,Female,31,Mumbai,MH,West
CUST01165,Customer_1165,Male,27,Hyderabad,TG,South
CUST01166,Customer_1166,Male,57,Bengaluru,KA,South
CUST01167,Customer_1167,Female,61,Kolkata,WB,East
CUST01168,Customer_1168,Male,42,Mumbai,MH,West
CUST01169,Customer_1169,Male,62,Mumbai,MH,West
CUST01170,Customer_1170,Female,35,Kolkata,WB,East
CUST01171,Customer_1171,Female,50,Mumbai,MH,West
CUST01172,Customer_1172,Female,55,Mumbai,MH,West
CUST01173,Customer_1173,Female,43,Bengaluru,KA,South
CUST01174,Customer_1174,Male,54,Delhi,DL,North
CUST01175,Customer_1175,Male,55,Delhi,DL,North
CUST01176,Customer_1176,Male,58,Delhi,DL,North
CUST01177,Customer_1177,Male,39,Hyderabad,TG,South
CUST01178,Customer_1178,Female,21,Hyderabad,TG,South
CUST01179,Customer_1179,Male,57,Kolkata,WB,East
CUST01180,Customer_1180,Male,40,Mumbai,MH,West
CUST01181,Customer_1181,Female,23,Hyderabad,TG,South
CUST01182,Customer_1182,Male,50,Bengaluru,KA,South
CUST01183,Customer_1183,Female,40,Kolkata,WB,East
CUST01184,Customer_1184,Female,27,Kolkata,WB,East
CUST01185,Customer_1185,Female,35,Bengaluru,KA,South
CUST01186,Customer_1186,Female,32,Delhi,DL,North
CUST01187,Customer_1187,Female,33,Bengaluru,KA,South
CUST01188,Customer_1188,Male,22,Delhi,DL,North
CUST01189,Customer_1189,Male,39,Mumbai,MH,West
CUST01190,Customer_1190,Female,54,Delhi,DL,North
CUST01191,Customer_1191,Male,21,Hyderabad,TG,South
CUST01192,Customer_1192,Female,41,Kolkata,WB,East
CUST01193,Customer_1193,Female,26,Delhi,DL,North
CUST01194,Customer_1194,Female,43,Kolkata,WB,East
CUST01195,Customer_1195,Male,46,Mumbai,MH,West
CUST01196,Customer_1196,Female,52,Kolkata,WB,East
CUST01197,Customer_1197,Male,27,Mumbai,MH,West
CUST01198,Customer_1198,Male,32,Kolkata,WB,East
CUST01199,Customer_1199,Male,26,Bengaluru,KA,South
CUST01200,Customer_1200,Female,36,Kolkata,WB,East
CUST01201,Customer_1201,Male,28,Kolkata,WB,East
CUST01202,Customer_1202,Male,43,Mumbai,MH,West
CUST01203,Customer_1203,Male,42,Delhi,DL,North
CUST01204,Customer_1204,Female,36,Mumbai,MH,West
CUST01205,Customer_1205,Female,40,Delhi,DL,North
CUST01206,Customer_1206,Female,60,Bengaluru,KA,South
CUST01207,Customer_1207,Female,38,Delhi,DL,North
CUST01208,Customer_1208,Female,65,Hyderabad,TG,South
CUST01209,Customer_1209,Male,39,Delhi,DL,North
CUST01210,Customer_1210,Female,59,Hyderabad,TG,South
CUST01211,Customer_1211,Male,35,Kolkata,WB,East
CUST01212,Customer_1212,Male,40,Hyderabad,TG,South
CUST01213,Customer_1213,Male,22,Bengaluru,KA,South
CUST01214,Customer_1214,Female,32,Mumbai,MH,West
CUST01215,Customer_1215,Male,65,Bengaluru,KA,South
CUST01216,Customer_1216,Male,31,Hyderabad,TG,South
CUST01217,Customer_1217,Male,50,Mumbai,MH,West
CUST01218,Customer_1218,Female,25,Bengaluru,KA,South
CUST01219,Customer_1219,Female,44,Hyderabad,TG,South
CUST01220,Customer_1220,Female,65,Kolkata,WB,East
CUST01221,Customer_1221,Female,60,Delhi,DL,North
CUST01222,Customer_1222,Male,27,Bengaluru,KA,South
CUST01223,Customer_1223,Female,49,Kolkata,WB,East
CUST01224,Customer_1224,Female,55,Kolkata,WB,East
CUST01225,Customer_1225,Male,29,Hyderabad,TG,South
CUST01226,Customer_1226,Female,27,Bengaluru,KA,South
CUST01227,Customer_1227,Female,62,Kolkata,WB,East
CUST01228,Customer_1228,Female,58,Kolkata,WB,East
CUST01229,Customer_1229,Male,31,Kolkata,WB,East
CUST01230,Customer_1230,Female,53,Bengaluru,KA,South
CUST01231,Customer_1231,Female,63,Mumbai,MH,West
CUST01232,Customer_1232,Female,40,Delhi,DL,North
CUST01233,Customer_1233,Female,46,Mumbai,MH,West
CUST01234,Customer_1234,Male,34,Mumbai,MH,West
CUST01235,Customer_1235,Male,42,Kolkata,WB,East
CUST01236,Customer_1236,Male,44,Hyderabad,TG,South
CUST01237,Customer_1237,Male,21,Mumbai,MH,West
CUST01238,Customer_1238,Male,49,Delhi,DL,North
CUST01239,Customer_1239,Female,21,Mumbai,MH,West
CUST01240,Customer_1240,Female,26,Hyderabad,TG,South
CUST01241,Customer_1241,Female,25,Delhi,DL,North
CUST01242,Customer_1242,Male,49,Delhi,DL,North
CUST01243,Customer_1243,Male,33,Mumbai,MH,West
CUST01244,Customer_1244,Female,43,Delhi,DL,North
CUST01245,Customer_1245,Male,34,Delhi,DL,North
CUST01246,Customer_1246,Male,49,Hyderabad,TG,South
CUST01247,Customer_1247,Female,40,Mumbai,MH,West
CUST01248,Customer_1248,Male,58,Delhi,DL,North
CUST01249,Customer_1249,Female,30,Delhi,DL,North
CUST01250,Customer_1250,Male,40,Mumbai,MH,West
CUST01251,Customer_1251,Male,25,Bengaluru,KA,South
CUST01252,Customer_1252,Female,42,Delhi,DL,North
CUST01253,Customer_1253,Female,48,Mumbai,MH,West
CUST01254,Customer_1254,Female,22,Mumbai,MH,West
CUST01255,Customer_1255,Female,40,Bengaluru,KA,South
CUST01256,Customer_1256,Male,24,Delhi,DL,North
CUST01257,Customer_1257,Female,55,Kolkata,WB,East
CUST01258,Customer_1258,Female,52,Mumbai,MH,West
CUST01259,Customer_1259,Female,35,Kolkata,WB,East
CUST01260,Customer_1260,Male,41,Hyderabad,TG,South
CUST01261,Customer_1261,Female,41,Bengaluru,KA,South
CUST01262,Customer_1262,Male,59,Kolkata,WB,East
CUST01263,Customer_1263,Male,36,Delhi,DL,North
CUST01264,Customer_1264,Male,33,Hyderabad,TG,South
CUST01265,Customer_1265,Female,26,Hyderabad,TG,South
CUST01266,Customer_1266,Male,36,Mumbai,MH,West
CUST01267,Customer_1267,Female,42,Mumbai,MH,West
CUST01268,Customer_1268,Female,42,Hyderabad,TG,South
CUST01269,Customer_1269,Male,42,Kolkata,WB,East
CUST01270,Customer_1270,Male,29,Delhi,DL,North
CUST01271,Customer_1271,Male,40,Kolkata,WB,East
CUST01272,Customer_1272,Female,42,Hyderabad,TG,South
CUST01273,Customer_1273,Male,26,Hyderabad,TG,South
CUST01274,Customer_1274,Female,24,Kolkata,WB,East
CUST01275,Customer_1275,Female,21,Hyderabad,TG,South
CUST01276,Customer_1276,Female,33,Kolkata,WB,East
CUST01277,Customer_1277,Female,60,Delhi,DL,North
CUST01278,Customer_1278,Male,61,Kolkata,WB,East
CUST01279,Customer_1279,Female,57,Delhi,DL,North
CUST01280,Customer_1280,Male,36,Delhi,DL,North
CUST01281,Customer_1281,Female,58,Mumbai,MH,West
CUST01282,Customer_1282,Male,43,Mumbai,MH,West
CUST01283,Customer_1283,Male,40,Hyderabad,TG,South
CUST01284,Customer_1284,Female,26,Hyderabad,TG,South
CUST01285,Customer_1285,Male,51,Kolkata,WB,East
CUST01286,Customer_1286,Male,49,Hyderabad,TG,South
CUST01287,Customer_1287,Female,51,Kolkata,WB,East
CUST01288,Customer_1288,Male,28,Bengaluru,KA,South
CUST01289,Customer_1289,Male,42,Bengaluru,KA,South
CUST01290,Customer_1290,Female,40,Delhi,DL,North
CUST01291,Customer_1291,Male,42,Delhi,DL,North
CUST01292,Customer_1292,Female,51,Hyderabad,TG,South
CUST01293,Customer_1293,Male,29,Hyderabad,TG,South
CUST01294,Customer_1294,Male,41,Kolkata,WB,East
CUST01295,Customer_1295,Female,47,Hyderabad,TG,South
CUST01296,Customer_1296,Male,61,Hyderabad,TG,South
CUST01297,Customer_1297,Female,27,Kolkata,WB,East
CUST01298,Customer_1298,Female,28,Bengaluru,KA,South
CUST01299,Customer_1299,Male,44,Hyderabad,TG,South
CUST01300,Customer_1300,Male,37,Hyderabad,TG,South
CUST01301,Customer_1301,Female,37,Hyderabad,TG,South
CUST01302,Customer_1302,Male,42,Bengaluru,KA,South
CUST01303,Customer_1303,Female,47,Kolkata,WB,East
CUST01304,Customer_1304,Male,50,Bengaluru,KA,South
CUST01305,Customer_1305,Female,30,Kolkata,WB,East
CUST01306,Customer_1306,Female,54,Kolkata,WB,East
CUST01307,Customer_1307,Female,60,Hyderabad,TG,South
CUST01308,Customer_1308,Male,34,Bengaluru,KA,South
CUST01309,Customer_1309,Female,34,Delhi,DL,North
CUST01310,Customer_1310,Male,40,Delhi,DL,North
CUST01311,Customer_1311,Female,51,Mumbai,MH,West
CUST01312,Customer_1312,Female,45,Kolkata,WB,East
CUST01313,Customer_1313,Male,37,Mumbai,MH,West
CUST01314,Customer_1314,Male,39,Delhi,DL,North
CUST01315,Customer_1315,Male,41,Delhi,DL,North
CUST01316,Customer_1316,Male,51,Kolkata,WB,East
CUST01317,Customer_1317,Male,64,Mumbai,MH,West
CUST01318,Customer_1318,Male,32,Bengaluru,KA,South
CUST01319,Customer_1319,Female,22,Hyderabad,TG,South
CUST01320,Customer_1320,Male,57,Mumbai,MH,West
CUST01321,Customer_1321,Male,63,Kolkata,WB,East
CUST01322,Customer_1322,Female,49,Bengaluru,KA,South
CUST01323,Customer_1323,Female,60,Delhi,DL,North
CUST01324,Customer_1324,Female,39,Delhi,DL,North
CUST01325,Customer_1325,Male,32,Kolkata,WB,East
CUST01326,Customer_1326,Male,21,Mumbai,MH,West
CUST01327,Customer_1327,Female,24,Bengaluru,KA,South
CUST01328,Customer_1328,Male,27,Mumbai,MH,West
CUST01329,Customer_1329,Female,45,Bengaluru,KA,South
CUST01330,Customer_1330,Male,32,Hyderabad,TG,South
CUST01331,Customer_1331,Female,46,Hyderabad,TG,South
CUST01332,Customer_1332,Male,46,Kolkata,WB,East
CUST01333,Customer_1333,Female,45,Hyderabad,TG,South
CUST01334,Customer_1334,Male,63,Hyderabad,TG,South
CUST01335,Customer_1335,Female,60,Hyderabad,TG,South
CUST01336,Customer_1336,Male,64,Bengaluru,KA,South
CUST01337,Customer_1337,Female,38,Bengaluru,KA,South
CUST01338,Customer_1338,Female,62,Bengaluru,KA,South
CUST01339,Customer_1339,Male,50,Delhi,DL,North
CUST01340,Customer_1340,Female,27,Mumbai,MH,West
CUST01341,Customer_1341,Female,34,Mumbai,MH,West
CUST01342,Customer_1342,Male,65,Hyderabad,TG,South
CUST01343,Customer_1343,Male,56,Mumbai,MH,West
CUST01344,Customer_1344,Male,31,Delhi,DL,North
CUST01345,Customer_1345,Male,24,Delhi,DL,North
CUST01346,Customer_1346,Female,25,Hyderabad,TG,South
CUST01347,Customer_1347,Female,65,Delhi,DL,North
CUST01348,Customer_1348,Female,33,Mumbai,MH,West
CUST01349,Customer_1349,Male,39,Bengaluru,KA,South
CUST01350,Customer_1350,Male,27,Bengaluru,KA,South
CUST01351,Customer_1351,Female,43,Hyderabad,TG,South
CUST01352,Customer_1352,Male,65,Hyderabad,TG,South
CUST01353,Customer_1353,Male,37,Kolkata,WB,East
CUST01354,Customer_1354,Female,64,Bengaluru,KA,South
CUST01355,Customer_1355,Male,40,Mumbai,MH,West
CUST01356,Customer_1356,Female,57,Hyderabad,TG,South
CUST01357,Customer_1357,Female,51,Kolkata,WB,East
CUST01358,Customer_1358,Male,64,Kolkata,WB,East
CUST01359,Customer_1359,Female,24,Mumbai,MH,West
CUST01360,Customer_1360,Female,34,Hyderabad,TG,South
CUST01361,Customer_1361,Female,24,Mumbai,MH,West
CUST01362,Customer_1362,Female,39,Bengaluru,KA,South
CUST01363,Customer_1363,Male,21,Hyderabad,TG,South
CUST01364,Customer_1364,Male,55,Hyderabad,TG,South
CUST01365,Customer_1365,Male,64,Delhi,DL,North
CUST01366,Customer_1366,Male,47,Delhi,DL,North
CUST01367,Customer_1367,Male,35,Hyderabad,TG,South
CUST01368,Customer_1368,Male,23,Bengaluru,KA,South
CUST01369,Customer_1369,Female,31,Hyderabad,TG,South
CUST01370,Customer_1370,Female,46,Kolkata,WB,East
CUST01371,Customer_1371,Male,39,Bengaluru,KA,South
CUST01372,Customer_1372,Female,42,Hyderabad,TG,South
CUST01373,Customer_1373,Female,62,Mumbai,MH,West
CUST01374,Customer_1374,Male,51,Hyderabad,TG,South
CUST01375,Customer_1375,Female,46,Hyderabad,TG,South
CUST01376,Customer_1376,Male,30,Kolkata,WB,East
CUST01377,Customer_1377,Male,33,Delhi,DL,North
CUST01378,Customer_1378,Female,45,Bengaluru,KA,South
CUST01379,Customer_1379,Female,30,Mumbai,MH,West
CUST01380,Customer_1380,Male,44,Kolkata,WB,East
CUST01381,Customer_1381,Female,46,Kolkata,WB,East
CUST01382,Customer_1382,Female,24,Kolkata,WB,East
CUST01383,Customer_1383,Female,28,Mumbai,MH,West
CUST01384,Customer_1384,Male,60,Bengaluru,KA,South
CUST01385,Customer_1385,Male,62,Kolkata,WB,East
CUST01386,Customer_1386,Male,62,Kolkata,WB,East
CUST01387,Customer_1387,Female,22,Kolkata,WB,East
CUST01388,Customer_1388,Male,53,Hyderabad,TG,South
CUST01389,Customer_1389,Male,55,Delhi,DL,North
CUST01390,Customer_1390,Male,57,Hyderabad,TG,South
CUST01391,Customer_1391,Male,24,Delhi,DL,North
CUST01392,Customer_1392,Male,49,Kolkata,WB,East
CUST01393,Customer_1393,Male,32,Kolkata,WB,East
CUST01394,Customer_1394,Female,27,Mumbai,MH,West
CUST01395,Customer_1395,Male,40,Delhi,DL,North
CUST01396,Customer_1396,Female,42,Bengaluru,KA,South
CUST01397,Customer_1397,Male,25,Hyderabad,TG,South
CUST01398,Customer_1398,Female,64,Hyderabad,TG,South
CUST01399,Customer_1399,Male,42,Mumbai,MH,West
CUST01400,Customer_1400,Female,61,Kolkata,WB,East
CUST01401,Customer_1401,Female,24,Bengaluru,KA,South
CUST01402,Customer_1402,Male,32,Bengaluru,KA,South
CUST01403,Customer_1403,Male,49,Delhi,DL,North
CUST01404,Customer_1404,Male,52,Delhi,DL,North
CUST01405,Customer_1405,Male,22,Delhi,DL,North
CUST01406,Customer_1406,Male,27,Bengaluru,KA,South
CUST01407,Customer_1407,Male,45,Bengaluru,KA,South
CUST01408,Customer_1408,Male,34,Mumbai,MH,West
CUST01409,Customer_1409,Male,32,Delhi,DL,North
CUST01410,Customer_1410,Male,41,Bengaluru,KA,South
CUST01411,Customer_1411,Female,40,Kolkata,WB,East
CUST01412,Customer_1412,Female,56,Hyderabad,TG,South
CUST01413,Customer_1413,Female,54,Mumbai,MH,West
CUST01414,Customer_1414,Male,57,Delhi,DL,North
CUST01415,Customer_1415,Male,47,Bengaluru,KA,South
CUST01416,Customer_1416,Female,65,Mumbai,MH,West
CUST01417,Customer_1417,Male,62,Bengaluru,KA,South
CUST01418,Customer_1418,Female,45,Hyderabad,TG,South
CUST01419,Customer_1419,Male,44,Hyderabad,TG,South
CUST01420,Customer_1420,Female,42,Bengaluru,KA,South
CUST01421,Customer_1421,Male,40,Delhi,DL,North
CUST01422,Customer_1422,Female,62,Delhi,DL,North
CUST01423,Customer_1423,Male,65,Delhi,DL,North
CUST01424,Customer_1424,Female,22,Mumbai,MH,West
CUST01425,Customer_1425,Male,59,Kolkata,WB,East
CUST01426,Customer_1426,Female,62,Bengaluru,KA,South
CUST01427,Customer_1427,Female,58,Kolkata,WB,East
CUST01428,Customer_1428,Female,40,Mumbai,MH,West
CUST01429,Customer_1429,Male,25,Bengaluru,KA,South
CUST01430,Customer_1430,Male,59,Kolkata,WB,East
CUST01431,Customer_1431,Male,42,Hyderabad,TG,South
CUST01432,Customer_1432,Female,37,Kolkata,WB,East
CUST01433,Customer_1433,Female,42,Hyderabad,TG,South
CUST01434,Customer_1434,Female,33,Kolkata,WB,East
CUST01435,Customer_1435,Male,47,Delhi,DL,North
CUST01436,Customer_1436,Male,23,Delhi,DL,North
CUST01437,Customer_1437,Male,27,Delhi,DL,North
CUST01438,Customer_1438,Male,21,Hyderabad,TG,South
CUST01439,Customer_1439,Female,64,Kolkata,WB,East
CUST01440,Customer_1440,Female,42,Kolkata,WB,East
CUST01441,Customer_1441,Male,40,Kolkata,WB,East
CUST01442,Customer_1442,Female,42,Mumbai,MH,West
CUST01443,Customer_1443,Female,37,Mumbai,MH,West
CUST01444,Customer_1444,Male,52,Bengaluru,KA,South
CUST01445,Customer_1445,Male,56,Hyderabad,TG,South
CUST01446,Customer_1446,Female,58,Hyderabad,TG,South
CUST01447,Customer_1447,Female,65,Kolkata,WB,East
CUST01448,Customer_1448,Male,53,Kolkata,WB,East
CUST01449,Customer_1449,Male,65,Bengaluru,KA,South
CUST01450,Customer_1450,Male,35,Kolkata,WB,East
CUST01451,Customer_1451,Female,21,Hyderabad,TG,South
CUST01452,Customer_1452,Male,28,Delhi,DL,North
CUST01453,Customer_1453,Female,48,Mumbai,MH,West
CUST01454,Customer_1454,Female,50,Delhi,DL,North
CUST01455,Customer_1455,Male,48,Kolkata,WB,East
CUST01456,Customer_1456,Female,56,Mumbai,MH,West
CUST01457,Customer_1457,Female,25,Mumbai,MH,West
CUST01458,Customer_1458,Male,50,Hyderabad,TG,South
CUST01459,Customer_1459,Male,46,Bengaluru,KA,South
CUST01460,Customer_1460,Male,53,Hyderabad,TG,South
CUST01461,Customer_1461,Male,53,Mumbai,MH,West
CUST01462,Customer_1462,Female,29,Bengaluru,KA,South
CUST01463,Customer_1463,Female,47,Bengaluru,KA,South
CUST01464,Customer_1464,Male,30,Bengaluru,KA,South
CUST01465,Customer_1465,Female,23,Delhi,DL,North
CUST01466,Customer_1466,Male,30,Mumbai,MH,West
CUST01467,Customer_1467,Female,24,Bengaluru,KA,South
CUST01468,Customer_1468,Male,43,Bengaluru,KA,South
CUST01469,Customer_1469,Female,31,Delhi,DL,North
CUST01470,Customer_1470,Male,23,Mumbai,MH,West
CUST01471,Customer_1471,Male,41,Kolkata,WB,East
CUST01472,Customer_1472,Female,63,Hyderabad,TG,South
CUST01473,Customer_1473,Male,59,Mumbai,MH,West
CUST01474,Customer_1474,Male,50,Hyderabad,TG,South
CUST01475,Customer_1475,Male,61,Kolkata,WB,East
CUST01476,Customer_1476,Male,38,Hyderabad,TG,South
CUST01477,Customer_1477,Female,43,Bengaluru,KA,South
CUST01478,Customer_1478,Female,35,Delhi,DL,North
CUST01479,Customer_1479,Female,40,Mumbai,MH,West
CUST01480,Customer_1480,Female,38,Kolkata,WB,East
CUST01481,Customer_1481,Female,55,Hyderabad,TG,South
CUST01482,Customer_1482,Female,56,Hyderabad,TG,South
CUST01483,Customer_1483,Male,30,Bengaluru,KA,South
CUST01484,Customer_1484,Male,36,Kolkata,WB,East
CUST01485,Customer_1485,Male,30,Mumbai,MH,West
CUST01486,Customer_1486,Female,35,Mumbai,MH,West
CUST01487,Customer_1487,Female,40,Bengaluru,KA,South
CUST01488,Customer_1488,Female,40,Delhi,DL,North
CUST01489,Customer_1489,Male,34,Bengaluru,KA,South
CUST01490,Customer_1490,Female,46,Delhi,DL,North
CUST01491,Customer_1491,Female,52,Bengaluru,KA,South
CUST01492,Customer_1492,Male,58,Mumbai,MH,West
CUST01493,Customer_1493,Male,48,Delhi,DL,North
CUST01494,Customer_1494,Male,29,Kolkata,WB,East
CUST01495,Customer_1495,Male,63,Kolkata,WB,East
CUST01496,Customer_1496,Female,35,Hyderabad,TG,South
CUST01497,Customer_1497,Male,33,Mumbai,MH,West
CUST01498,Customer_1498,Female,40,Bengaluru,KA,South
CUST01499,Customer_1499,Male,35,Bengaluru,KA,South
CUST01500,Customer_1500,Male,47,Bengaluru,KA,South
CUST01501,Customer_1501,Female,61,Bengaluru,KA,South
CUST01502,Customer_1502,Male,31,Delhi,DL,North
CUST01503,Customer_1503,Female,32,Delhi,DL,North
CUST01504,Customer_1504,Female,60,Hyderabad,TG,South
CUST01505,Customer_1505,Female,60,Delhi,DL,North
CUST01506,Customer_1506,Female,62,Kolkata,WB,East
CUST01507,Customer_1507,Female,49,Hyderabad,TG,South
CUST01508,Customer_1508,Female,54,Delhi,DL,North
CUST01509,Customer_1509,Male,40,Bengaluru,KA,South
CUST01510,Customer_1510,Female,34,Kolkata,WB,East
CUST01511,Customer_1511,Female,28,Bengaluru,KA,South
CUST01512,Customer_1512,Male,32,Hyderabad,TG,South
CUST01513,Customer_1513,Male,44,Bengaluru,KA,South
CUST01514,Customer_1514,Female,51,Bengaluru,KA,South
CUST01515,Customer_1515,Female,49,Hyderabad,TG,South
CUST01516,Customer_1516,Male,35,Hyderabad,TG,South
CUST01517,Customer_1517,Female,26,Mumbai,MH,West
CUST01518,Customer_1518,Female,31,Kolkata,WB,East
CUST01519,Customer_1519,Male,53,Delhi,DL,North
CUST01520,Customer_1520,Male,27,Delhi,DL,North
CUST01521,Customer_1521,Male,23,Kolkata,WB,East
CUST01522,Customer_1522,Male,31,Bengaluru,KA,South
CUST01523,Customer_1523,Male,65,Kolkata,WB,East
CUST01524,Customer_1524,Female,29,Hyderabad,TG,South
CUST01525,Customer_1525,Female,38,Bengaluru,KA,South
CUST01526,Customer_1526,Male,61,Hyderabad,TG,South
CUST01527,Customer_1527,Male,30,Bengaluru,KA,South
CUST01528,Customer_1528,Female,62,Hyderabad,TG,South
CUST01529,Customer_1529,Female,55,Mumbai,MH,West
CUST01530,Customer_1530,Female,54,Bengaluru,KA,South
CUST01531,Customer_1531,Female,59,Delhi,DL,North
CUST01532,Customer_1532,Female,64,Bengaluru,KA,South
CUST01533,Customer_1533,Female,59,Bengaluru,KA,South
CUST01534,Customer_1534,Female,27,Bengaluru,KA,South
CUST01535,Customer_1535,Female,31,Kolkata,WB,East
CUST01536,Customer_1536,Female,41,Bengaluru,KA,South
CUST01537,Customer_1537,Female,55,Mumbai,MH,West
CUST01538,Customer_1538,Male,61,Hyderabad,TG,South
CUST01539,Customer_1539,Female,55,Delhi,DL,North
CUST01540,Customer_1540,Female,61,Delhi,DL,North
CUST01541,Customer_1541,Male,49,Bengaluru,KA,South
CUST01542,Customer_1542,Male,35,Mumbai,MH,West
CUST01543,Customer_1543,Male,40,Mumbai,MH,West
CUST01544,Customer_1544,Female,48,Bengaluru,KA,South
CUST01545,Customer_1545,Male,29,Delhi,DL,North
CUST01546,Customer_1546,Female,29,Bengaluru,KA,South
CUST01547,Customer_1547,Male,40,Kolkata,WB,East
CUST01548,Customer_1548,Female,56,Delhi,DL,North
CUST01549,Customer_1549,Female,29,Kolkata,WB,East
CUST01550,Customer_1550,Male,53,Mumbai,MH,West
CUST01551,Customer_1551,Female,31,Kolkata,WB,East
CUST01552,Customer_1552,Female,35,Mumbai,MH,West
CUST01553,Customer_1553,Female,49,Kolkata,WB,East
CUST01554,Customer_1554,Female,55,Hyderabad,TG,South
CUST01555,Customer_1555,Male,62,Kolkata,WB,East
CUST01556,Customer_1556,Female,36,Kolkata,WB,East
CUST01557,Customer_1557,Male,63,Kolkata,WB,East
CUST01558,Customer_1558,Female,33,Delhi,DL,North
CUST01559,Customer_1559,Female,21,Delhi,DL,North
CUST01560,Customer_1560,Female,28,Kolkata,WB,East
CUST01561,Customer_1561,Female,23,Delhi,DL,North
CUST01562,Customer_1562,Male,33,Bengaluru,KA,South
CUST01563,Customer_1563,Male,30,Bengaluru,KA,South
CUST01564,Customer_1564,Male,56,Hyderabad,TG,South
CUST01565,Customer_1565,Female,32,Mumbai,MH,West
CUST01566,Customer_1566,Male,58,Mumbai,MH,West
CUST01567,Customer_1567,Male,62,Hyderabad,TG,South
CUST01568,Customer_1568,Male,22,Delhi,DL,North
CUST01569,Customer_1569,Female,60,Hyderabad,TG,South
CUST01570,Customer_1570,Male,47,Bengaluru,KA,South
CUST01571,Customer_1571,Male,45,Kolkata,WB,East
CUST01572,Customer_1572,Female,24,Delhi,DL,North
CUST01573,Customer_1573,Male,27,Delhi,DL,North
CUST01574,Customer_1574,Male,31,Hyderabad,TG,South
CUST01575,Customer_1575,Female,61,Delhi,DL,North
CUST01576,Customer_1576,Female,24,Delhi,DL,North
CUST01577,Customer_1577,Male,63,Kolkata,WB,East
CUST01578,Customer_1578,Female,43,Bengaluru,KA,South
CUST01579,Customer_1579,Male,43,Mumbai,MH,West
CUST01580,Customer_1580,Male,33,Bengaluru,KA,South
CUST01581,Customer_1581,Female,50,Kolkata,WB,East
CUST01582,Customer_1582,Male,29,Kolkata,WB,East
CUST01583,Customer_1583,Female,60,Kolkata,WB,East
CUST01584,Customer_1584,Female,30,Delhi,DL,North
CUST01585,Customer_1585,Male,21,Bengaluru,KA,South
CUST01586,Customer_1586,Female,38,Delhi,DL,North
CUST01587,Customer_1587,Female,56,Mumbai,MH,West
CUST01588,Customer_1588,Female,27,Mumbai,MH,West
CUST01589,Customer_1589,Female,31,Kolkata,WB,East
CUST01590,Customer_1590,Male,39,Hyderabad,TG,South
CUST01591,Customer_1591,Male,60,Bengaluru,KA,South
CUST01592,Customer_1592,Female,53,Hyderabad,TG,South
CUST01593,Customer_1593,Male,47,Delhi,DL,North
CUST01594,Customer_1594,Male,36,Hyderabad,TG,South
CUST01595,Customer_1595,Male,58,Delhi,DL,North
CUST01596,Customer_1596,Female,43,Mumbai,MH,West
CUST01597,Customer_1597,Female,31,Kolkata,WB,East
CUST01598,Customer_1598,Male,49,Delhi,DL,North
CUST01599,Customer_1599,Male,56,Bengaluru,KA,South
CUST01600,Customer_1600,Male,21,Delhi,DL,North
CUST01601,Customer_1601,Male,44,Delhi,DL,North
CUST01602,Customer_1602,Male,48,Mumbai,MH,West
CUST01603,Customer_1603,Female,35,Mumbai,MH,West
CUST01604,Customer_1604,Female,29,Kolkata,WB,East
CUST01605,Customer_1605,Male,53,Mumbai,MH,West
CUST01606,Customer_1606,Female,29,Delhi,DL,North
CUST01607,Customer_1607,Female,58,Kolkata,WB,East
CUST01608,Customer_1608,Female,31,Hyderabad,TG,South
CUST01609,Customer_1609,Female,28,Mumbai,MH,West
CUST01610,Customer_1610,Male,39,Kolkata,WB,East
CUST01611,Customer_1611,Male,37,Hyderabad,TG,South
CUST01612,Customer_1612,Female,54,Mumbai,MH,West
CUST01613,Customer_1613,Male,65,Hyderabad,TG,South
CUST01614,Customer_1614,Female,26,Kolkata,WB,East
CUST01615,Customer_1615,Female,47,Kolkata,WB,East
CUST01616,Customer_1616,Female,42,Delhi,DL,North
CUST01617,Customer_1617,Female,24,Bengaluru,KA,South
CUST01618,Customer_1618,Female,60,Mumbai,MH,West
CUST01619,Customer_1619,Female,48,Mumbai,MH,West
CUST01620,Customer_1620,Male,57,Bengaluru,KA,South
CUST01621,Customer_1621,Male,57,Bengaluru,KA,South
CUST01622,Customer_1622,Female,55,Delhi,DL,North
CUST01623,Customer_1623,Female,32,Delhi,DL,North
CUST01624,Customer_1624,Male,42,Hyderabad,TG,South
CUST01625,Customer_1625,Male,49,Mumbai,MH,West
CUST01626,Customer_1626,Male,59,Kolkata,WB,East
CUST01627,Customer_1627,Male,61,Delhi,DL,North
CUST01628,Customer_1628,Male,36,Bengaluru,KA,South
CUST01629,Customer_1629,Female,46,Delhi,DL,North
CUST01630,Customer_1630,Male,28,Mumbai,MH,West
CUST01631,Customer_1631,Male,54,Hyderabad,TG,South
CUST01632,Customer_1632,Female,34,Bengaluru,KA,South
CUST01633,Customer_1633,Male,27,Bengaluru,KA,South
CUST01634,Customer_1634,Male,32,Mumbai,MH,West
CUST01635,Customer_1635,Male,40,Kolkata,WB,East
CUST01636,Customer_1636,Male,43,Kolkata,WB,East
CUST01637,Customer_1637,Female,22,Bengaluru,KA,South
CUST01638,Customer_1638,Female,27,Kolkata,WB,East
CUST01639,Customer_1639,Female,59,Mumbai,MH,West
CUST01640,Customer_1640,Male,25,Delhi,DL,North
CUST01641,Customer_1641,Female,45,Bengaluru,KA,South
CUST01642,Customer_1642,Female,24,Bengaluru,KA,South
CUST01643,Customer_1643,Female,64,Bengaluru,KA,South
CUST01644,Customer_1644,Male,59,Bengaluru,KA,South
CUST01645,Customer_1645,Male,41,Mumbai,MH,West
CUST01646,Customer_1646,Female,28,Bengaluru,KA,South
CUST01647,Customer_1647,Male,51,Delhi,DL,North
CUST01648,Customer_1648,Female,50,Bengaluru,KA,South
CUST01649,Customer_1649,Female,21,Delhi,DL,North
CUST01650,Customer_1650,Male,24,Kolkata,WB,East
CUST01651,Customer_1651,Female,61,Kolkata,WB,East
CUST01652,Customer_1652,Male,46,Delhi,DL,North
CUST01653,Customer_1653,Female,52,Bengaluru,KA,South
CUST01654,Customer_1654,Male,40,Bengaluru,KA,South
CUST01655,Customer_1655,Male,29,Bengaluru,KA,South
CUST01656,Customer_1656,Female,60,Kolkata,WB,East
CUST01657,Customer_1657,Male,38,Bengaluru,KA,South
CUST01658,Customer_1658,Female,25,Kolkata,WB,East
CUST01659,Customer_1659,Male,21,Bengaluru,KA,South
CUST01660,Customer_1660,Female,53,Kolkata,WB,East
CUST01661,Customer_1661,Female,50,Bengaluru,KA,South
CUST01662,Customer_1662,Female,51,Mumbai,MH,West
CUST01663,Customer_1663,Female,43,Bengaluru,KA,South
CUST01664,Customer_1664,Male,44,Delhi,DL,North
CUST01665,Customer_1665,Male,53,Mumbai,MH,West
CUST01666,Customer_1666,Female,51,Mumbai,MH,West
CUST01667,Customer_1667,Female,38,Kolkata,WB,East
CUST01668,Customer_1668,Male,30,Hyderabad,TG,South
CUST01669,Customer_1669,Male,25,Bengaluru,KA,South
CUST01670,Customer_1670,Female,27,Hyderabad,TG,South
CUST01671,Customer_1671,Male,51,Hyderabad,TG,South
CUST01672,Customer_1672,Female,22,Hyderabad,TG,South
CUST01673,Customer_1673,Male,37,Bengaluru,KA,South
CUST01674,Customer_1674,Female,60,Hyderabad,TG,South
CUST01675,Customer_1675,Female,57,Mumbai,MH,West
CUST01676,Customer_1676,Male,54,Hyderabad,TG,South
CUST01677,Customer_1677,Male,41,Hyderabad,TG,South
CUST01678,Customer_1678,Female,51,Bengaluru,KA,South
CUST01679,Customer_1679,Female,62,Mumbai,MH,West
CUST01680,Customer_1680,Female,48,Delhi,DL,North
CUST01681,Customer_1681,Female,50,Kolkata,WB,East
CUST01682,Customer_1682,Female,38,Kolkata,WB,East
CUST01683,Customer_1683,Female,48,Kolkata,WB,East
CUST01684,Customer_1684,Female,36,Delhi,DL,North
CUST01685,Customer_1685,Female,57,Hyderabad,TG,South
CUST01686,Customer_1686,Female,28,Mumbai,MH,West
CUST01687,Customer_1687,Female,42,Bengaluru,KA,South
CUST01688,Customer_1688,Female,26,Bengaluru,KA,South
CUST01689,Customer_1689,Male,21,Bengaluru,KA,South
CUST01690,Customer_1690,Female,22,Bengaluru,KA,South
CUST01691,Customer_1691,Female,23,Mumbai,MH,West
CUST01692,Customer_1692,Male,31,Kolkata,WB,East
CUST01693,Customer_1693,Male,55,Hyderabad,TG,South
CUST01694,Customer_1694,Female,44,Mumbai,MH,West
CUST01695,Customer_1695,Female,45,Mumbai,MH,West
CUST01696,Customer_1696,Female,52,Kolkata,WB,East
CUST01697,Customer_1697,Female,38,Hyderabad,TG,South
CUST01698,Customer_1698,Female,58,Mumbai,MH,West
CUST01699,Customer_1699,Female,52,Hyderabad,TG,South
CUST01700,Customer_1700,Male,25,Bengaluru,KA,South
CUST01701,Customer_1701,Male,33,Kolkata,WB,East
CUST01702,Customer_1702,Male,47,Kolkata,WB,East
CUST01703,Customer_1703,Male,32,Bengaluru,KA,South
CUST01704,Customer_1704,Male,42,Hyderabad,TG,South
CUST01705,Customer_1705,Male,51,Kolkata,WB,East
CUST01706,Customer_1706,Female,35,Kolkata,WB,East
CUST01707,Customer_1707,Female,60,Kolkata,WB,East
CUST01708,Customer_1708,Female,55,Delhi,DL,North
CUST01709,Customer_1709,Male,38,Delhi,DL,North
CUST01710,Customer_1710,Male,47,Bengaluru,KA,South
CUST01711,Customer_1711,Male,31,Kolkata,WB,East
CUST01712,Customer_1712,Female,49,Delhi,DL,North
CUST01713,Customer_1713,Male,32,Delhi,DL,North
CUST01714,Customer_1714,Female,47,Mumbai,MH,West
CUST01715,Customer_1715,Male,49,Bengaluru,KA,South
CUST01716,Customer_1716,Female,30,Delhi,DL,North
CUST01717,Customer_1717,Female,33,Bengaluru,KA,South
CUST01718,Customer_1718,Female,64,Bengaluru,KA,South
CUST01719,Customer_1719,Male,38,Kolkata,WB,East
CUST01720,Customer_1720,Male,23,Delhi,DL,North
CUST01721,Customer_1721,Female,34,Bengaluru,KA,South
CUST01722,Customer_1722,Male,31,Delhi,DL,North
CUST01723,Customer_1723,Female,29,Kolkata,WB,East
CUST01724,Customer_1724,Male,30,Mumbai,MH,West
CUST01725,Customer_1725,Male,58,Bengaluru,KA,South
CUST01726,Customer_1726,Female,56,Mumbai,MH,West
CUST01727,Customer_1727,Female,41,Mumbai,MH,West
CUST01728,Customer_1728,Male,56,Kolkata,WB,East
CUST01729,Customer_1729,Female,49,Kolkata,WB,East
CUST01730,Customer_1730,Female,38,Hyderabad,TG,South
CUST01731,Customer_1731,Male,62,Kolkata,WB,East
CUST01732,Customer_1732,Female,42,Delhi,DL,North
CUST01733,Customer_1733,Male,28,Kolkata,WB,East
CUST01734,Customer_1734,Male,47,Bengaluru,KA,South
CUST01735,Customer_1735,Female,50,Hyderabad,TG,South
CUST01736,Customer_1736,Male,47,Delhi,DL,North
CUST01737,Customer_1737,Female,58,Kolkata,WB,East
CUST01738,Customer_1738,Male,58,Bengaluru,KA,South
CUST01739,Customer_1739,Male,49,Delhi,DL,North
CUST01740,Customer_1740,Male,63,Bengaluru,KA,South
CUST01741,Customer_1741,Male,48,Mumbai,MH,West
CUST01742,Customer_1742,Male,27,Hyderabad,TG,South
CUST01743,Customer_1743,Female,50,Delhi,DL,North
CUST01744,Customer_1744,Male,38,Delhi,DL,North
CUST01745,Customer_1745,Male,37,Hyderabad,TG,South
CUST01746,Customer_1746,Female,38,Bengaluru,KA,South
CUST01747,Customer_1747,Female,30,Hyderabad,TG,South
CUST01748,Customer_1748,Male,35,Bengaluru,KA,South
CUST01749,Customer_1749,Female,32,Bengaluru,KA,South
CUST01750,Customer_1750,Female,31,Bengaluru,KA,South
CUST01751,Customer_1751,Female,55,Hyderabad,TG,South
CUST01752,Customer_1752,Male,59,Mumbai,MH,West
CUST01753,Customer_1753,Male,50,Kolkata,WB,East
CUST01754,Customer_1754,Female,33,Bengaluru,KA,South
CUST01755,Customer_1755,Male,49,Delhi,DL,North
CUST01756,Customer_1756,Male,25,Bengaluru,KA,South
CUST01757,Customer_1757,Male,29,Delhi,DL,North
CUST01758,Customer_1758,Female,22,Hyderabad,TG,South
CUST01759,Customer_1759,Male,45,Kolkata,WB,East
CUST01760,Customer_1760,Female,21,Bengaluru,KA,South
CUST01761,Customer_1761,Male,61,Hyderabad,TG,South
CUST01762,Customer_1762,Male,53,Bengaluru,KA,South
CUST01763,Customer_1763,Male,32,Bengaluru,KA,South
CUST01764,Customer_1764,Male,57,Kolkata,WB,East
CUST01765,Customer_1765,Male,57,Bengaluru,KA,South
CUST01766,Customer_1766,Male,28,Mumbai,MH,West
CUST01767,Customer_1767,Male,48,Bengaluru,KA,South
CUST01768,Customer_1768,Male,46,Mumbai,MH,West
CUST01769,Customer_1769,Female,58,Mumbai,MH,West
CUST01770,Customer_1770,Male,21,Mumbai,MH,West
CUST01771,Customer_1771,Female,31,Hyderabad,TG,South
CUST01772,Customer_1772,Female,50,Delhi,DL,North
CUST01773,Customer_1773,Male,49,Mumbai,MH,West
CUST01774,Customer_1774,Female,64,Delhi,DL,North
CUST01775,Customer_1775,Male,28,Kolkata,WB,East
CUST01776,Customer_1776,Female,36,Hyderabad,TG,South
CUST01777,Customer_1777,Male,22,Mumbai,MH,West
CUST01778,Customer_1778,Male,33,Kolkata,WB,East
CUST01779,Customer_1779,Female,29,Bengaluru,KA,South
CUST01780,Customer_1780,Female,29,Bengaluru,KA,South
CUST01781,Customer_1781,Male,52,Bengaluru,KA,South
CUST01782,Customer_1782,Female,47,Hyderabad,TG,South
CUST01783,Customer_1783,Female,37,Delhi,DL,North
CUST01784,Customer_1784,Female,43,Mumbai,MH,West
CUST01785,Customer_1785,Female,40,Kolkata,WB,East
CUST01786,Customer_1786,Female,34,Bengaluru,KA,South
CUST01787,Customer_1787,Female,28,Mumbai,MH,West
CUST01788,Customer_1788,Male,31,Delhi,DL,North
CUST01789,Customer_1789,Male,64,Kolkata,WB,East
CUST01790,Customer_1790,Female,38,Hyderabad,TG,South
CUST01791,Customer_1791,Male,38,Delhi,DL,North
CUST01792,Customer_1792,Female,46,Hyderabad,TG,South
CUST01793,Customer_1793,Female,27,Delhi,DL,North
CUST01794,Customer_1794,Female,53,Bengaluru,KA,South
CUST01795,Customer_1795,Male,57,Kolkata,WB,East
CUST01796,Customer_1796,Male,59,Kolkata,WB,East
CUST01797,Customer_1797,Male,44,Bengaluru,KA,South
CUST01798,Customer_1798,Female,50,Bengaluru,KA,South
CUST01799,Customer_1799,Female,60,Delhi,DL,North
CUST01800,Customer_1800,Female,31,Bengaluru,KA,South
CUST01801,Customer_1801,Male,41,Hyderabad,TG,South
CUST01802,Customer_1802,Female,40,Hyderabad,TG,South
CUST01803,Customer_1803,Male,58,Hyderabad,TG,South
CUST01804,Customer_1804,Male,22,Mumbai,MH,West
CUST01805,Customer_1805,Male,30,Mumbai,MH,West
CUST01806,Customer_1806,Female,54,Kolkata,WB,East
CUST01807,Customer_1807,Male,33,Mumbai,MH,West
CUST01808,Customer_1808,Female,32,Kolkata,WB,East
CUST01809,Customer_1809,Female,28,Bengaluru,KA,South
CUST01810,Customer_1810,Female,23,Hyderabad,TG,South
CUST01811,Customer_1811,Female,30,Bengaluru,KA,South
CUST01812,Customer_1812,Male,61,Mumbai,MH,West
CUST01813,Customer_1813,Female,48,Bengaluru,KA,South
CUST01814,Customer_1814,Male,44,Hyderabad,TG,South
CUST01815,Customer_1815,Male,30,Bengaluru,KA,South
CUST01816,Customer_1816,Female,57,Bengaluru,KA,South
CUST01817,Customer_1817,Female,65,Mumbai,MH,West
CUST01818,Customer_1818,Male,35,Mumbai,MH,West
CUST01819,Customer_1819,Male,39,Hyderabad,TG,South
CUST01820,Customer_1820,Female,57,Hyderabad,TG,South
CUST01821,Customer_1821,Female,34,Hyderabad,TG,South
CUST01822,Customer_1822,Female,23,Bengaluru,KA,South
CUST01823,Customer_1823,Female,37,Hyderabad,TG,South
CUST01824,Customer_1824,Male,59,Bengaluru,KA,South
CUST01825,Customer_1825,Female,25,Kolkata,WB,East
CUST01826,Customer_1826,Female,27,Hyderabad,TG,South
CUST01827,Customer_1827,Male,42,Delhi,DL,North
CUST01828,Customer_1828,Male,39,Mumbai,MH,West
CUST01829,Customer_1829,Female,28,Hyderabad,TG,South
CUST01830,Customer_1830,Female,24,Bengaluru,KA,South
CUST01831,Customer_1831,Female,24,Hyderabad,TG,South
CUST01832,Customer_1832,Female,26,Delhi,DL,North
CUST01833,Customer_1833,Male,30,Kolkata,WB,East
CUST01834,Customer_1834,Male,29,Kolkata,WB,East
CUST01835,Customer_1835,Female,53,Kolkata,WB,East
CUST01836,Customer_1836,Male,56,Bengaluru,KA,South
CUST01837,Customer_1837,Female,58,Kolkata,WB,East
CUST01838,Customer_1838,Female,58,Kolkata,WB,East
CUST01839,Customer_1839,Female,44,Bengaluru,KA,South
CUST01840,Customer_1840,Male,63,Hyderabad,TG,South
CUST01841,Customer_1841,Male,52,Bengaluru,KA,South
CUST01842,Customer_1842,Male,37,Hyderabad,TG,South
CUST01843,Customer_1843,Male,49,Hyderabad,TG,South
CUST01844,Customer_1844,Male,59,Delhi,DL,North
CUST01845,Customer_1845,Female,65,Bengaluru,KA,South
CUST01846,Customer_1846,Male,49,Mumbai,MH,West
CUST01847,Customer_1847,Male,64,Mumbai,MH,West
CUST01848,Customer_1848,Male,34,Kolkata,WB,East
CUST01849,Customer_1849,Male,50,Bengaluru,KA,South
CUST01850,Customer_1850,Female,26,Kolkata,WB,East
CUST01851,Customer_1851,Male,45,Kolkata,WB,East
CUST01852,Customer_1852,Female,29,Bengaluru,KA,South
CUST01853,Customer_1853,Male,29,Mumbai,MH,West
CUST01854,Customer_1854,Female,65,Hyderabad,TG,South
CUST01855,Customer_1855,Female,26,Bengaluru,KA,South
CUST01856,Customer_1856,Male,30,Delhi,DL,North
CUST01857,Customer_1857,Female,64,Hyderabad,TG,South
CUST01858,Customer_1858,Male,46,Mumbai,MH,West
CUST01859,Customer_1859,Male,53,Kolkata,WB,East
CUST01860,Customer_1860,Female,65,Delhi,DL,North
CUST01861,Customer_1861,Male,25,Hyderabad,TG,South
CUST01862,Customer_1862,Female,30,Hyderabad,TG,South
CUST01863,Customer_1863,Male,36,Hyderabad,TG,South
CUST01864,Customer_1864,Female,57,Kolkata,WB,East
CUST01865,Customer_1865,Female,41,Hyderabad,TG,South
CUST01866,Customer_1866,Male,29,Hyderabad,TG,South
CUST01867,Customer_1867,Female,44,Hyderabad,TG,South
CUST01868,Customer_1868,Female,27,Bengaluru,KA,South
CUST01869,Customer_1869,Male,23,Mumbai,MH,West
CUST01870,Customer_1870,Female,42,Kolkata,WB,East
CUST01871,Customer_1871,Male,29,Mumbai,MH,West
CUST01872,Customer_1872,Male,36,Hyderabad,TG,South
CUST01873,Customer_1873,Female,41,Bengaluru,KA,South
CUST01874,Customer_1874,Female,47,Delhi,DL,North
CUST01875,Customer_1875,Male,35,Bengaluru,KA,South
CUST01876,Customer_1876,Female,30,Bengaluru,KA,South
CUST01877,Customer_1877,Male,26,Bengaluru,KA,South
CUST01878,Customer_1878,Female,38,Hyderabad,TG,South
CUST01879,Customer_1879,Male,24,Kolkata,WB,East
CUST01880,Customer_1880,Female,46,Hyderabad,TG,South
CUST01881,Customer_1881,Female,52,Kolkata,WB,East
CUST01882,Customer_1882,Female,31,Mumbai,MH,West
CUST01883,Customer_1883,Male,23,Mumbai,MH,West
CUST01884,Customer_1884,Female,47,Hyderabad,TG,South
CUST01885,Customer_1885,Female,59,Delhi,DL,North
CUST01886,Customer_1886,Female,64,Mumbai,MH,West
CUST01887,Customer_1887,Female,30,Delhi,DL,North
CUST01888,Customer_1888,Female,64,Delhi,DL,North
CUST01889,Customer_1889,Male,27,Mumbai,MH,West
CUST01890,Customer_1890,Male,33,Mumbai,MH,West
CUST01891,Customer_1891,Female,44,Delhi,DL,North
CUST01892,Customer_1892,Male,53,Delhi,DL,North
CUST01893,Customer_1893,Female,22,Mumbai,MH,West
CUST01894,Customer_1894,Female,57,Hyderabad,TG,South
CUST01895,Customer_1895,Male,58,Hyderabad,TG,South
CUST01896,Customer_1896,Female,23,Mumbai,MH,West
CUST01897,Customer_1897,Female,49,Hyderabad,TG,South
CUST01898,Customer_1898,Female,41,Bengaluru,KA,South
CUST01899,Customer_1899,Female,31,Delhi,DL,North
CUST01900,Customer_1900,Male,55,Kolkata,WB,East
CUST01901,Customer_1901,Female,46,Mumbai,MH,West
CUST01902,Customer_1902,Male,45,Delhi,DL,North
CUST01903,Customer_1903,Male,37,Hyderabad,TG,South
CUST01904,Customer_1904,Female,24,Delhi,DL,North
CUST01905,Customer_1905,Female,40,Hyderabad,TG,South
CUST01906,Customer_1906,Female,65,Mumbai,MH,West
CUST01907,Customer_1907,Male,39,Hyderabad,TG,South
CUST01908,Customer_1908,Male,21,Bengaluru,KA,South
CUST01909,Customer_1909,Female,65,Mumbai,MH,West
CUST01910,Customer_1910,Male,60,Bengaluru,KA,South
CUST01911,Customer_1911,Female,34,Hyderabad,TG,South
CUST01912,Customer_1912,Female,39,Mumbai,MH,West
CUST01913,Customer_1913,Female,24,Bengaluru,KA,South
CUST01914,Customer_1914,Male,61,Hyderabad,TG,South
CUST01915,Customer_1915,Female,65,Mumbai,MH,West
CUST01916,Customer_1916,Female,25,Kolkata,WB,East
CUST01917,Customer_1917,Male,45,Bengaluru,KA,South
CUST01918,Customer_1918,Male,51,Bengaluru,KA,South
CUST01919,Customer_1919,Female,61,Mumbai,MH,West
CUST01920,Customer_1920,Male,44,Delhi,DL,North
CUST01921,Customer_1921,Female,25,Mumbai,MH,West
CUST01922,Customer_1922,Male,61,Hyderabad,TG,South
CUST01923,Customer_1923,Male,28,Bengaluru,KA,South
CUST01924,Customer_1924,Male,37,Mumbai,MH,West
CUST01925,Customer_1925,Male,28,Kolkata,WB,East
CUST01926,Customer_1926,Female,38,Kolkata,WB,East
CUST01927,Customer_1927,Female,56,Mumbai,MH,West
CUST01928,Customer_1928,Male,51,Delhi,DL,North
CUST01929,Customer_1929,Male,21,Hyderabad,TG,South
CUST01930,Customer_1930,Female,63,Mumbai,MH,West
CUST01931,Customer_1931,Male,38,Kolkata,WB,East
CUST01932,Customer_1932,Male,62,Hyderabad,TG,South
CUST01933,Customer_1933,Male,61,Hyderabad,TG,South
CUST01934,Customer_1934,Male,40,Delhi,DL,North
CUST01935,Customer_1935,Female,59,Mumbai,MH,West
CUST01936,Customer_1936,Male,22,Hyderabad,TG,South
CUST01937,Customer_1937,Male,33,Mumbai,MH,West
CUST01938,Customer_1938,Male,56,Mumbai,MH,West
CUST01939,Customer_1939,Male,26,Bengaluru,KA,South
CUST01940,Customer_1940,Male,44,Mumbai,MH,West
CUST01941,Customer_1941,Female,53,Bengaluru,KA,South
CUST01942,Customer_1942,Female,34,Bengaluru,KA,South
CUST01943,Customer_1943,Male,38,Kolkata,WB,East
CUST01944,Customer_1944,Female,47,Kolkata,WB,East
CUST01945,Customer_1945,Male,59,Mumbai,MH,West
CUST01946,Customer_1946,Male,35,Bengaluru,KA,South
CUST01947,Customer_1947,Male,42,Kolkata,WB,East
CUST01948,Customer_1948,Male,32,Mumbai,MH,West
CUST01949,Customer_1949,Male,27,Kolkata,WB,East
CUST01950,Customer_1950,Female,62,Delhi,DL,North
CUST01951,Customer_1951,Male,59,Bengaluru,KA,South
CUST01952,Customer_1952,Male,41,Delhi,DL,North
CUST01953,Customer_1953,Female,28,Bengaluru,KA,South
CUST01954,Customer_1954,Male,49,Delhi,DL,North
CUST01955,Customer_1955,Male,38,Hyderabad,TG,South
CUST01956,Customer_1956,Female,55,Delhi,DL,North
CUST01957,Customer_1957,Female,62,Delhi,DL,North
CUST01958,Customer_1958,Female,33,Hyderabad,TG,South
CUST01959,Customer_1959,Male,28,Mumbai,MH,West
CUST01960,Customer_1960,Female,31,Hyderabad,TG,South
CUST01961,Customer_1961,Female,63,Hyderabad,TG,South
CUST01962,Customer_1962,Male,32,Delhi,DL,North
CUST01963,Customer_1963,Female,59,Delhi,DL,North
CUST01964,Customer_1964,Female,25,Kolkata,WB,East
CUST01965,Customer_1965,Female,28,Hyderabad,TG,South
CUST01966,Customer_1966,Female,37,Delhi,DL,North
CUST01967,Customer_1967,Female,55,Delhi,DL,North
CUST01968,Customer_1968,Male,49,Bengaluru,KA,South
CUST01969,Customer_1969,Male,57,Hyderabad,TG,South
CUST01970,Customer_1970,Male,54,Hyderabad,TG,South
CUST01971,Customer_1971,Female,58,Mumbai,MH,West
CUST01972,Customer_1972,Male,22,Hyderabad,TG,South
CUST01973,Customer_1973,Female,37,Mumbai,MH,West
CUST01974,Customer_1974,Female,25,Bengaluru,KA,South
CUST01975,Customer_1975,Male,22,Delhi,DL,North
CUST01976,Customer_1976,Female,36,Kolkata,WB,East
CUST01977,Customer_1977,Male,22,Bengaluru,KA,South
CUST01978,Customer_1978,Male,30,Bengaluru,KA,South
CUST01979,Customer_1979,Male,30,Kolkata,WB,East
CUST01980,Customer_1980,Female,47,Hyderabad,TG,South
CUST01981,Customer_1981,Male,23,Hyderabad,TG,South
CUST01982,Customer_1982,Female,25,Hyderabad,TG,South
CUST01983,Customer_1983,Male,44,Kolkata,WB,East
CUST01984,Customer_1984,Male,42,Kolkata,WB,East
CUST01985,Customer_1985,Male,50,Hyderabad,TG,South
CUST01986,Customer_1986,Female,50,Bengaluru,KA,South
CUST01987,Customer_1987,Male,23,Bengaluru,KA,South
CUST01988,Customer_1988,Female,54,Bengaluru,KA,South
CUST01989,Customer_1989,Male,36,Mumbai,MH,West
CUST01990,Customer_1990,Female,63,Mumbai,MH,West
CUST01991,Customer_1991,Male,61,Hyderabad,TG,South
CUST01992,Customer_1992,Female,42,Delhi,DL,North
CUST01993,Customer_1993,Female,38,Bengaluru,KA,South
CUST01994,Customer_1994,Male,46,Delhi,DL,North
CUST01995,Customer_1995,Female,28,Bengaluru,KA,South
CUST01996,Customer_1996,Female,48,Kolkata,WB,East
CUST01997,Customer_1997,Male,31,Hyderabad,TG,South
CUST01998,Customer_1998,Male,26,Mumbai,MH,West
CUST01999,Customer_1999,Female,21,Delhi,DL,North
CUST02000,Customer_2000,Male,54,Kolkata,WB,East
CUST02001,Customer_2001,Female,56,Bengaluru,KA,South
CUST02002,Customer_2002,Female,41,Kolkata,WB,East
CUST02003,Customer_2003,Female,38,Bengaluru,KA,South
CUST02004,Customer_2004,Male,57,Mumbai,MH,West
CUST02005,Customer_2005,Female,60,Mumbai,MH,West
CUST02006,Customer_2006,Female,58,Bengaluru,KA,South
CUST02007,Customer_2007,Female,22,Kolkata,WB,East
CUST02008,Customer_2008,Male,63,Bengaluru,KA,South
CUST02009,Customer_2009,Male,30,Delhi,DL,North
CUST02010,Customer_2010,Female,54,Kolkata,WB,East
CUST02011,Customer_2011,Male,51,Bengaluru,KA,South
CUST02012,Customer_2012,Female,42,Kolkata,WB,East
CUST02013,Customer_2013,Female,48,Hyderabad,TG,South
CUST02014,Customer_2014,Male,35,Hyderabad,TG,South
CUST02015,Customer_2015,Female,55,Hyderabad,TG,South
CUST02016,Customer_2016,Female,52,Bengaluru,KA,South
CUST02017,Customer_2017,Male,42,Delhi,DL,North
CUST02018,Customer_2018,Male,27,Delhi,DL,North
CUST02019,Customer_2019,Female,63,Delhi,DL,North
CUST02020,Customer_2020,Male,24,Kolkata,WB,East
CUST02021,Customer_2021,Female,42,Hyderabad,TG,South
CUST02022,Customer_2022,Female,30,Hyderabad,TG,South
CUST02023,Customer_2023,Female,34,Delhi,DL,North
CUST02024,Customer_2024,Male,49,Bengaluru,KA,South
CUST02025,Customer_2025,Female,57,Mumbai,MH,West
CUST02026,Customer_2026,Female,42,Delhi,DL,North
CUST02027,Customer_2027,Male,33,Mumbai,MH,West
CUST02028,Customer_2028,Female,37,Mumbai,MH,West
CUST02029,Customer_2029,Male,48,Delhi,DL,North
CUST02030,Customer_2030,Male,26,Mumbai,MH,West
CUST02031,Customer_2031,Female,45,Bengaluru,KA,South
CUST02032,Customer_2032,Male,26,Bengaluru,KA,South
CUST02033,Customer_2033,Female,21,Mumbai,MH,West
CUST02034,Customer_2034,Female,30,Delhi,DL,North
CUST02035,Customer_2035,Female,36,Mumbai,MH,West
CUST02036,Customer_2036,Female,50,Hyderabad,TG,South
CUST02037,Customer_2037,Female,50,Bengaluru,KA,South
CUST02038,Customer_2038,Female,60,Mumbai,MH,West
CUST02039,Customer_2039,Female,39,Hyderabad,TG,South
CUST02040,Customer_2040,Female,29,Bengaluru,KA,South
CUST02041,Customer_2041,Male,43,Mumbai,MH,West
CUST02042,Customer_2042,Male,60,Delhi,DL,North
CUST02043,Customer_2043,Female,52,Mumbai,MH,West
CUST02044,Customer_2044,Male,62,Mumbai,MH,West
CUST02045,Customer_2045,Male,26,Delhi,DL,North
CUST02046,Customer_2046,Female,27,Bengaluru,KA,South
CUST02047,Customer_2047,Female,63,Delhi,DL,North
CUST02048,Customer_2048,Female,36,Kolkata,WB,East
CUST02049,Customer_2049,Female,54,Delhi,DL,North
CUST02050,Customer_2050,Female,58,Delhi,DL,North
CUST02051,Customer_2051,Female,51,Delhi,DL,North
CUST02052,Customer_2052,Female,22,Mumbai,MH,West
CUST02053,Customer_2053,Male,62,Hyderabad,TG,South
CUST02054,Customer_2054,Female,30,Delhi,DL,North
CUST02055,Customer_2055,Female,21,Hyderabad,TG,South
CUST02056,Customer_2056,Male,62,Mumbai,MH,West
CUST02057,Customer_2057,Male,44,Mumbai,MH,West
CUST02058,Customer_2058,Male,51,Mumbai,MH,West
CUST02059,Customer_2059,Male,47,Bengaluru,KA,South
CUST02060,Customer_2060,Male,40,Mumbai,MH,West
CUST02061,Customer_2061,Female,53,Mumbai,MH,West
CUST02062,Customer_2062,Male,56,Mumbai,MH,West
CUST02063,Customer_2063,Female,54,Mumbai,MH,West
CUST02064,Customer_2064,Male,46,Kolkata,WB,East
CUST02065,Customer_2065,Female,46,Mumbai,MH,West
CUST02066,Customer_2066,Male,63,Kolkata,WB,East
CUST02067,Customer_2067,Female,61,Bengaluru,KA,South
CUST02068,Customer_2068,Female,44,Hyderabad,TG,South
CUST02069,Customer_2069,Female,21,Hyderabad,TG,South
CUST02070,Customer_2070,Female,52,Kolkata,WB,East
CUST02071,Customer_2071,Male,63,Hyderabad,TG,South
CUST02072,Customer_2072,Female,56,Bengaluru,KA,South
CUST02073,Customer_2073,Female,53,Delhi,DL,North
CUST02074,Customer_2074,Female,33,Bengaluru,KA,South
CUST02075,Customer_2075,Female,24,Mumbai,MH,West
CUST02076,Customer_2076,Female,23,Mumbai,MH,West
CUST02077,Customer_2077,Female,64,Kolkata,WB,East
CUST02078,Customer_2078,Female,53,Mumbai,MH,West
CUST02079,Customer_2079,Female,59,Bengaluru,KA,South
CUST02080,Customer_2080,Male,43,Mumbai,MH,West
CUST02081,Customer_2081,Female,31,Hyderabad,TG,South
CUST02082,Customer_2082,Male,23,Hyderabad,TG,South
CUST02083,Customer_2083,Male,31,Mumbai,MH,West
CUST02084,Customer_2084,Male,30,Bengaluru,KA,South
CUST02085,Customer_2085,Male,46,Hyderabad,TG,South
CUST02086,Customer_2086,Female,34,Hyderabad,TG,South
CUST02087,Customer_2087,Male,61,Kolkata,WB,East
CUST02088,Customer_2088,Male,59,Mumbai,MH,West
CUST02089,Customer_2089,Female,50,Hyderabad,TG,South
CUST02090,Customer_2090,Male,34,Hyderabad,TG,South
CUST02091,Customer_2091,Male,47,Mumbai,MH,West
CUST02092,Customer_2092,Female,28,Hyderabad,TG,South
CUST02093,Customer_2093,Female,63,Bengaluru,KA,South
CUST02094,Customer_2094,Female,36,Bengaluru,KA,South
CUST02095,Customer_2095,Female,52,Mumbai,MH,West
CUST02096,Customer_2096,Female,62,Kolkata,WB,East
CUST02097,Customer_2097,Male,59,Kolkata,WB,East
CUST02098,Customer_2098,Female,61,Hyderabad,TG,South
CUST02099,Customer_2099,Male,24,Mumbai,MH,West
CUST02100,Customer_2100,Male,45,Delhi,DL,North
CUST02101,Customer_2101,Male,60,Bengaluru,KA,South
CUST02102,Customer_2102,Male,23,Mumbai,MH,West
CUST02103,Customer_2103,Female,43,Kolkata,WB,East
CUST02104,Customer_2104,Male,61,Delhi,DL,North
CUST02105,Customer_2105,Male,36,Mumbai,MH,West
CUST02106,Customer_2106,Female,63,Hyderabad,TG,South
CUST02107,Customer_2107,Female,34,Kolkata,WB,East
CUST02108,Customer_2108,Male,37,Mumbai,MH,West
CUST02109,Customer_2109,Female,35,Delhi,DL,North
CUST02110,Customer_2110,Female,35,Mumbai,MH,West
CUST02111,Customer_2111,Male,47,Bengaluru,KA,South
CUST02112,Customer_2112,Female,56,Hyderabad,TG,South
CUST02113,Customer_2113,Female,42,Delhi,DL,North
CUST02114,Customer_2114,Female,64,Bengaluru,KA,South
CUST02115,Customer_2115,Female,28,Kolkata,WB,East
CUST02116,Customer_2116,Male,23,Kolkata,WB,East
CUST02117,Customer_2117,Male,40,Kolkata,WB,East
CUST02118,Customer_2118,Male,42,Delhi,DL,North
CUST02119,Customer_2119,Male,58,Bengaluru,KA,South
CUST02120,Customer_2120,Male,52,Bengaluru,KA,South
CUST02121,Customer_2121,Male,25,Delhi,DL,North
CUST02122,Customer_2122,Male,60,Delhi,DL,North
CUST02123,Customer_2123,Male,32,Bengaluru,KA,South
CUST02124,Customer_2124,Female,26,Mumbai,MH,West
CUST02125,Customer_2125,Female,25,Kolkata,WB,East
CUST02126,Customer_2126,Male,52,Mumbai,MH,West
CUST02127,Customer_2127,Male,57,Bengaluru,KA,South
CUST02128,Customer_2128,Female,53,Hyderabad,TG,South
CUST02129,Customer_2129,Female,40,Hyderabad,TG,South
CUST02130,Customer_2130,Male,54,Delhi,DL,North
CUST02131,Customer_2131,Female,32,Bengaluru,KA,South
CUST02132,Customer_2132,Male,50,Mumbai,MH,West
CUST02133,Customer_2133,Male,48,Mumbai,MH,West
CUST02134,Customer_2134,Female,22,Bengaluru,KA,South
CUST02135,Customer_2135,Male,60,Delhi,DL,North
CUST02136,Customer_2136,Female,48,Mumbai,MH,West
CUST02137,Customer_2137,Female,35,Hyderabad,TG,South
CUST02138,Customer_2138,Female,49,Mumbai,MH,West
CUST02139,Customer_2139,Female,22,Kolkata,WB,East
CUST02140,Customer_2140,Female,59,Mumbai,MH,West
CUST02141,Customer_2141,Male,38,Hyderabad,TG,South
CUST02142,Customer_2142,Male,45,Kolkata,WB,East
CUST02143,Customer_2143,Male,37,Kolkata,WB,East
CUST02144,Customer_2144,Male,54,Mumbai,MH,West
CUST02145,Customer_2145,Female,29,Kolkata,WB,East
CUST02146,Customer_2146,Female,29,Mumbai,MH,West
CUST02147,Customer_2147,Male,46,Kolkata,WB,East
CUST02148,Customer_2148,Male,57,Mumbai,MH,West
CUST02149,Customer_2149,Female,24,Mumbai,MH,West
CUST02150,Customer_2150,Male,43,Delhi,DL,North
CUST02151,Customer_2151,Male,21,Bengaluru,KA,South
CUST02152,Customer_2152,Female,47,Bengaluru,KA,South
CUST02153,Customer_2153,Male,53,Kolkata,WB,East
CUST02154,Customer_2154,Female,46,Mumbai,MH,West
CUST02155,Customer_2155,Female,53,Bengaluru,KA,South
CUST02156,Customer_2156,Female,45,Delhi,DL,North
CUST02157,Customer_2157,Female,53,Delhi,DL,North
CUST02158,Customer_2158,Female,63,Bengaluru,KA,South
CUST02159,Customer_2159,Male,65,Delhi,DL,North
CUST02160,Customer_2160,Male,38,Hyderabad,TG,South
CUST02161,Customer_2161,Female,28,Mumbai,MH,West
CUST02162,Customer_2162,Female,47,Delhi,DL,North
CUST02163,Customer_2163,Female,41,Bengaluru,KA,South
CUST02164,Customer_2164,Female,49,Hyderabad,TG,South
CUST02165,Customer_2165,Female,39,Hyderabad,TG,South
CUST02166,Customer_2166,Male,40,Delhi,DL,North
CUST02167,Customer_2167,Female,60,Delhi,DL,North
CUST02168,Customer_2168,Female,49,Hyderabad,TG,South
CUST02169,Customer_2169,Female,41,Bengaluru,KA,South
CUST02170,Customer_2170,Female,25,Hyderabad,TG,South
CUST02171,Customer_2171,Female,65,Delhi,DL,North
CUST02172,Customer_2172,Male,46,Delhi,DL,North
CUST02173,Customer_2173,Male,23,Hyderabad,TG,South
CUST02174,Customer_2174,Female,24,Kolkata,WB,East
CUST02175,Customer_2175,Male,40,Mumbai,MH,West
CUST02176,Customer_2176,Female,51,Kolkata,WB,East
CUST02177,Customer_2177,Female,31,Delhi,DL,North
CUST02178,Customer_2178,Male,57,Hyderabad,TG,South
CUST02179,Customer_2179,Female,25,Hyderabad,TG,South
CUST02180,Customer_2180,Male,30,Kolkata,WB,East
CUST02181,Customer_2181,Female,51,Bengaluru,KA,South
CUST02182,Customer_2182,Male,34,Delhi,DL,North
CUST02183,Customer_2183,Male,25,Delhi,DL,North
CUST02184,Customer_2184,Female,39,Delhi,DL,North
CUST02185,Customer_2185,Female,63,Bengaluru,KA,South
CUST02186,Customer_2186,Female,55,Delhi,DL,North
CUST02187,Customer_2187,Male,32,Mumbai,MH,West
CUST02188,Customer_2188,Male,30,Bengaluru,KA,South
CUST02189,Customer_2189,Female,54,Hyderabad,TG,South
CUST02190,Customer_2190,Female,44,Delhi,DL,North
CUST02191,Customer_2191,Male,59,Delhi,DL,North
CUST02192,Customer_2192,Female,51,Bengaluru,KA,South
CUST02193,Customer_2193,Female,47,Delhi,DL,North
CUST02194,Customer_2194,Female,23,Hyderabad,TG,South
CUST02195,Customer_2195,Female,26,Kolkata,WB,East
CUST02196,Customer_2196,Female,39,Kolkata,WB,East
CUST02197,Customer_2197,Female,49,Kolkata,WB,East
CUST02198,Customer_2198,Female,64,Bengaluru,KA,South
CUST02199,Customer_2199,Female,38,Delhi,DL,North
CUST02200,Customer_2200,Male,56,Kolkata,WB,East
CUST02201,Customer_2201,Female,61,Hyderabad,TG,South
CUST02202,Customer_2202,Female,32,Hyderabad,TG,South
CUST02203,Customer_2203,Male,47,Bengaluru,KA,South
CUST02204,Customer_2204,Male,23,Hyderabad,TG,South
CUST02205,Customer_2205,Female,29,Hyderabad,TG,South
CUST02206,Customer_2206,Male,33,Bengaluru,KA,South
CUST02207,Customer_2207,Male,49,Hyderabad,TG,South
CUST02208,Customer_2208,Male,23,Kolkata,WB,East
CUST02209,Customer_2209,Female,42,Bengaluru,KA,South
CUST02210,Customer_2210,Male,26,Mumbai,MH,West
CUST02211,Customer_2211,Female,60,Mumbai,MH,West
CUST02212,Customer_2212,Male,36,Delhi,DL,North
CUST02213,Customer_2213,Female,61,Kolkata,WB,East
CUST02214,Customer_2214,Female,55,Delhi,DL,North
CUST02215,Customer_2215,Male,44,Delhi,DL,North
CUST02216,Customer_2216,Male,31,Kolkata,WB,East
CUST02217,Customer_2217,Male,43,Bengaluru,KA,South
CUST02218,Customer_2218,Female,26,Bengaluru,KA,South
CUST02219,Customer_2219,Male,29,Mumbai,MH,West
CUST02220,Customer_2220,Female,32,Bengaluru,KA,South
CUST02221,Customer_2221,Female,33,Bengaluru,KA,South
CUST02222,Customer_2222,Male,32,Mumbai,MH,West
CUST02223,Customer_2223,Male,57,Hyderabad,TG,South
CUST02224,Customer_2224,Male,22,Mumbai,MH,West
CUST02225,Customer_2225,Female,43,Delhi,DL,North
CUST02226,Customer_2226,Male,58,Hyderabad,TG,South
CUST02227,Customer_2227,Male,42,Hyderabad,TG,South
CUST02228,Customer_2228,Male,25,Delhi,DL,North
CUST02229,Customer_2229,Male,53,Kolkata,WB,East
CUST02230,Customer_2230,Male,35,Bengaluru,KA,South
CUST02231,Customer_2231,Female,33,Bengaluru,KA,South
CUST02232,Customer_2232,Male,25,Kolkata,WB,East
CUST02233,Customer_2233,Female,46,Delhi,DL,North
CUST02234,Customer_2234,Female,65,Delhi,DL,North
CUST02235,Customer_2235,Male,65,Delhi,DL,North
CUST02236,Customer_2236,Male,45,Mumbai,MH,West
CUST02237,Customer_2237,Male,49,Mumbai,MH,West
CUST02238,Customer_2238,Female,63,Delhi,DL,North
CUST02239,Customer_2239,Male,58,Delhi,DL,North
CUST02240,Customer_2240,Male,51,Mumbai,MH,West
CUST02241,Customer_2241,Female,25,Bengaluru,KA,South
CUST02242,Customer_2242,Male,44,Delhi,DL,North
CUST02243,Customer_2243,Female,52,Mumbai,MH,West
CUST02244,Customer_2244,Male,33,Bengaluru,KA,South
CUST02245,Customer_2245,Female,61,Kolkata,WB,East
CUST02246,Customer_2246,Male,64,Hyderabad,TG,South
CUST02247,Customer_2247,Female,53,Mumbai,MH,West
CUST02248,Customer_2248,Female,25,Hyderabad,TG,South
CUST02249,Customer_2249,Female,30,Mumbai,MH,West
CUST02250,Customer_2250,Female,32,Hyderabad,TG,South
CUST02251,Customer_2251,Male,28,Bengaluru,KA,South
CUST02252,Customer_2252,Female,53,Kolkata,WB,East
CUST02253,Customer_2253,Female,58,Hyderabad,TG,South
CUST02254,Customer_2254,Male,59,Hyderabad,TG,South
CUST02255,Customer_2255,Female,28,Bengaluru,KA,South
CUST02256,Customer_2256,Female,44,Mumbai,MH,West
CUST02257,Customer_2257,Male,37,Delhi,DL,North
CUST02258,Customer_2258,Male,58,Mumbai,MH,West
CUST02259,Customer_2259,Female,41,Bengaluru,KA,South
CUST02260,Customer_2260,Male,32,Bengaluru,KA,South
CUST02261,Customer_2261,Male,61,Delhi,DL,North
CUST02262,Customer_2262,Male,54,Delhi,DL,North
CUST02263,Customer_2263,Male,65,Hyderabad,TG,South
CUST02264,Customer_2264,Female,42,Kolkata,WB,East
CUST02265,Customer_2265,Male,26,Hyderabad,TG,South
CUST02266,Customer_2266,Female,56,Mumbai,MH,West
CUST02267,Customer_2267,Male,34,Hyderabad,TG,South
CUST02268,Customer_2268,Male,43,Delhi,DL,North
CUST02269,Customer_2269,Male,25,Delhi,DL,North
CUST02270,Customer_2270,Female,25,Delhi,DL,North
CUST02271,Customer_2271,Female,56,Mumbai,MH,West
CUST02272,Customer_2272,Female,54,Hyderabad,TG,South
CUST02273,Customer_2273,Male,53,Hyderabad,TG,South
CUST02274,Customer_2274,Male,45,Hyderabad,TG,South
CUST02275,Customer_2275,Male,30,Hyderabad,TG,South
CUST02276,Customer_2276,Female,35,Hyderabad,TG,South
CUST02277,Customer_2277,Male,51,Mumbai,MH,West
CUST02278,Customer_2278,Female,31,Bengaluru,KA,South
CUST02279,Customer_2279,Male,33,Mumbai,MH,West
CUST02280,Customer_2280,Male,65,Delhi,DL,North
CUST02281,Customer_2281,Female,37,Mumbai,MH,West
CUST02282,Customer_2282,Male,64,Kolkata,WB,East
CUST02283,Customer_2283,Female,65,Kolkata,WB,East
CUST02284,Customer_2284,Male,62,Bengaluru,KA,South
CUST02285,Customer_2285,Male,49,Bengaluru,KA,South
CUST02286,Customer_2286,Female,61,Mumbai,MH,West
CUST02287,Customer_2287,Male,58,Hyderabad,TG,South
CUST02288,Customer_2288,Male,30,Hyderabad,TG,South
CUST02289,Customer_2289,Female,33,Mumbai,MH,West
CUST02290,Customer_2290,Male,58,Mumbai,MH,West
CUST02291,Customer_2291,Male,35,Bengaluru,KA,South
CUST02292,Customer_2292,Male,45,Delhi,DL,North
CUST02293,Customer_2293,Female,36,Kolkata,WB,East
CUST02294,Customer_2294,Female,42,Bengaluru,KA,South
CUST02295,Customer_2295,Female,27,Hyderabad,TG,South
CUST02296,Customer_2296,Male,31,Bengaluru,KA,South
CUST02297,Customer_2297,Male,35,Mumbai,MH,West
CUST02298,Customer_2298,Female,59,Hyderabad,TG,South
CUST02299,Customer_2299,Male,51,Bengaluru,KA,South
CUST02300,Customer_2300,Female,45,Kolkata,WB,East
CUST02301,Customer_2301,Female,52,Bengaluru,KA,South
CUST02302,Customer_2302,Male,56,Delhi,DL,North
CUST02303,Customer_2303,Female,46,Delhi,DL,North
CUST02304,Customer_2304,Male,37,Kolkata,WB,East
CUST02305,Customer_2305,Female,44,Delhi,DL,North
CUST02306,Customer_2306,Male,64,Mumbai,MH,West
CUST02307,Customer_2307,Male,25,Mumbai,MH,West
CUST02308,Customer_2308,Male,56,Kolkata,WB,East
CUST02309,Customer_2309,Male,40,Kolkata,WB,East
CUST02310,Customer_2310,Female,62,Delhi,DL,North
CUST02311,Customer_2311,Female,30,Hyderabad,TG,South
CUST02312,Customer_2312,Male,53,Hyderabad,TG,South
CUST02313,Customer_2313,Female,49,Kolkata,WB,East
CUST02314,Customer_2314,Female,44,Kolkata,WB,East
CUST02315,Customer_2315,Male,40,Delhi,DL,North
CUST02316,Customer_2316,Male,45,Mumbai,MH,West
CUST02317,Customer_2317,Female,64,Delhi,DL,North
CUST02318,Customer_2318,Female,24,Mumbai,MH,West
CUST02319,Customer_2319,Male,50,Bengaluru,KA,South
CUST02320,Customer_2320,Female,29,Hyderabad,TG,South
CUST02321,Customer_2321,Male,32,Mumbai,MH,West
CUST02322,Customer_2322,Female,38,Kolkata,WB,East
CUST02323,Customer_2323,Male,28,Delhi,DL,North
CUST02324,Customer_2324,Male,59,Mumbai,MH,West
CUST02325,Customer_2325,Male,27,Kolkata,WB,East
CUST02326,Customer_2326,Male,41,Hyderabad,TG,South
CUST02327,Customer_2327,Female,61,Delhi,DL,North
CUST02328,Customer_2328,Female,50,Kolkata,WB,East
CUST02329,Customer_2329,Male,26,Mumbai,MH,West
CUST02330,Customer_2330,Female,64,Kolkata,WB,East
CUST02331,Customer_2331,Male,21,Delhi,DL,North
CUST02332,Customer_2332,Male,40,Kolkata,WB,East
CUST02333,Customer_2333,Female,25,Mumbai,MH,West
CUST02334,Customer_2334,Female,45,Delhi,DL,North
CUST02335,Customer_2335,Male,24,Mumbai,MH,West
CUST02336,Customer_2336,Female,37,Bengaluru,KA,South
CUST02337,Customer_2337,Male,55,Kolkata,WB,East
CUST02338,Customer_2338,Male,23,Kolkata,WB,East
CUST02339,Customer_2339,Male,43,Mumbai,MH,West
CUST02340,Customer_2340,Female,31,Hyderabad,TG,South
CUST02341,Customer_2341,Female,28,Delhi,DL,North
CUST02342,Customer_2342,Male,36,Delhi,DL,North
CUST02343,Customer_2343,Male,26,Bengaluru,KA,South
CUST02344,Customer_2344,Male,45,Hyderabad,TG,South
CUST02345,Customer_2345,Female,25,Bengaluru,KA,South
CUST02346,Customer_2346,Male,41,Hyderabad,TG,South
CUST02347,Customer_2347,Male,39,Hyderabad,TG,South
CUST02348,Customer_2348,Female,36,Bengaluru,KA,South
CUST02349,Customer_2349,Female,57,Bengaluru,KA,South
CUST02350,Customer_2350,Male,35,Kolkata,WB,East
CUST02351,Customer_2351,Female,31,Hyderabad,TG,South
CUST02352,Customer_2352,Male,24,Bengaluru,KA,South
CUST02353,Customer_2353,Male,53,Kolkata,WB,East
CUST02354,Customer_2354,Male,61,Bengaluru,KA,South
CUST02355,Customer_2355,Male,47,Bengaluru,KA,South
CUST02356,Customer_2356,Male,51,Hyderabad,TG,South
CUST02357,Customer_2357,Female,28,Mumbai,MH,West
CUST02358,Customer_2358,Female,62,Mumbai,MH,West
CUST02359,Customer_2359,Male,56,Mumbai,MH,West
CUST02360,Customer_2360,Male,39,Mumbai,MH,West
CUST02361,Customer_2361,Male,21,Delhi,DL,North
CUST02362,Customer_2362,Female,33,Mumbai,MH,West
CUST02363,Customer_2363,Female,31,Hyderabad,TG,South
CUST02364,Customer_2364,Female,41,Mumbai,MH,West
CUST02365,Customer_2365,Female,36,Hyderabad,TG,South
CUST02366,Customer_2366,Female,51,Mumbai,MH,West
CUST02367,Customer_2367,Male,35,Delhi,DL,North
CUST02368,Customer_2368,Female,41,Bengaluru,KA,South
CUST02369,Customer_2369,Female,35,Bengaluru,KA,South
CUST02370,Customer_2370,Male,53,Mumbai,MH,West
CUST02371,Customer_2371,Female,59,Delhi,DL,North
CUST02372,Customer_2372,Female,23,Delhi,DL,North
CUST02373,Customer_2373,Female,63,Bengaluru,KA,South
CUST02374,Customer_2374,Female,32,Hyderabad,TG,South
CUST02375,Customer_2375,Male,44,Hyderabad,TG,South
CUST02376,Customer_2376,Female,25,Bengaluru,KA,South
CUST02377,Customer_2377,Male,38,Delhi,DL,North
CUST02378,Customer_2378,Male,50,Mumbai,MH,West
CUST02379,Customer_2379,Female,41,Bengaluru,KA,South
CUST02380,Customer_2380,Male,52,Delhi,DL,North
CUST02381,Customer_2381,Female,61,Mumbai,MH,West
CUST02382,Customer_2382,Male,51,Mumbai,MH,West
CUST02383,Customer_2383,Male,33,Bengaluru,KA,South
CUST02384,Customer_2384,Female,44,Kolkata,WB,East
CUST02385,Customer_2385,Male,53,Mumbai,MH,West
CUST02386,Customer_2386,Female,32,Mumbai,MH,West
CUST02387,Customer_2387,Male,49,Hyderabad,TG,South
CUST02388,Customer_2388,Female,29,Kolkata,WB,East
CUST02389,Customer_2389,Male,63,Delhi,DL,North
CUST02390,Customer_2390,Male,62,Kolkata,WB,East
CUST02391,Customer_2391,Male,28,Delhi,DL,North
CUST02392,Customer_2392,Male,61,Mumbai,MH,West
CUST02393,Customer_2393,Male,55,Bengaluru,KA,South
CUST02394,Customer_2394,Female,43,Bengaluru,KA,South
CUST02395,Customer_2395,Female,55,Bengaluru,KA,South
CUST02396,Customer_2396,Female,43,Kolkata,WB,East
CUST02397,Customer_2397,Male,41,Bengaluru,KA,South
CUST02398,Customer_2398,Male,55,Bengaluru,KA,South
CUST02399,Customer_2399,Male,46,Bengaluru,KA,South
CUST02400,Customer_2400,Female,42,Delhi,DL,North
CUST02401,Customer_2401,Male,48,Kolkata,WB,East
CUST02402,Customer_2402,Female,35,Hyderabad,TG,South
CUST02403,Customer_2403,Male,48,Delhi,DL,North
CUST02404,Customer_2404,Female,26,Hyderabad,TG,South
CUST02405,Customer_2405,Male,44,Bengaluru,KA,South
CUST02406,Customer_2406,Male,62,Hyderabad,TG,South
CUST02407,Customer_2407,Female,45,Hyderabad,TG,South
CUST02408,Customer_2408,Male,53,Bengaluru,KA,South
CUST02409,Customer_2409,Female,30,Kolkata,WB,East
CUST02410,Customer_2410,Female,34,Bengaluru,KA,South
CUST02411,Customer_2411,Female,38,Bengaluru,KA,South
CUST02412,Customer_2412,Male,58,Bengaluru,KA,South
CUST02413,Customer_2413,Female,27,Mumbai,MH,West
CUST02414,Customer_2414,Male,26,Bengaluru,KA,South
CUST02415,Customer_2415,Female,31,Delhi,DL,North
CUST02416,Customer_2416,Female,30,Mumbai,MH,West
CUST02417,Customer_2417,Male,64,Bengaluru,KA,South
CUST02418,Customer_2418,Female,24,Mumbai,MH,West
CUST02419,Customer_2419,Female,27,Kolkata,WB,East
CUST02420,Customer_2420,Male,62,Delhi,DL,North
CUST02421,Customer_2421,Female,45,Mumbai,MH,West
CUST02422,Customer_2422,Male,29,Mumbai,MH,West
CUST02423,Customer_2423,Male,34,Hyderabad,TG,South
CUST02424,Customer_2424,Female,65,Hyderabad,TG,South
CUST02425,Customer_2425,Male,39,Delhi,DL,North
CUST02426,Customer_2426,Male,58,Kolkata,WB,East
CUST02427,Customer_2427,Male,58,Hyderabad,TG,South
CUST02428,Customer_2428,Male,25,Delhi,DL,North
CUST02429,Customer_2429,Male,39,Kolkata,WB,East
CUST02430,Customer_2430,Female,65,Delhi,DL,North
CUST02431,Customer_2431,Male,64,Bengaluru,KA,South
CUST02432,Customer_2432,Male,40,Delhi,DL,North
CUST02433,Customer_2433,Male,34,Kolkata,WB,East
CUST02434,Customer_2434,Female,60,Hyderabad,TG,South
CUST02435,Customer_2435,Female,40,Kolkata,WB,East
CUST02436,Customer_2436,Female,40,Kolkata,WB,East
CUST02437,Customer_2437,Female,47,Hyderabad,TG,South
CUST02438,Customer_2438,Male,27,Delhi,DL,North
CUST02439,Customer_2439,Female,27,Bengaluru,KA,South
CUST02440,Customer_2440,Female,32,Kolkata,WB,East
CUST02441,Customer_2441,Male,37,Hyderabad,TG,South
CUST02442,Customer_2442,Male,35,Hyderabad,TG,South
CUST02443,Customer_2443,Female,42,Delhi,DL,North
CUST02444,Customer_2444,Male,31,Kolkata,WB,East
CUST02445,Customer_2445,Male,47,Bengaluru,KA,South
CUST02446,Customer_2446,Female,24,Hyderabad,TG,South
CUST02447,Customer_2447,Male,38,Bengaluru,KA,South
CUST02448,Customer_2448,Male,36,Mumbai,MH,West
CUST02449,Customer_2449,Female,42,Bengaluru,KA,South
CUST02450,Customer_2450,Female,58,Kolkata,WB,East
CUST02451,Customer_2451,Male,62,Bengaluru,KA,South
CUST02452,Customer_2452,Female,50,Hyderabad,TG,South
CUST02453,Customer_2453,Male,36,Hyderabad,TG,South
CUST02454,Customer_2454,Female,65,Hyderabad,TG,South
CUST02455,Customer_2455,Female,22,Bengaluru,KA,South
CUST02456,Customer_2456,Female,63,Bengaluru,KA,South
CUST02457,Customer_2457,Female,38,Kolkata,WB,East
CUST02458,Customer_2458,Female,43,Bengaluru,KA,South
CUST02459,Customer_2459,Male,24,Hyderabad,TG,South
CUST02460,Customer_2460,Male,21,Mumbai,MH,West
CUST02461,Customer_2461,Female,64,Bengaluru,KA,South
CUST02462,Customer_2462,Female,60,Hyderabad,TG,South
CUST02463,Customer_2463,Female,53,Kolkata,WB,East
CUST02464,Customer_2464,Male,32,Mumbai,MH,West
CUST02465,Customer_2465,Female,63,Delhi,DL,North
CUST02466,Customer_2466,Female,29,Kolkata,WB,East
CUST02467,Customer_2467,Male,60,Mumbai,MH,West
CUST02468,Customer_2468,Female,24,Delhi,DL,North
CUST02469,Customer_2469,Female,37,Bengaluru,KA,South
CUST02470,Customer_2470,Male,64,Hyderabad,TG,South
CUST02471,Customer_2471,Female,64,Bengaluru,KA,South
CUST02472,Customer_2472,Male,41,Delhi,DL,North
CUST02473,Customer_2473,Female,46,Bengaluru,KA,South
CUST02474,Customer_2474,Male,35,Hyderabad,TG,South
CUST02475,Customer_2475,Male,61,Mumbai,MH,West
CUST02476,Customer_2476,Male,41,Bengaluru,KA,South
CUST02477,Customer_2477,Female,38,Kolkata,WB,East
CUST02478,Customer_2478,Female,52,Delhi,DL,North
CUST02479,Customer_2479,Male,53,Mumbai,MH,West
CUST02480,Customer_2480,Male,36,Kolkata,WB,East
CUST02481,Customer_2481,Male,28,Delhi,DL,North
CUST02482,Customer_2482,Male,46,Bengaluru,KA,South
CUST02483,Customer_2483,Female,48,Delhi,DL,North
CUST02484,Customer_2484,Female,32,Delhi,DL,North
CUST02485,Customer_2485,Female,28,Mumbai,MH,West
CUST02486,Customer_2486,Female,32,Kolkata,WB,East
CUST02487,Customer_2487,Female,32,Kolkata,WB,East
CUST02488,Customer_2488,Male,35,Delhi,DL,North
CUST02489,Customer_2489,Female,54,Bengaluru,KA,South
CUST02490,Customer_2490,Male,48,Kolkata,WB,East
CUST02491,Customer_2491,Male,58,Mumbai,MH,West
CUST02492,Customer_2492,Female,24,Hyderabad,TG,South
CUST02493,Customer_2493,Female,38,Bengaluru,KA,South
CUST02494,Customer_2494,Female,52,Mumbai,MH,West
CUST02495,Customer_2495,Female,47,Delhi,DL,North
CUST02496,Customer_2496,Female,21,Kolkata,WB,East
CUST02497,Customer_2497,Female,52,Kolkata,WB,East
CUST02498,Customer_2498,Female,44,Hyderabad,TG,South
CUST02499,Customer_2499,Female,36,Kolkata,WB,East
CUST02500,Customer_2500,Female,35,Delhi,DL,North
CUST02501,Customer_2501,Male,59,Hyderabad,TG,South
CUST02502,Customer_2502,Male,38,Delhi,DL,North
CUST02503,Customer_2503,Female,59,Bengaluru,KA,South
CUST02504,Customer_2504,Male,25,Hyderabad,TG,South
CUST02505,Customer_2505,Female,48,Mumbai,MH,West
CUST02506,Customer_2506,Female,24,Bengaluru,KA,South
CUST02507,Customer_2507,Female,48,Bengaluru,KA,South
CUST02508,Customer_2508,Female,61,Delhi,DL,North
CUST02509,Customer_2509,Male,53,Delhi,DL,North
CUST02510,Customer_2510,Female,55,Kolkata,WB,East
CUST02511,Customer_2511,Male,33,Mumbai,MH,West
CUST02512,Customer_2512,Female,50,Delhi,DL,North
CUST02513,Customer_2513,Female,39,Hyderabad,TG,South
CUST02514,Customer_2514,Female,58,Mumbai,MH,West
CUST02515,Customer_2515,Male,25,Kolkata,WB,East
CUST02516,Customer_2516,Male,22,Delhi,DL,North
CUST02517,Customer_2517,Male,57,Bengaluru,KA,South
CUST02518,Customer_2518,Female,49,Delhi,DL,North
CUST02519,Customer_2519,Male,53,Delhi,DL,North
CUST02520,Customer_2520,Female,57,Kolkata,WB,East
CUST02521,Customer_2521,Female,33,Bengaluru,KA,South
CUST02522,Customer_2522,Female,29,Bengaluru,KA,South
CUST02523,Customer_2523,Female,47,Mumbai,MH,West
CUST02524,Customer_2524,Female,55,Mumbai,MH,West
CUST02525,Customer_2525,Male,65,Bengaluru,KA,South
CUST02526,Customer_2526,Male,51,Delhi,DL,North
CUST02527,Customer_2527,Female,55,Hyderabad,TG,South
CUST02528,Customer_2528,Male,58,Hyderabad,TG,South
CUST02529,Customer_2529,Female,34,Delhi,DL,North
CUST02530,Customer_2530,Female,45,Bengaluru,KA,South
CUST02531,Customer_2531,Male,35,Mumbai,MH,West
CUST02532,Customer_2532,Female,53,Bengaluru,KA,South
CUST02533,Customer_2533,Female,36,Mumbai,MH,West
CUST02534,Customer_2534,Male,43,Bengaluru,KA,South
CUST02535,Customer_2535,Female,21,Hyderabad,TG,South
CUST02536,Customer_2536,Male,40,Kolkata,WB,East
CUST02537,Customer_2537,Male,54,Hyderabad,TG,South
CUST02538,Customer_2538,Male,37,Hyderabad,TG,South
CUST02539,Customer_2539,Male,30,Bengaluru,KA,South
CUST02540,Customer_2540,Female,36,Kolkata,WB,East
CUST02541,Customer_2541,Female,25,Delhi,DL,North
CUST02542,Customer_2542,Female,38,Delhi,DL,North
CUST02543,Customer_2543,Male,51,Mumbai,MH,West
CUST02544,Customer_2544,Female,42,Hyderabad,TG,South
CUST02545,Customer_2545,Male,49,Hyderabad,TG,South
CUST02546,Customer_2546,Female,27,Mumbai,MH,West
CUST02547,Customer_2547,Male,47,Hyderabad,TG,South
CUST02548,Customer_2548,Female,43,Hyderabad,TG,South
CUST02549,Customer_2549,Female,25,Delhi,DL,North
CUST02550,Customer_2550,Male,29,Bengaluru,KA,South
CUST02551,Customer_2551,Female,29,Hyderabad,TG,South
CUST02552,Customer_2552,Female,37,Kolkata,WB,East
CUST02553,Customer_2553,Male,38,Hyderabad,TG,South
CUST02554,Customer_2554,Male,62,Mumbai,MH,West
CUST02555,Customer_2555,Male,52,Kolkata,WB,East
CUST02556,Customer_2556,Male,36,Hyderabad,TG,South
CUST02557,Customer_2557,Male,39,Hyderabad,TG,South
CUST02558,Customer_2558,Female,25,Mumbai,MH,West
CUST02559,Customer_2559,Female,21,Delhi,DL,North
CUST02560,Customer_2560,Male,57,Delhi,DL,North
CUST02561,Customer_2561,Female,31,Kolkata,WB,East
CUST02562,Customer_2562,Female,32,Hyderabad,TG,South
CUST02563,Customer_2563,Female,52,Hyderabad,TG,South
CUST02564,Customer_2564,Female,52,Kolkata,WB,East
CUST02565,Customer_2565,Male,57,Mumbai,MH,West
CUST02566,Customer_2566,Male,36,Hyderabad,TG,South
CUST02567,Customer_2567,Male,40,Kolkata,WB,East
CUST02568,Customer_2568,Female,55,Hyderabad,TG,South
CUST02569,Customer_2569,Male,39,Kolkata,WB,East
CUST02570,Customer_2570,Female,61,Mumbai,MH,West
CUST02571,Customer_2571,Female,52,Mumbai,MH,West
CUST02572,Customer_2572,Male,54,Hyderabad,TG,South
CUST02573,Customer_2573,Female,41,Kolkata,WB,East
CUST02574,Customer_2574,Male,58,Hyderabad,TG,South
CUST02575,Customer_2575,Female,21,Mumbai,MH,West
CUST02576,Customer_2576,Female,56,Bengaluru,KA,South
CUST02577,Customer_2577,Female,37,Delhi,DL,North
CUST02578,Customer_2578,Female,61,Kolkata,WB,East
CUST02579,Customer_2579,Male,52,Hyderabad,TG,South
CUST02580,Customer_2580,Male,54,Delhi,DL,North
CUST02581,Customer_2581,Male,62,Mumbai,MH,West
CUST02582,Customer_2582,Female,33,Kolkata,WB,East
CUST02583,Customer_2583,Female,43,Hyderabad,TG,South
CUST02584,Customer_2584,Male,22,Delhi,DL,North
CUST02585,Customer_2585,Female,26,Delhi,DL,North
CUST02586,Customer_2586,Female,34,Delhi,DL,North
CUST02587,Customer_2587,Male,33,Bengaluru,KA,South
CUST02588,Customer_2588,Female,36,Bengaluru,KA,South
CUST02589,Customer_2589,Male,51,Hyderabad,TG,South
CUST02590,Customer_2590,Male,42,Mumbai,MH,West
CUST02591,Customer_2591,Female,34,Bengaluru,KA,South
CUST02592,Customer_2592,Female,40,Delhi,DL,North
CUST02593,Customer_2593,Male,29,Mumbai,MH,West
CUST02594,Customer_2594,Female,60,Kolkata,WB,East
CUST02595,Customer_2595,Male,23,Kolkata,WB,East
CUST02596,Customer_2596,Male,25,Hyderabad,TG,South
CUST02597,Customer_2597,Male,49,Bengaluru,KA,South
CUST02598,Customer_2598,Female,57,Hyderabad,TG,South
CUST02599,Customer_2599,Female,49,Mumbai,MH,West
CUST02600,Customer_2600,Male,63,Kolkata,WB,East
CUST02601,Customer_2601,Male,60,Bengaluru,KA,South
CUST02602,Customer_2602,Male,35,Kolkata,WB,East
CUST02603,Customer_2603,Female,62,Mumbai,MH,West
CUST02604,Customer_2604,Female,40,Kolkata,WB,East
CUST02605,Customer_2605,Male,58,Mumbai,MH,West
CUST02606,Customer_2606,Female,38,Bengaluru,KA,South
CUST02607,Customer_2607,Male,53,Kolkata,WB,East
CUST02608,Customer_2608,Male,60,Delhi,DL,North
CUST02609,Customer_2609,Female,49,Delhi,DL,North
CUST02610,Customer_2610,Male,64,Hyderabad,TG,South
CUST02611,Customer_2611,Male,34,Mumbai,MH,West
CUST02612,Customer_2612,Female,54,Bengaluru,KA,South
CUST02613,Customer_2613,Male,33,Hyderabad,TG,South
CUST02614,Customer_2614,Male,65,Mumbai,MH,West
CUST02615,Customer_2615,Female,29,Kolkata,WB,East
CUST02616,Customer_2616,Male,39,Mumbai,MH,West
CUST02617,Customer_2617,Male,50,Hyderabad,TG,South
CUST02618,Customer_2618,Female,59,Delhi,DL,North
CUST02619,Customer_2619,Male,45,Kolkata,WB,East
CUST02620,Customer_2620,Male,37,Hyderabad,TG,South
CUST02621,Customer_2621,Female,53,Hyderabad,TG,South
CUST02622,Customer_2622,Male,64,Mumbai,MH,West
CUST02623,Customer_2623,Male,60,Delhi,DL,North
CUST02624,Customer_2624,Female,29,Bengaluru,KA,South
CUST02625,Customer_2625,Female,34,Delhi,DL,North
CUST02626,Customer_2626,Female,25,Hyderabad,TG,South
CUST02627,Customer_2627,Female,30,Bengaluru,KA,South
CUST02628,Customer_2628,Female,32,Delhi,DL,North
CUST02629,Customer_2629,Female,51,Kolkata,WB,East
CUST02630,Customer_2630,Female,27,Hyderabad,TG,South
CUST02631,Customer_2631,Female,39,Kolkata,WB,East
CUST02632,Customer_2632,Male,52,Hyderabad,TG,South
CUST02633,Customer_2633,Female,38,Kolkata,WB,East
CUST02634,Customer_2634,Male,37,Kolkata,WB,East
CUST02635,Customer_2635,Female,47,Kolkata,WB,East
CUST02636,Customer_2636,Male,28,Hyderabad,TG,South
CUST02637,Customer_2637,Male,47,Bengaluru,KA,South
CUST02638,Customer_2638,Female,46,Hyderabad,TG,South
CUST02639,Customer_2639,Male,39,Kolkata,WB,East
CUST02640,Customer_2640,Female,63,Bengaluru,KA,South
CUST02641,Customer_2641,Female,45,Kolkata,WB,East
CUST02642,Customer_2642,Female,33,Bengaluru,KA,South
CUST02643,Customer_2643,Male,25,Hyderabad,TG,South
CUST02644,Customer_2644,Female,65,Mumbai,MH,West
CUST02645,Customer_2645,Female,54,Delhi,DL,North
CUST02646,Customer_2646,Female,33,Mumbai,MH,West
CUST02647,Customer_2647,Male,41,Mumbai,MH,West
CUST02648,Customer_2648,Female,27,Bengaluru,KA,South
CUST02649,Customer_2649,Female,40,Mumbai,MH,West
CUST02650,Customer_2650,Male,38,Hyderabad,TG,South
CUST02651,Customer_2651,Male,46,Mumbai,MH,West
CUST02652,Customer_2652,Female,60,Delhi,DL,North
CUST02653,Customer_2653,Female,47,Bengaluru,KA,South
CUST02654,Customer_2654,Male,21,Delhi,DL,North
CUST02655,Customer_2655,Female,49,Bengaluru,KA,South
CUST02656,Customer_2656,Female,51,Delhi,DL,North
CUST02657,Customer_2657,Male,23,Kolkata,WB,East
CUST02658,Customer_2658,Female,24,Bengaluru,KA,South
CUST02659,Customer_2659,Male,29,Bengaluru,KA,South
CUST02660,Customer_2660,Male,40,Kolkata,WB,East
CUST02661,Customer_2661,Female,45,Mumbai,MH,West
CUST02662,Customer_2662,Male,58,Mumbai,MH,West
CUST02663,Customer_2663,Female,25,Mumbai,MH,West
CUST02664,Customer_2664,Female,50,Hyderabad,TG,South
CUST02665,Customer_2665,Female,52,Kolkata,WB,East
CUST02666,Customer_2666,Male,45,Mumbai,MH,West
CUST02667,Customer_2667,Female,24,Mumbai,MH,West
CUST02668,Customer_2668,Female,37,Delhi,DL,North
CUST02669,Customer_2669,Female,44,Mumbai,MH,West
CUST02670,Customer_2670,Female,57,Mumbai,MH,West
CUST02671,Customer_2671,Female,24,Mumbai,MH,West
CUST02672,Customer_2672,Female,59,Hyderabad,TG,South
CUST02673,Customer_2673,Male,32,Bengaluru,KA,South
CUST02674,Customer_2674,Male,31,Bengaluru,KA,South
CUST02675,Customer_2675,Female,21,Mumbai,MH,West
CUST02676,Customer_2676,Male,35,Kolkata,WB,East
CUST02677,Customer_2677,Female,36,Hyderabad,TG,South
CUST02678,Customer_2678,Female,48,Kolkata,WB,East
CUST02679,Customer_2679,Female,55,Kolkata,WB,East
CUST02680,Customer_2680,Female,24,Bengaluru,KA,South
CUST02681,Customer_2681,Male,32,Kolkata,WB,East
CUST02682,Customer_2682,Male,54,Delhi,DL,North
CUST02683,Customer_2683,Male,39,Kolkata,WB,East
CUST02684,Customer_2684,Male,52,Kolkata,WB,East
CUST02685,Customer_2685,Male,51,Bengaluru,KA,South
CUST02686,Customer_2686,Female,54,Delhi,DL,North
CUST02687,Customer_2687,Female,43,Delhi,DL,North
CUST02688,Customer_2688,Male,58,Mumbai,MH,West
CUST02689,Customer_2689,Female,62,Mumbai,MH,West
CUST02690,Customer_2690,Female,39,Hyderabad,TG,South
CUST02691,Customer_2691,Female,27,Kolkata,WB,East
CUST02692,Customer_2692,Female,41,Bengaluru,KA,South
CUST02693,Customer_2693,Male,65,Delhi,DL,North
CUST02694,Customer_2694,Female,34,Delhi,DL,North
CUST02695,Customer_2695,Female,23,Delhi,DL,North
CUST02696,Customer_2696,Female,61,Kolkata,WB,East
CUST02697,Customer_2697,Female,38,Kolkata,WB,East
CUST02698,Customer_2698,Female,63,Delhi,DL,North
CUST02699,Customer_2699,Male,22,Kolkata,WB,East
CUST02700,Customer_2700,Female,37,Kolkata,WB,East
CUST02701,Customer_2701,Female,43,Mumbai,MH,West
CUST02702,Customer_2702,Male,48,Delhi,DL,North
CUST02703,Customer_2703,Female,39,Delhi,DL,North
CUST02704,Customer_2704,Male,39,Mumbai,MH,West
CUST02705,Customer_2705,Female,63,Delhi,DL,North
CUST02706,Customer_2706,Female,49,Delhi,DL,North
CUST02707,Customer_2707,Male,41,Hyderabad,TG,South
CUST02708,Customer_2708,Female,49,Bengaluru,KA,South
CUST02709,Customer_2709,Male,40,Bengaluru,KA,South
CUST02710,Customer_2710,Male,41,Mumbai,MH,West
CUST02711,Customer_2711,Female,37,Mumbai,MH,West
CUST02712,Customer_2712,Female,29,Bengaluru,KA,South
CUST02713,Customer_2713,Female,63,Bengaluru,KA,South
CUST02714,Customer_2714,Male,61,Mumbai,MH,West
CUST02715,Customer_2715,Female,47,Hyderabad,TG,South
CUST02716,Customer_2716,Female,56,Kolkata,WB,East
CUST02717,Customer_2717,Female,25,Hyderabad,TG,South
CUST02718,Customer_2718,Female,42,Bengaluru,KA,South
CUST02719,Customer_2719,Female,53,Mumbai,MH,West
CUST02720,Customer_2720,Male,39,Kolkata,WB,East
CUST02721,Customer_2721,Female,23,Kolkata,WB,East
CUST02722,Customer_2722,Female,36,Delhi,DL,North
CUST02723,Customer_2723,Male,21,Delhi,DL,North
CUST02724,Customer_2724,Male,23,Hyderabad,TG,South
CUST02725,Customer_2725,Male,56,Kolkata,WB,East
CUST02726,Customer_2726,Male,21,Delhi,DL,North
CUST02727,Customer_2727,Female,57,Kolkata,WB,East
CUST02728,Customer_2728,Female,63,Mumbai,MH,West
CUST02729,Customer_2729,Female,55,Mumbai,MH,West
CUST02730,Customer_2730,Female,26,Delhi,DL,North
CUST02731,Customer_2731,Female,60,Hyderabad,TG,South
CUST02732,Customer_2732,Female,61,Mumbai,MH,West
CUST02733,Customer_2733,Male,26,Delhi,DL,North
CUST02734,Customer_2734,Female,31,Hyderabad,TG,South
CUST02735,Customer_2735,Female,52,Kolkata,WB,East
CUST02736,Customer_2736,Female,29,Kolkata,WB,East
CUST02737,Customer_2737,Female,51,Delhi,DL,North
CUST02738,Customer_2738,Male,59,Delhi,DL,North
CUST02739,Customer_2739,Female,51,Hyderabad,TG,South
CUST02740,Customer_2740,Female,38,Delhi,DL,North
CUST02741,Customer_2741,Female,45,Delhi,DL,North
CUST02742,Customer_2742,Male,22,Mumbai,MH,West
CUST02743,Customer_2743,Female,49,Bengaluru,KA,South
CUST02744,Customer_2744,Female,56,Kolkata,WB,East
CUST02745,Customer_2745,Male,53,Bengaluru,KA,South
CUST02746,Customer_2746,Female,44,Hyderabad,TG,South
CUST02747,Customer_2747,Male,34,Hyderabad,TG,South
CUST02748,Customer_2748,Male,56,Bengaluru,KA,South
CUST02749,Customer_2749,Female,61,Bengaluru,KA,South
CUST02750,Customer_2750,Female,27,Kolkata,WB,East
CUST02751,Customer_2751,Male,52,Kolkata,WB,East
CUST02752,Customer_2752,Female,24,Delhi,DL,North
CUST02753,Customer_2753,Male,41,Bengaluru,KA,South
CUST02754,Customer_2754,Male,29,Delhi,DL,North
CUST02755,Customer_2755,Female,55,Hyderabad,TG,South
CUST02756,Customer_2756,Female,24,Mumbai,MH,West
CUST02757,Customer_2757,Female,45,Mumbai,MH,West
CUST02758,Customer_2758,Female,52,Bengaluru,KA,South
CUST02759,Customer_2759,Male,53,Bengaluru,KA,South
CUST02760,Customer_2760,Male,47,Delhi,DL,North
CUST02761,Customer_2761,Female,39,Delhi,DL,North
CUST02762,Customer_2762,Female,61,Kolkata,WB,East
CUST02763,Customer_2763,Female,41,Delhi,DL,North
CUST02764,Customer_2764,Male,60,Kolkata,WB,East
CUST02765,Customer_2765,Male,45,Mumbai,MH,West
CUST02766,Customer_2766,Male,27,Hyderabad,TG,South
CUST02767,Customer_2767,Female,31,Delhi,DL,North
CUST02768,Customer_2768,Female,42,Kolkata,WB,East
CUST02769,Customer_2769,Female,37,Kolkata,WB,East
CUST02770,Customer_2770,Female,33,Mumbai,MH,West
CUST02771,Customer_2771,Female,58,Bengaluru,KA,South
CUST02772,Customer_2772,Female,65,Hyderabad,TG,South
CUST02773,Customer_2773,Male,55,Hyderabad,TG,South
CUST02774,Customer_2774,Female,44,Mumbai,MH,West
CUST02775,Customer_2775,Male,59,Bengaluru,KA,South
CUST02776,Customer_2776,Female,42,Hyderabad,TG,South
CUST02777,Customer_2777,Male,47,Mumbai,MH,West
CUST02778,Customer_2778,Male,45,Mumbai,MH,West
CUST02779,Customer_2779,Female,55,Kolkata,WB,East
CUST02780,Customer_2780,Female,50,Kolkata,WB,East
CUST02781,Customer_2781,Male,56,Kolkata,WB,East
CUST02782,Customer_2782,Male,43,Delhi,DL,North
CUST02783,Customer_2783,Female,38,Delhi,DL,North
CUST02784,Customer_2784,Male,43,Bengaluru,KA,South
CUST02785,Customer_2785,Female,35,Delhi,DL,North
CUST02786,Customer_2786,Female,48,Mumbai,MH,West
CUST02787,Customer_2787,Female,46,Mumbai,MH,West
CUST02788,Customer_2788,Male,45,Mumbai,MH,West
CUST02789,Customer_2789,Female,34,Kolkata,WB,East
CUST02790,Customer_2790,Female,46,Mumbai,MH,West
CUST02791,Customer_2791,Male,47,Delhi,DL,North
CUST02792,Customer_2792,Female,42,Kolkata,WB,East
CUST02793,Customer_2793,Male,46,Mumbai,MH,West
CUST02794,Customer_2794,Female,61,Delhi,DL,North
CUST02795,Customer_2795,Male,61,Mumbai,MH,West
CUST02796,Customer_2796,Female,39,Hyderabad,TG,South
CUST02797,Customer_2797,Male,63,Bengaluru,KA,South
CUST02798,Customer_2798,Female,28,Hyderabad,TG,South
CUST02799,Customer_2799,Male,64,Hyderabad,TG,South
CUST02800,Customer_2800,Male,26,Bengaluru,KA,South
CUST02801,Customer_2801,Male,33,Bengaluru,KA,South
CUST02802,Customer_2802,Female,64,Bengaluru,KA,South
CUST02803,Customer_2803,Male,38,Bengaluru,KA,South
CUST02804,Customer_2804,Male,21,Mumbai,MH,West
CUST02805,Customer_2805,Male,52,Hyderabad,TG,South
CUST02806,Customer_2806,Male,28,Bengaluru,KA,South
CUST02807,Customer_2807,Female,26,Delhi,DL,North
CUST02808,Customer_2808,Female,57,Kolkata,WB,East
CUST02809,Customer_2809,Male,63,Kolkata,WB,East
CUST02810,Customer_2810,Female,26,Delhi,DL,North
CUST02811,Customer_2811,Male,33,Delhi,DL,North
CUST02812,Customer_2812,Male,39,Delhi,DL,North
CUST02813,Customer_2813,Male,61,Hyderabad,TG,South
CUST02814,Customer_2814,Male,27,Kolkata,WB,East
CUST02815,Customer_2815,Female,49,Delhi,DL,North
CUST02816,Customer_2816,Male,24,Delhi,DL,North
CUST02817,Customer_2817,Female,40,Bengaluru,KA,South
CUST02818,Customer_2818,Female,27,Mumbai,MH,West
CUST02819,Customer_2819,Female,41,Mumbai,MH,West
CUST02820,Customer_2820,Male,24,Kolkata,WB,East
CUST02821,Customer_2821,Female,34,Mumbai,MH,West
CUST02822,Customer_2822,Female,25,Delhi,DL,North
CUST02823,Customer_2823,Male,41,Kolkata,WB,East
CUST02824,Customer_2824,Male,52,Kolkata,WB,East
CUST02825,Customer_2825,Female,48,Bengaluru,KA,South
CUST02826,Customer_2826,Female,41,Bengaluru,KA,South
CUST02827,Customer_2827,Female,46,Delhi,DL,North
CUST02828,Customer_2828,Male,35,Hyderabad,TG,South
CUST02829,Customer_2829,Male,42,Hyderabad,TG,South
CUST02830,Customer_2830,Female,21,Delhi,DL,North
CUST02831,Customer_2831,Female,51,Mumbai,MH,West
CUST02832,Customer_2832,Male,57,Mumbai,MH,West
CUST02833,Customer_2833,Female,29,Bengaluru,KA,South
CUST02834,Customer_2834,Male,26,Hyderabad,TG,South
CUST02835,Customer_2835,Male,43,Hyderabad,TG,South
CUST02836,Customer_2836,Female,40,Hyderabad,TG,South
CUST02837,Customer_2837,Female,32,Bengaluru,KA,South
CUST02838,Customer_2838,Male,46,Kolkata,WB,East
CUST02839,Customer_2839,Male,57,Hyderabad,TG,South
CUST02840,Customer_2840,Female,37,Kolkata,WB,East
CUST02841,Customer_2841,Female,30,Bengaluru,KA,South
CUST02842,Customer_2842,Male,39,Mumbai,MH,West
CUST02843,Customer_2843,Female,52,Bengaluru,KA,South
CUST02844,Customer_2844,Female,34,Hyderabad,TG,South
CUST02845,Customer_2845,Male,56,Bengaluru,KA,South
CUST02846,Customer_2846,Female,58,Mumbai,MH,West
CUST02847,Customer_2847,Female,33,Bengaluru,KA,South
CUST02848,Customer_2848,Female,24,Kolkata,WB,East
CUST02849,Customer_2849,Male,53,Delhi,DL,North
CUST02850,Customer_2850,Female,37,Delhi,DL,North
CUST02851,Customer_2851,Female,51,Delhi,DL,North
CUST02852,Customer_2852,Male,48,Mumbai,MH,West
CUST02853,Customer_2853,Female,62,Delhi,DL,North
CUST02854,Customer_2854,Male,23,Hyderabad,TG,South
CUST02855,Customer_2855,Male,47,Delhi,DL,North
CUST02856,Customer_2856,Female,48,Hyderabad,TG,South
CUST02857,Customer_2857,Female,36,Delhi,DL,North
CUST02858,Customer_2858,Female,35,Kolkata,WB,East
CUST02859,Customer_2859,Female,27,Bengaluru,KA,South
CUST02860,Customer_2860,Female,32,Bengaluru,KA,South
CUST02861,Customer_2861,Female,50,Delhi,DL,North
CUST02862,Customer_2862,Male,64,Kolkata,WB,East
CUST02863,Customer_2863,Male,27,Kolkata,WB,East
CUST02864,Customer_2864,Female,23,Delhi,DL,North
CUST02865,Customer_2865,Male,44,Bengaluru,KA,South
CUST02866,Customer_2866,Male,31,Mumbai,MH,West
CUST02867,Customer_2867,Male,50,Delhi,DL,North
CUST02868,Customer_2868,Female,63,Bengaluru,KA,South
CUST02869,Customer_2869,Male,54,Mumbai,MH,West
CUST02870,Customer_2870,Male,42,Mumbai,MH,West
CUST02871,Customer_2871,Male,32,Delhi,DL,North
CUST02872,Customer_2872,Male,65,Bengaluru,KA,South
CUST02873,Customer_2873,Male,53,Kolkata,WB,East
CUST02874,Customer_2874,Male,38,Hyderabad,TG,South
CUST02875,Customer_2875,Male,43,Delhi,DL,North
CUST02876,Customer_2876,Female,31,Mumbai,MH,West
CUST02877,Customer_2877,Female,43,Bengaluru,KA,South
CUST02878,Customer_2878,Male,51,Hyderabad,TG,South
CUST02879,Customer_2879,Female,32,Hyderabad,TG,South
CUST02880,Customer_2880,Female,46,Bengaluru,KA,South
CUST02881,Customer_2881,Male,55,Hyderabad,TG,South
CUST02882,Customer_2882,Female,57,Kolkata,WB,East
CUST02883,Customer_2883,Female,44,Hyderabad,TG,South
CUST02884,Customer_2884,Female,61,Bengaluru,KA,South
CUST02885,Customer_2885,Female,35,Hyderabad,TG,South
CUST02886,Customer_2886,Female,57,Mumbai,MH,West
CUST02887,Customer_2887,Male,38,Bengaluru,KA,South
CUST02888,Customer_2888,Female,42,Mumbai,MH,West
CUST02889,Customer_2889,Female,37,Bengaluru,KA,South
CUST02890,Customer_2890,Male,58,Delhi,DL,North
CUST02891,Customer_2891,Male,28,Kolkata,WB,East
CUST02892,Customer_2892,Female,32,Hyderabad,TG,South
CUST02893,Customer_2893,Male,65,Mumbai,MH,West
CUST02894,Customer_2894,Male,21,Mumbai,MH,West
CUST02895,Customer_2895,Female,34,Delhi,DL,North
CUST02896,Customer_2896,Female,26,Bengaluru,KA,South
CUST02897,Customer_2897,Male,50,Kolkata,WB,East
CUST02898,Customer_2898,Female,38,Bengaluru,KA,South
CUST02899,Customer_2899,Female,32,Delhi,DL,North
CUST02900,Customer_2900,Male,61,Bengaluru,KA,South
CUST02901,Customer_2901,Male,21,Hyderabad,TG,South
CUST02902,Customer_2902,Female,51,Mumbai,MH,West
CUST02903,Customer_2903,Female,28,Mumbai,MH,West
CUST02904,Customer_2904,Female,42,Delhi,DL,North
CUST02905,Customer_2905,Female,41,Kolkata,WB,East
CUST02906,Customer_2906,Male,26,Delhi,DL,North
CUST02907,Customer_2907,Male,28,Mumbai,MH,West
CUST02908,Customer_2908,Female,26,Mumbai,MH,West
CUST02909,Customer_2909,Female,33,Delhi,DL,North
CUST02910,Customer_2910,Male,44,Delhi,DL,North
CUST02911,Customer_2911,Female,43,Bengaluru,KA,South
CUST02912,Customer_2912,Female,50,Mumbai,MH,West
CUST02913,Customer_2913,Female,63,Delhi,DL,North
CUST02914,Customer_2914,Female,44,Mumbai,MH,West
CUST02915,Customer_2915,Male,35,Delhi,DL,North
CUST02916,Customer_2916,Female,53,Delhi,DL,North
CUST02917,Customer_2917,Female,26,Delhi,DL,North
CUST02918,Customer_2918,Male,24,Delhi,DL,North
CUST02919,Customer_2919,Male,29,Hyderabad,TG,South
CUST02920,Customer_2920,Male,35,Bengaluru,KA,South
CUST02921,Customer_2921,Male,36,Mumbai,MH,West
CUST02922,Customer_2922,Female,52,Delhi,DL,North
CUST02923,Customer_2923,Male,29,Hyderabad,TG,South
CUST02924,Customer_2924,Male,37,Delhi,DL,North
CUST02925,Customer_2925,Male,34,Bengaluru,KA,South
CUST02926,Customer_2926,Male,57,Hyderabad,TG,South
CUST02927,Customer_2927,Male,29,Delhi,DL,North
CUST02928,Customer_2928,Male,37,Hyderabad,TG,South
CUST02929,Customer_2929,Male,41,Mumbai,MH,West
CUST02930,Customer_2930,Male,41,Hyderabad,TG,South
CUST02931,Customer_2931,Male,22,Kolkata,WB,East
CUST02932,Customer_2932,Male,37,Hyderabad,TG,South
CUST02933,Customer_2933,Female,26,Bengaluru,KA,South
CUST02934,Customer_2934,Male,48,Bengaluru,KA,South
CUST02935,Customer_2935,Female,51,Kolkata,WB,East
CUST02936,Customer_2936,Male,28,Bengaluru,KA,South
CUST02937,Customer_2937,Female,40,Kolkata,WB,East
CUST02938,Customer_2938,Female,46,Kolkata,WB,East
CUST02939,Customer_2939,Female,65,Kolkata,WB,East
CUST02940,Customer_2940,Female,38,Delhi,DL,North
CUST02941,Customer_2941,Male,47,Hyderabad,TG,South
CUST02942,Customer_2942,Male,31,Mumbai,MH,West
CUST02943,Customer_2943,Female,45,Delhi,DL,North
CUST02944,Customer_2944,Female,60,Mumbai,MH,West
CUST02945,Customer_2945,Male,21,Delhi,DL,North
CUST02946,Customer_2946,Female,44,Kolkata,WB,East
CUST02947,Customer_2947,Male,45,Kolkata,WB,East
CUST02948,Customer_2948,Male,55,Mumbai,MH,West
CUST02949,Customer_2949,Female,63,Delhi,DL,North
CUST02950,Customer_2950,Male,43,Delhi,DL,North
CUST02951,Customer_2951,Male,32,Delhi,DL,North
CUST02952,Customer_2952,Female,52,Hyderabad,TG,South
CUST02953,Customer_2953,Female,35,Delhi,DL,North
CUST02954,Customer_2954,Female,41,Hyderabad,TG,South
CUST02955,Customer_2955,Female,50,Hyderabad,TG,South
CUST02956,Customer_2956,Female,62,Mumbai,MH,West
CUST02957,Customer_2957,Female,37,Bengaluru,KA,South
CUST02958,Customer_2958,Female,32,Kolkata,WB,East
CUST02959,Customer_2959,Male,30,Bengaluru,KA,South
CUST02960,Customer_2960,Male,23,Hyderabad,TG,South
CUST02961,Customer_2961,Male,63,Hyderabad,TG,South
CUST02962,Customer_2962,Female,63,Delhi,DL,North
CUST02963,Customer_2963,Female,48,Kolkata,WB,East
CUST02964,Customer_2964,Male,24,Kolkata,WB,East
CUST02965,Customer_2965,Male,54,Delhi,DL,North
CUST02966,Customer_2966,Female,65,Delhi,DL,North
CUST02967,Customer_2967,Female,43,Bengaluru,KA,South
CUST02968,Customer_2968,Female,61,Kolkata,WB,East
CUST02969,Customer_2969,Male,55,Kolkata,WB,East
CUST02970,Customer_2970,Female,49,Delhi,DL,North
CUST02971,Customer_2971,Female,44,Hyderabad,TG,South
CUST02972,Customer_2972,Male,32,Delhi,DL,North
CUST02973,Customer_2973,Male,45,Hyderabad,TG,South
CUST02974,Customer_2974,Male,45,Delhi,DL,North
CUST02975,Customer_2975,Female,52,Hyderabad,TG,South
CUST02976,Customer_2976,Male,31,Bengaluru,KA,South
CUST02977,Customer_2977,Female,45,Bengaluru,KA,South
CUST02978,Customer_2978,Female,46,Hyderabad,TG,South
CUST02979,Customer_2979,Male,47,Bengaluru,KA,South
CUST02980,Customer_2980,Male,61,Kolkata,WB,East
CUST02981,Customer_2981,Female,46,Bengaluru,KA,South
CUST02982,Customer_2982,Female,38,Delhi,DL,North
CUST02983,Customer_2983,Male,45,Kolkata,WB,East
CUST02984,Customer_2984,Female,27,Delhi,DL,North
CUST02985,Customer_2985,Male,32,Mumbai,MH,West
CUST02986,Customer_2986,Male,52,Mumbai,MH,West
CUST02987,Customer_2987,Female,59,Hyderabad,TG,South
CUST02988,Customer_2988,Female,51,Hyderabad,TG,South
CUST02989,Customer_2989,Male,24,Hyderabad,TG,South
CUST02990,Customer_2990,Female,22,Mumbai,MH,West
CUST02991,Customer_2991,Female,47,Mumbai,MH,West
CUST02992,Customer_2992,Male,61,Mumbai,MH,West
CUST02993,Customer_2993,Male,56,Delhi,DL,North
CUST02994,Customer_2994,Female,53,Mumbai,MH,West
CUST02995,Customer_2995,Male,35,Mumbai,MH,West
CUST02996,Customer_2996,Male,58,Hyderabad,TG,South
CUST02997,Customer_2997,Male,30,Bengaluru,KA,South
CUST02998,Customer_2998,Male,37,Delhi,DL,North
CUST02999,Customer_2999,Male,42,Hyderabad,TG,South
CUST03000,Customer_3000,Female,56,Delhi,DL,North
CUST03001,Customer_3001,Female,24,Mumbai,MH,West
CUST03002,Customer_3002,Male,42,Mumbai,MH,West
CUST03003,Customer_3003,Male,53,Bengaluru,KA,South
CUST03004,Customer_3004,Male,54,Delhi,DL,North
CUST03005,Customer_3005,Female,64,Delhi,DL,North
CUST03006,Customer_3006,Female,55,Hyderabad,TG,South
CUST03007,Customer_3007,Male,55,Bengaluru,KA,South
CUST03008,Customer_3008,Male,61,Hyderabad,TG,South
CUST03009,Customer_3009,Male,24,Delhi,DL,North
CUST03010,Customer_3010,Male,62,Hyderabad,TG,South
CUST03011,Customer_3011,Female,48,Bengaluru,KA,South
CUST03012,Customer_3012,Male,60,Bengaluru,KA,South
CUST03013,Customer_3013,Female,50,Delhi,DL,North
CUST03014,Customer_3014,Male,51,Mumbai,MH,West
CUST03015,Customer_3015,Male,34,Kolkata,WB,East
CUST03016,Customer_3016,Female,52,Mumbai,MH,West
CUST03017,Customer_3017,Male,51,Delhi,DL,North
CUST03018,Customer_3018,Female,53,Bengaluru,KA,South
CUST03019,Customer_3019,Female,47,Hyderabad,TG,South
CUST03020,Customer_3020,Male,37,Hyderabad,TG,South
CUST03021,Customer_3021,Male,40,Kolkata,WB,East
CUST03022,Customer_3022,Female,39,Bengaluru,KA,South
CUST03023,Customer_3023,Female,60,Bengaluru,KA,South
CUST03024,Customer_3024,Male,57,Mumbai,MH,West
CUST03025,Customer_3025,Female,52,Kolkata,WB,East
CUST03026,Customer_3026,Female,25,Kolkata,WB,East
CUST03027,Customer_3027,Male,29,Mumbai,MH,West
CUST03028,Customer_3028,Male,65,Bengaluru,KA,South
CUST03029,Customer_3029,Female,53,Kolkata,WB,East
CUST03030,Customer_3030,Female,32,Delhi,DL,North
CUST03031,Customer_3031,Female,31,Hyderabad,TG,South
CUST03032,Customer_3032,Male,26,Kolkata,WB,East
CUST03033,Customer_3033,Female,27,Bengaluru,KA,South
CUST03034,Customer_3034,Female,65,Delhi,DL,North
CUST03035,Customer_3035,Male,40,Hyderabad,TG,South
CUST03036,Customer_3036,Male,52,Bengaluru,KA,South
CUST03037,Customer_3037,Male,39,Hyderabad,TG,South
CUST03038,Customer_3038,Male,31,Mumbai,MH,West
CUST03039,Customer_3039,Female,62,Kolkata,WB,East
CUST03040,Customer_3040,Male,33,Delhi,DL,North
CUST03041,Customer_3041,Female,29,Delhi,DL,North
CUST03042,Customer_3042,Female,21,Hyderabad,TG,South
CUST03043,Customer_3043,Female,25,Delhi,DL,North
CUST03044,Customer_3044,Male,59,Kolkata,WB,East
CUST03045,Customer_3045,Male,25,Mumbai,MH,West
CUST03046,Customer_3046,Female,54,Hyderabad,TG,South
CUST03047,Customer_3047,Female,52,Bengaluru,KA,South
CUST03048,Customer_3048,Female,43,Delhi,DL,North
CUST03049,Customer_3049,Male,37,Kolkata,WB,East
CUST03050,Customer_3050,Female,50,Mumbai,MH,West
CUST03051,Customer_3051,Male,35,Bengaluru,KA,South
CUST03052,Customer_3052,Male,40,Kolkata,WB,East
CUST03053,Customer_3053,Male,22,Kolkata,WB,East
CUST03054,Customer_3054,Female,28,Delhi,DL,North
CUST03055,Customer_3055,Female,54,Mumbai,MH,West
CUST03056,Customer_3056,Male,32,Delhi,DL,North
CUST03057,Customer_3057,Female,59,Mumbai,MH,West
CUST03058,Customer_3058,Female,42,Bengaluru,KA,South
CUST03059,Customer_3059,Female,23,Delhi,DL,North
CUST03060,Customer_3060,Female,37,Kolkata,WB,East
CUST03061,Customer_3061,Male,53,Mumbai,MH,West
CUST03062,Customer_3062,Male,28,Hyderabad,TG,South
CUST03063,Customer_3063,Male,48,Mumbai,MH,West
CUST03064,Customer_3064,Male,59,Kolkata,WB,East
CUST03065,Customer_3065,Male,54,Mumbai,MH,West
CUST03066,Customer_3066,Male,42,Bengaluru,KA,South
CUST03067,Customer_3067,Male,62,Mumbai,MH,West
CUST03068,Customer_3068,Female,47,Mumbai,MH,West
CUST03069,Customer_3069,Male,40,Bengaluru,KA,South
CUST03070,Customer_3070,Female,26,Bengaluru,KA,South
CUST03071,Customer_3071,Male,30,Delhi,DL,North
CUST03072,Customer_3072,Male,64,Mumbai,MH,West
CUST03073,Customer_3073,Female,27,Hyderabad,TG,South
CUST03074,Customer_3074,Female,27,Kolkata,WB,East
CUST03075,Customer_3075,Male,48,Mumbai,MH,West
CUST03076,Customer_3076,Female,61,Kolkata,WB,East
CUST03077,Customer_3077,Female,33,Bengaluru,KA,South
CUST03078,Customer_3078,Male,51,Kolkata,WB,East
CUST03079,Customer_3079,Female,48,Hyderabad,TG,South
CUST03080,Customer_3080,Female,57,Bengaluru,KA,South
CUST03081,Customer_3081,Male,56,Bengaluru,KA,South
CUST03082,Customer_3082,Female,38,Delhi,DL,North
CUST03083,Customer_3083,Male,32,Bengaluru,KA,South
CUST03084,Customer_3084,Male,49,Delhi,DL,North
CUST03085,Customer_3085,Male,56,Kolkata,WB,East
CUST03086,Customer_3086,Male,49,Hyderabad,TG,South
CUST03087,Customer_3087,Female,42,Hyderabad,TG,South
CUST03088,Customer_3088,Male,54,Kolkata,WB,East
CUST03089,Customer_3089,Male,45,Bengaluru,KA,South
CUST03090,Customer_3090,Female,58,Kolkata,WB,East
CUST03091,Customer_3091,Male,53,Delhi,DL,North
CUST03092,Customer_3092,Female,47,Mumbai,MH,West
CUST03093,Customer_3093,Female,56,Mumbai,MH,West
CUST03094,Customer_3094,Female,32,Delhi,DL,North
CUST03095,Customer_3095,Female,25,Mumbai,MH,West
CUST03096,Customer_3096,Female,41,Mumbai,MH,West
CUST03097,Customer_3097,Female,49,Delhi,DL,North
CUST03098,Customer_3098,Male,29,Hyderabad,TG,South
CUST03099,Customer_3099,Male,23,Kolkata,WB,East
CUST03100,Customer_3100,Female,56,Kolkata,WB,East
CUST03101,Customer_3101,Male,57,Mumbai,MH,West
CUST03102,Customer_3102,Female,25,Bengaluru,KA,South
CUST03103,Customer_3103,Male,26,Mumbai,MH,West
CUST03104,Customer_3104,Male,60,Hyderabad,TG,South
CUST03105,Customer_3105,Male,43,Delhi,DL,North
CUST03106,Customer_3106,Female,64,Delhi,DL,North
CUST03107,Customer_3107,Male,31,Delhi,DL,North
CUST03108,Customer_3108,Female,60,Mumbai,MH,West
CUST03109,Customer_3109,Male,62,Kolkata,WB,East
CUST03110,Customer_3110,Female,44,Hyderabad,TG,South
CUST03111,Customer_3111,Female,47,Kolkata,WB,East
CUST03112,Customer_3112,Female,45,Hyderabad,TG,South
CUST03113,Customer_3113,Female,63,Delhi,DL,North
CUST03114,Customer_3114,Female,40,Delhi,DL,North
CUST03115,Customer_3115,Female,31,Hyderabad,TG,South
CUST03116,Customer_3116,Male,34,Hyderabad,TG,South
CUST03117,Customer_3117,Male,24,Delhi,DL,North
CUST03118,Customer_3118,Male,43,Kolkata,WB,East
CUST03119,Customer_3119,Female,46,Hyderabad,TG,South
CUST03120,Customer_3120,Male,63,Delhi,DL,North
CUST03121,Customer_3121,Male,63,Kolkata,WB,East
CUST03122,Customer_3122,Female,50,Hyderabad,TG,South
CUST03123,Customer_3123,Male,28,Bengaluru,KA,South
CUST03124,Customer_3124,Female,51,Bengaluru,KA,South
CUST03125,Customer_3125,Female,21,Mumbai,MH,West
CUST03126,Customer_3126,Female,38,Bengaluru,KA,South
CUST03127,Customer_3127,Female,55,Bengaluru,KA,South
CUST03128,Customer_3128,Male,64,Delhi,DL,North
CUST03129,Customer_3129,Female,58,Kolkata,WB,East
CUST03130,Customer_3130,Male,56,Hyderabad,TG,South
CUST03131,Customer_3131,Male,48,Hyderabad,TG,South
CUST03132,Customer_3132,Male,22,Mumbai,MH,West
CUST03133,Customer_3133,Female,25,Delhi,DL,North
CUST03134,Customer_3134,Male,33,Mumbai,MH,West
CUST03135,Customer_3135,Female,57,Bengaluru,KA,South
CUST03136,Customer_3136,Female,56,Bengaluru,KA,South
CUST03137,Customer_3137,Female,34,Bengaluru,KA,South
CUST03138,Customer_3138,Female,23,Hyderabad,TG,South
CUST03139,Customer_3139,Female,46,Delhi,DL,North
CUST03140,Customer_3140,Female,47,Kolkata,WB,East
CUST03141,Customer_3141,Female,46,Delhi,DL,North
CUST03142,Customer_3142,Male,58,Delhi,DL,North
CUST03143,Customer_3143,Female,54,Hyderabad,TG,South
CUST03144,Customer_3144,Female,32,Delhi,DL,North
CUST03145,Customer_3145,Male,54,Hyderabad,TG,South
CUST03146,Customer_3146,Male,59,Mumbai,MH,West
CUST03147,Customer_3147,Male,51,Delhi,DL,North
CUST03148,Customer_3148,Male,55,Kolkata,WB,East
CUST03149,Customer_3149,Male,33,Mumbai,MH,West
CUST03150,Customer_3150,Female,22,Delhi,DL,North
CUST03151,Customer_3151,Male,49,Delhi,DL,North
CUST03152,Customer_3152,Female,41,Bengaluru,KA,South
CUST03153,Customer_3153,Male,43,Delhi,DL,North
CUST03154,Customer_3154,Female,34,Mumbai,MH,West
CUST03155,Customer_3155,Male,30,Mumbai,MH,West
CUST03156,Customer_3156,Male,59,Delhi,DL,North
CUST03157,Customer_3157,Male,53,Hyderabad,TG,South
CUST03158,Customer_3158,Female,58,Kolkata,WB,East
CUST03159,Customer_3159,Male,62,Delhi,DL,North
CUST03160,Customer_3160,Male,44,Mumbai,MH,West
CUST03161,Customer_3161,Male,56,Mumbai,MH,West
CUST03162,Customer_3162,Female,62,Delhi,DL,North
CUST03163,Customer_3163,Male,50,Delhi,DL,North
CUST03164,Customer_3164,Male,42,Hyderabad,TG,South
CUST03165,Customer_3165,Male,48,Hyderabad,TG,South
CUST03166,Customer_3166,Female,53,Delhi,DL,North
CUST03167,Customer_3167,Male,55,Mumbai,MH,West
CUST03168,Customer_3168,Female,38,Hyderabad,TG,South
CUST03169,Customer_3169,Male,27,Bengaluru,KA,South
CUST03170,Customer_3170,Female,54,Mumbai,MH,West
CUST03171,Customer_3171,Male,52,Bengaluru,KA,South
CUST03172,Customer_3172,Female,32,Delhi,DL,North
CUST03173,Customer_3173,Male,51,Bengaluru,KA,South
CUST03174,Customer_3174,Female,44,Kolkata,WB,East
CUST03175,Customer_3175,Female,62,Bengaluru,KA,South
CUST03176,Customer_3176,Male,45,Delhi,DL,North
CUST03177,Customer_3177,Male,47,Hyderabad,TG,South
CUST03178,Customer_3178,Male,21,Hyderabad,TG,South
CUST03179,Customer_3179,Male,51,Mumbai,MH,West
CUST03180,Customer_3180,Female,55,Hyderabad,TG,South
CUST03181,Customer_3181,Female,32,Kolkata,WB,East
CUST03182,Customer_3182,Female,48,Delhi,DL,North
CUST03183,Customer_3183,Male,33,Hyderabad,TG,South
CUST03184,Customer_3184,Female,59,Kolkata,WB,East
CUST03185,Customer_3185,Female,48,Mumbai,MH,West
CUST03186,Customer_3186,Female,43,Kolkata,WB,East
CUST03187,Customer_3187,Female,56,Bengaluru,KA,South
CUST03188,Customer_3188,Male,49,Delhi,DL,North
CUST03189,Customer_3189,Male,24,Bengaluru,KA,South
CUST03190,Customer_3190,Male,56,Kolkata,WB,East
CUST03191,Customer_3191,Male,36,Delhi,DL,North
CUST03192,Customer_3192,Female,56,Kolkata,WB,East
CUST03193,Customer_3193,Female,36,Delhi,DL,North
CUST03194,Customer_3194,Female,38,Kolkata,WB,East
CUST03195,Customer_3195,Female,36,Bengaluru,KA,South
CUST03196,Customer_3196,Male,22,Delhi,DL,North
CUST03197,Customer_3197,Female,63,Mumbai,MH,West
CUST03198,Customer_3198,Female,28,Hyderabad,TG,South
CUST03199,Customer_3199,Female,49,Hyderabad,TG,South
CUST03200,Customer_3200,Male,33,Mumbai,MH,West
CUST03201,Customer_3201,Male,59,Mumbai,MH,West
CUST03202,Customer_3202,Male,55,Kolkata,WB,East
CUST03203,Customer_3203,Female,33,Delhi,DL,North
CUST03204,Customer_3204,Male,28,Hyderabad,TG,South
CUST03205,Customer_3205,Female,45,Kolkata,WB,East
CUST03206,Customer_3206,Male,23,Hyderabad,TG,South
CUST03207,Customer_3207,Male,46,Kolkata,WB,East
CUST03208,Customer_3208,Male,42,Mumbai,MH,West
CUST03209,Customer_3209,Male,27,Bengaluru,KA,South
CUST03210,Customer_3210,Female,34,Kolkata,WB,East
CUST03211,Customer_3211,Male,31,Hyderabad,TG,South
CUST03212,Customer_3212,Male,53,Hyderabad,TG,South
CUST03213,Customer_3213,Female,52,Kolkata,WB,East
CUST03214,Customer_3214,Male,49,Delhi,DL,North
CUST03215,Customer_3215,Male,23,Kolkata,WB,East
CUST03216,Customer_3216,Female,44,Hyderabad,TG,South
CUST03217,Customer_3217,Female,22,Delhi,DL,North
CUST03218,Customer_3218,Male,57,Mumbai,MH,West
CUST03219,Customer_3219,Female,26,Bengaluru,KA,South
CUST03220,Customer_3220,Female,28,Hyderabad,TG,South
CUST03221,Customer_3221,Female,24,Mumbai,MH,West
CUST03222,Customer_3222,Female,44,Bengaluru,KA,South
CUST03223,Customer_3223,Male,24,Mumbai,MH,West
CUST03224,Customer_3224,Female,40,Bengaluru,KA,South
CUST03225,Customer_3225,Male,54,Kolkata,WB,East
CUST03226,Customer_3226,Male,55,Bengaluru,KA,South
CUST03227,Customer_3227,Female,55,Delhi,DL,North
CUST03228,Customer_3228,Male,60,Delhi,DL,North
CUST03229,Customer_3229,Male,47,Delhi,DL,North
CUST03230,Customer_3230,Male,57,Delhi,DL,North
CUST03231,Customer_3231,Male,64,Hyderabad,TG,South
CUST03232,Customer_3232,Male,29,Bengaluru,KA,South
CUST03233,Customer_3233,Male,64,Delhi,DL,North
CUST03234,Customer_3234,Female,24,Mumbai,MH,West
CUST03235,Customer_3235,Male,31,Delhi,DL,North
CUST03236,Customer_3236,Female,48,Kolkata,WB,East
CUST03237,Customer_3237,Female,56,Delhi,DL,North
CUST03238,Customer_3238,Female,46,Hyderabad,TG,South
CUST03239,Customer_3239,Male,59,Hyderabad,TG,South
CUST03240,Customer_3240,Male,52,Delhi,DL,North
CUST03241,Customer_3241,Female,21,Bengaluru,KA,South
CUST03242,Customer_3242,Male,62,Bengaluru,KA,South
CUST03243,Customer_3243,Male,23,Mumbai,MH,West
CUST03244,Customer_3244,Female,32,Mumbai,MH,West
CUST03245,Customer_3245,Female,36,Hyderabad,TG,South
CUST03246,Customer_3246,Female,54,Delhi,DL,North
CUST03247,Customer_3247,Female,65,Mumbai,MH,West
CUST03248,Customer_3248,Male,56,Kolkata,WB,East
CUST03249,Customer_3249,Female,57,Hyderabad,TG,South
CUST03250,Customer_3250,Female,62,Hyderabad,TG,South
CUST03251,Customer_3251,Female,34,Hyderabad,TG,South
CUST03252,Customer_3252,Female,32,Hyderabad,TG,South
CUST03253,Customer_3253,Female,28,Bengaluru,KA,South
CUST03254,Customer_3254,Female,35,Hyderabad,TG,South
CUST03255,Customer_3255,Female,45,Delhi,DL,North
CUST03256,Customer_3256,Male,62,Bengaluru,KA,South
CUST03257,Customer_3257,Female,53,Mumbai,MH,West
CUST03258,Customer_3258,Female,63,Hyderabad,TG,South
CUST03259,Customer_3259,Female,35,Delhi,DL,North
CUST03260,Customer_3260,Male,33,Kolkata,WB,East
CUST03261,Customer_3261,Male,56,Bengaluru,KA,South
CUST03262,Customer_3262,Male,50,Hyderabad,TG,South
CUST03263,Customer_3263,Male,53,Hyderabad,TG,South
CUST03264,Customer_3264,Male,48,Kolkata,WB,East
CUST03265,Customer_3265,Female,29,Kolkata,WB,East
CUST03266,Customer_3266,Male,54,Kolkata,WB,East
CUST03267,Customer_3267,Female,58,Kolkata,WB,East
CUST03268,Customer_3268,Male,32,Kolkata,WB,East
CUST03269,Customer_3269,Female,46,Mumbai,MH,West
CUST03270,Customer_3270,Male,31,Hyderabad,TG,South
CUST03271,Customer_3271,Male,25,Mumbai,MH,West
CUST03272,Customer_3272,Female,29,Mumbai,MH,West
CUST03273,Customer_3273,Female,38,Mumbai,MH,West
CUST03274,Customer_3274,Female,54,Hyderabad,TG,South
CUST03275,Customer_3275,Male,54,Mumbai,MH,West
CUST03276,Customer_3276,Female,23,Mumbai,MH,West
CUST03277,Customer_3277,Male,32,Bengaluru,KA,South
CUST03278,Customer_3278,Female,64,Bengaluru,KA,South
CUST03279,Customer_3279,Female,44,Kolkata,WB,East
CUST03280,Customer_3280,Male,30,Bengaluru,KA,South
CUST03281,Customer_3281,Female,64,Hyderabad,TG,South
CUST03282,Customer_3282,Male,43,Kolkata,WB,East
CUST03283,Customer_3283,Male,63,Bengaluru,KA,South
CUST03284,Customer_3284,Male,65,Mumbai,MH,West
CUST03285,Customer_3285,Female,22,Kolkata,WB,East
CUST03286,Customer_3286,Male,29,Kolkata,WB,East
CUST03287,Customer_3287,Female,56,Bengaluru,KA,South
CUST03288,Customer_3288,Female,54,Mumbai,MH,West
CUST03289,Customer_3289,Female,42,Hyderabad,TG,South
CUST03290,Customer_3290,Male,57,Kolkata,WB,East
CUST03291,Customer_3291,Female,41,Hyderabad,TG,South
CUST03292,Customer_3292,Female,22,Bengaluru,KA,South
CUST03293,Customer_3293,Male,47,Bengaluru,KA,South
CUST03294,Customer_3294,Female,52,Bengaluru,KA,South
CUST03295,Customer_3295,Female,24,Bengaluru,KA,South
CUST03296,Customer_3296,Female,55,Bengaluru,KA,South
CUST03297,Customer_3297,Female,60,Mumbai,MH,West
CUST03298,Customer_3298,Female,55,Bengaluru,KA,South
CUST03299,Customer_3299,Male,27,Bengaluru,KA,South
CUST03300,Customer_3300,Male,62,Bengaluru,KA,South
CUST03301,Customer_3301,Female,58,Delhi,DL,North
CUST03302,Customer_3302,Male,36,Bengaluru,KA,South
CUST03303,Customer_3303,Male,37,Mumbai,MH,West
CUST03304,Customer_3304,Female,36,Mumbai,MH,West
CUST03305,Customer_3305,Male,64,Delhi,DL,North
CUST03306,Customer_3306,Female,37,Mumbai,MH,West
CUST03307,Customer_3307,Male,57,Delhi,DL,North
CUST03308,Customer_3308,Male,29,Delhi,DL,North
CUST03309,Customer_3309,Male,23,Hyderabad,TG,South
CUST03310,Customer_3310,Female,29,Mumbai,MH,West
CUST03311,Customer_3311,Male,26,Kolkata,WB,East
CUST03312,Customer_3312,Male,53,Hyderabad,TG,South
CUST03313,Customer_3313,Male,52,Hyderabad,TG,South
CUST03314,Customer_3314,Male,32,Hyderabad,TG,South
CUST03315,Customer_3315,Female,38,Delhi,DL,North
CUST03316,Customer_3316,Female,32,Delhi,DL,North
CUST03317,Customer_3317,Male,32,Delhi,DL,North
CUST03318,Customer_3318,Female,60,Kolkata,WB,East
CUST03319,Customer_3319,Male,22,Hyderabad,TG,South
CUST03320,Customer_3320,Male,47,Hyderabad,TG,South
CUST03321,Customer_3321,Female,27,Bengaluru,KA,South
CUST03322,Customer_3322,Female,58,Bengaluru,KA,South
CUST03323,Customer_3323,Male,55,Mumbai,MH,West
CUST03324,Customer_3324,Male,65,Kolkata,WB,East
CUST03325,Customer_3325,Male,33,Mumbai,MH,West
CUST03326,Customer_3326,Female,53,Bengaluru,KA,South
CUST03327,Customer_3327,Male,53,Kolkata,WB,East
CUST03328,Customer_3328,Male,48,Delhi,DL,North
CUST03329,Customer_3329,Female,24,Mumbai,MH,West
CUST03330,Customer_3330,Female,63,Kolkata,WB,East
CUST03331,Customer_3331,Female,21,Mumbai,MH,West
CUST03332,Customer_3332,Female,38,Hyderabad,TG,South
CUST03333,Customer_3333,Female,45,Kolkata,WB,East
CUST03334,Customer_3334,Male,28,Delhi,DL,North
CUST03335,Customer_3335,Female,53,Kolkata,WB,East
CUST03336,Customer_3336,Female,33,Bengaluru,KA,South
CUST03337,Customer_3337,Female,54,Bengaluru,KA,South
CUST03338,Customer_3338,Female,47,Delhi,DL,North
CUST03339,Customer_3339,Male,37,Delhi,DL,North
CUST03340,Customer_3340,Female,40,Bengaluru,KA,South
CUST03341,Customer_3341,Female,27,Mumbai,MH,West
CUST03342,Customer_3342,Female,48,Kolkata,WB,East
CUST03343,Customer_3343,Female,21,Bengaluru,KA,South
CUST03344,Customer_3344,Male,29,Mumbai,MH,West
CUST03345,Customer_3345,Female,43,Hyderabad,TG,South
CUST03346,Customer_3346,Female,49,Kolkata,WB,East
CUST03347,Customer_3347,Male,25,Delhi,DL,North
CUST03348,Customer_3348,Female,36,Kolkata,WB,East
CUST03349,Customer_3349,Male,62,Delhi,DL,North
CUST03350,Customer_3350,Male,29,Mumbai,MH,West
CUST03351,Customer_3351,Female,46,Delhi,DL,North
CUST03352,Customer_3352,Male,49,Mumbai,MH,West
CUST03353,Customer_3353,Female,37,Mumbai,MH,West
CUST03354,Customer_3354,Female,39,Bengaluru,KA,South
CUST03355,Customer_3355,Male,50,Delhi,DL,North
CUST03356,Customer_3356,Male,57,Mumbai,MH,West
CUST03357,Customer_3357,Female,57,Delhi,DL,North
CUST03358,Customer_3358,Male,25,Hyderabad,TG,South
CUST03359,Customer_3359,Female,31,Hyderabad,TG,South
CUST03360,Customer_3360,Female,54,Delhi,DL,North
CUST03361,Customer_3361,Male,52,Kolkata,WB,East
CUST03362,Customer_3362,Female,47,Bengaluru,KA,South
CUST03363,Customer_3363,Female,33,Bengaluru,KA,South
CUST03364,Customer_3364,Male,39,Hyderabad,TG,South
CUST03365,Customer_3365,Male,29,Hyderabad,TG,South
CUST03366,Customer_3366,Male,62,Delhi,DL,North
CUST03367,Customer_3367,Female,57,Kolkata,WB,East
CUST03368,Customer_3368,Male,48,Hyderabad,TG,South
CUST03369,Customer_3369,Male,39,Hyderabad,TG,South
CUST03370,Customer_3370,Female,62,Kolkata,WB,East
CUST03371,Customer_3371,Female,42,Kolkata,WB,East
CUST03372,Customer_3372,Female,44,Hyderabad,TG,South
CUST03373,Customer_3373,Male,35,Hyderabad,TG,South
CUST03374,Customer_3374,Male,51,Bengaluru,KA,South
CUST03375,Customer_3375,Female,51,Delhi,DL,North
CUST03376,Customer_3376,Female,33,Hyderabad,TG,South
CUST03377,Customer_3377,Female,50,Delhi,DL,North
CUST03378,Customer_3378,Male,64,Bengaluru,KA,South
CUST03379,Customer_3379,Male,37,Hyderabad,TG,South
CUST03380,Customer_3380,Female,59,Mumbai,MH,West
CUST03381,Customer_3381,Female,65,Mumbai,MH,West
CUST03382,Customer_3382,Female,63,Bengaluru,KA,South
CUST03383,Customer_3383,Male,43,Kolkata,WB,East
CUST03384,Customer_3384,Male,54,Mumbai,MH,West
CUST03385,Customer_3385,Female,44,Kolkata,WB,East
CUST03386,Customer_3386,Female,27,Mumbai,MH,West
CUST03387,Customer_3387,Male,25,Delhi,DL,North
CUST03388,Customer_3388,Female,41,Kolkata,WB,East
CUST03389,Customer_3389,Male,23,Bengaluru,KA,South
CUST03390,Customer_3390,Male,42,Mumbai,MH,West
CUST03391,Customer_3391,Male,43,Bengaluru,KA,South
CUST03392,Customer_3392,Male,29,Delhi,DL,North
CUST03393,Customer_3393,Male,38,Hyderabad,TG,South
CUST03394,Customer_3394,Male,21,Kolkata,WB,East
CUST03395,Customer_3395,Female,51,Hyderabad,TG,South
CUST03396,Customer_3396,Male,27,Bengaluru,KA,South
CUST03397,Customer_3397,Male,37,Bengaluru,KA,South
CUST03398,Customer_3398,Male,36,Hyderabad,TG,South
CUST03399,Customer_3399,Male,52,Hyderabad,TG,South
CUST03400,Customer_3400,Male,33,Delhi,DL,North
CUST03401,Customer_3401,Female,38,Delhi,DL,North
CUST03402,Customer_3402,Male,33,Kolkata,WB,East
CUST03403,Customer_3403,Female,48,Bengaluru,KA,South
CUST03404,Customer_3404,Female,32,Hyderabad,TG,South
CUST03405,Customer_3405,Female,47,Hyderabad,TG,South
CUST03406,Customer_3406,Male,58,Delhi,DL,North
CUST03407,Customer_3407,Male,31,Hyderabad,TG,South
CUST03408,Customer_3408,Male,56,Hyderabad,TG,South
CUST03409,Customer_3409,Female,33,Hyderabad,TG,South
CUST03410,Customer_3410,Male,37,Kolkata,WB,East
CUST03411,Customer_3411,Male,35,Bengaluru,KA,South
CUST03412,Customer_3412,Female,26,Mumbai,MH,West
CUST03413,Customer_3413,Female,39,Delhi,DL,North
CUST03414,Customer_3414,Male,27,Mumbai,MH,West
CUST03415,Customer_3415,Female,27,Bengaluru,KA,South
CUST03416,Customer_3416,Male,33,Mumbai,MH,West
CUST03417,Customer_3417,Female,50,Hyderabad,TG,South
CUST03418,Customer_3418,Female,31,Kolkata,WB,East
CUST03419,Customer_3419,Male,33,Mumbai,MH,West
CUST03420,Customer_3420,Male,39,Hyderabad,TG,South
CUST03421,Customer_3421,Male,56,Bengaluru,KA,South
CUST03422,Customer_3422,Female,43,Mumbai,MH,West
CUST03423,Customer_3423,Female,51,Kolkata,WB,East
CUST03424,Customer_3424,Female,50,Bengaluru,KA,South
CUST03425,Customer_3425,Male,21,Hyderabad,TG,South
CUST03426,Customer_3426,Male,40,Hyderabad,TG,South
CUST03427,Customer_3427,Male,22,Hyderabad,TG,South
CUST03428,Customer_3428,Female,27,Bengaluru,KA,South
CUST03429,Customer_3429,Male,31,Mumbai,MH,West
CUST03430,Customer_3430,Male,28,Delhi,DL,North
CUST03431,Customer_3431,Male,56,Kolkata,WB,East
CUST03432,Customer_3432,Female,44,Delhi,DL,North
CUST03433,Customer_3433,Female,61,Hyderabad,TG,South
CUST03434,Customer_3434,Female,46,Hyderabad,TG,South
CUST03435,Customer_3435,Male,47,Mumbai,MH,West
CUST03436,Customer_3436,Female,32,Kolkata,WB,East
CUST03437,Customer_3437,Female,51,Kolkata,WB,East
CUST03438,Customer_3438,Female,23,Hyderabad,TG,South
CUST03439,Customer_3439,Female,45,Hyderabad,TG,South
CUST03440,Customer_3440,Male,43,Mumbai,MH,West
CUST03441,Customer_3441,Female,37,Mumbai,MH,West
CUST03442,Customer_3442,Female,61,Delhi,DL,North
CUST03443,Customer_3443,Female,35,Kolkata,WB,East
CUST03444,Customer_3444,Female,32,Hyderabad,TG,South
CUST03445,Customer_3445,Male,45,Hyderabad,TG,South
CUST03446,Customer_3446,Male,47,Bengaluru,KA,South
CUST03447,Customer_3447,Male,42,Kolkata,WB,East
CUST03448,Customer_3448,Female,29,Bengaluru,KA,South
CUST03449,Customer_3449,Male,21,Kolkata,WB,East
CUST03450,Customer_3450,Male,60,Kolkata,WB,East
CUST03451,Customer_3451,Female,36,Mumbai,MH,West
CUST03452,Customer_3452,Male,54,Delhi,DL,North
CUST03453,Customer_3453,Female,55,Delhi,DL,North
CUST03454,Customer_3454,Male,41,Bengaluru,KA,South
CUST03455,Customer_3455,Female,33,Mumbai,MH,West
CUST03456,Customer_3456,Male,63,Delhi,DL,North
CUST03457,Customer_3457,Male,63,Delhi,DL,North
CUST03458,Customer_3458,Female,45,Hyderabad,TG,South
CUST03459,Customer_3459,Male,32,Kolkata,WB,East
CUST03460,Customer_3460,Female,43,Hyderabad,TG,South
CUST03461,Customer_3461,Female,38,Hyderabad,TG,South
CUST03462,Customer_3462,Male,21,Mumbai,MH,West
CUST03463,Customer_3463,Female,47,Hyderabad,TG,South
CUST03464,Customer_3464,Male,61,Bengaluru,KA,South
CUST03465,Customer_3465,Female,24,Kolkata,WB,East
CUST03466,Customer_3466,Male,54,Hyderabad,TG,South
CUST03467,Customer_3467,Male,44,Kolkata,WB,East
CUST03468,Customer_3468,Female,50,Hyderabad,TG,South
CUST03469,Customer_3469,Female,43,Hyderabad,TG,South
CUST03470,Customer_3470,Male,40,Kolkata,WB,East
CUST03471,Customer_3471,Female,38,Hyderabad,TG,South
CUST03472,Customer_3472,Female,28,Delhi,DL,North
CUST03473,Customer_3473,Male,41,Hyderabad,TG,South
CUST03474,Customer_3474,Female,52,Mumbai,MH,West
CUST03475,Customer_3475,Male,56,Bengaluru,KA,South
CUST03476,Customer_3476,Female,25,Delhi,DL,North
CUST03477,Customer_3477,Male,42,Delhi,DL,North
CUST03478,Customer_3478,Male,33,Kolkata,WB,East
CUST03479,Customer_3479,Male,63,Hyderabad,TG,South
CUST03480,Customer_3480,Male,39,Mumbai,MH,West
CUST03481,Customer_3481,Female,23,Kolkata,WB,East
CUST03482,Customer_3482,Male,34,Hyderabad,TG,South
CUST03483,Customer_3483,Male,21,Hyderabad,TG,South
CUST03484,Customer_3484,Male,40,Mumbai,MH,West
CUST03485,Customer_3485,Male,61,Bengaluru,KA,South
CUST03486,Customer_3486,Male,55,Hyderabad,TG,South
CUST03487,Customer_3487,Male,21,Bengaluru,KA,South
CUST03488,Customer_3488,Male,62,Delhi,DL,North
CUST03489,Customer_3489,Male,35,Kolkata,WB,East
CUST03490,Customer_3490,Male,43,Hyderabad,TG,South
CUST03491,Customer_3491,Female,51,Kolkata,WB,East
CUST03492,Customer_3492,Female,40,Delhi,DL,North
CUST03493,Customer_3493,Female,62,Mumbai,MH,West
CUST03494,Customer_3494,Male,53,Kolkata,WB,East
CUST03495,Customer_3495,Female,59,Kolkata,WB,East
CUST03496,Customer_3496,Male,50,Delhi,DL,North
CUST03497,Customer_3497,Female,55,Delhi,DL,North
CUST03498,Customer_3498,Female,50,Kolkata,WB,East
CUST03499,Customer_3499,Female,21,Hyderabad,TG,South
CUST03500,Customer_3500,Female,29,Delhi,DL,North
CUST03501,Customer_3501,Female,26,Bengaluru,KA,South
CUST03502,Customer_3502,Male,40,Bengaluru,KA,South
CUST03503,Customer_3503,Female,23,Mumbai,MH,West
CUST03504,Customer_3504,Female,61,Kolkata,WB,East
CUST03505,Customer_3505,Female,53,Bengaluru,KA,South
CUST03506,Customer_3506,Male,56,Kolkata,WB,East
CUST03507,Customer_3507,Male,56,Kolkata,WB,East
CUST03508,Customer_3508,Female,39,Kolkata,WB,East
CUST03509,Customer_3509,Male,22,Delhi,DL,North
CUST03510,Customer_3510,Female,61,Hyderabad,TG,South
CUST03511,Customer_3511,Female,26,Bengaluru,KA,South
CUST03512,Customer_3512,Male,60,Kolkata,WB,East
CUST03513,Customer_3513,Male,22,Mumbai,MH,West
CUST03514,Customer_3514,Female,28,Hyderabad,TG,South
CUST03515,Customer_3515,Male,45,Kolkata,WB,East
CUST03516,Customer_3516,Male,46,Kolkata,WB,East
CUST03517,Customer_3517,Female,56,Kolkata,WB,East
CUST03518,Customer_3518,Male,38,Mumbai,MH,West
CUST03519,Customer_3519,Female,59,Hyderabad,TG,South
CUST03520,Customer_3520,Male,59,Mumbai,MH,West
CUST03521,Customer_3521,Female,53,Bengaluru,KA,South
CUST03522,Customer_3522,Female,35,Hyderabad,TG,South
CUST03523,Customer_3523,Female,37,Kolkata,WB,East
CUST03524,Customer_3524,Male,48,Hyderabad,TG,South
CUST03525,Customer_3525,Female,22,Hyderabad,TG,South
CUST03526,Customer_3526,Female,25,Mumbai,MH,West
CUST03527,Customer_3527,Male,39,Mumbai,MH,West
CUST03528,Customer_3528,Female,33,Hyderabad,TG,South
CUST03529,Customer_3529,Male,54,Mumbai,MH,West
CUST03530,Customer_3530,Female,25,Mumbai,MH,West
CUST03531,Customer_3531,Female,49,Mumbai,MH,West
CUST03532,Customer_3532,Female,62,Bengaluru,KA,South
CUST03533,Customer_3533,Female,64,Kolkata,WB,East
CUST03534,Customer_3534,Female,28,Bengaluru,KA,South
CUST03535,Customer_3535,Male,24,Hyderabad,TG,South
CUST03536,Customer_3536,Male,52,Mumbai,MH,West
CUST03537,Customer_3537,Female,54,Mumbai,MH,West
CUST03538,Customer_3538,Female,64,Kolkata,WB,East
CUST03539,Customer_3539,Male,22,Kolkata,WB,East
CUST03540,Customer_3540,Male,50,Kolkata,WB,East
CUST03541,Customer_3541,Male,46,Hyderabad,TG,South
CUST03542,Customer_3542,Male,38,Bengaluru,KA,South
CUST03543,Customer_3543,Female,51,Delhi,DL,North
CUST03544,Customer_3544,Female,32,Kolkata,WB,East
CUST03545,Customer_3545,Female,63,Hyderabad,TG,South
CUST03546,Customer_3546,Male,23,Delhi,DL,North
CUST03547,Customer_3547,Female,47,Kolkata,WB,East
CUST03548,Customer_3548,Male,28,Kolkata,WB,East
CUST03549,Customer_3549,Male,45,Hyderabad,TG,South
CUST03550,Customer_3550,Male,24,Kolkata,WB,East
CUST03551,Customer_3551,Male,51,Hyderabad,TG,South
CUST03552,Customer_3552,Female,36,Hyderabad,TG,South
CUST03553,Customer_3553,Male,38,Kolkata,WB,East
CUST03554,Customer_3554,Female,21,Hyderabad,TG,South
CUST03555,Customer_3555,Male,31,Kolkata,WB,East
CUST03556,Customer_3556,Male,48,Bengaluru,KA,South
CUST03557,Customer_3557,Female,63,Delhi,DL,North
CUST03558,Customer_3558,Female,37,Delhi,DL,North
CUST03559,Customer_3559,Female,47,Delhi,DL,North
CUST03560,Customer_3560,Female,24,Kolkata,WB,East
CUST03561,Customer_3561,Male,64,Kolkata,WB,East
CUST03562,Customer_3562,Female,28,Mumbai,MH,West
CUST03563,Customer_3563,Female,24,Kolkata,WB,East
CUST03564,Customer_3564,Male,21,Bengaluru,KA,South
CUST03565,Customer_3565,Male,36,Delhi,DL,North
CUST03566,Customer_3566,Male,54,Mumbai,MH,West
CUST03567,Customer_3567,Female,55,Bengaluru,KA,South
CUST03568,Customer_3568,Male,29,Kolkata,WB,East
CUST03569,Customer_3569,Male,50,Mumbai,MH,West
CUST03570,Customer_3570,Male,31,Mumbai,MH,West
CUST03571,Customer_3571,Female,45,Hyderabad,TG,South
CUST03572,Customer_3572,Female,46,Bengaluru,KA,South
CUST03573,Customer_3573,Male,23,Delhi,DL,North
CUST03574,Customer_3574,Female,58,Mumbai,MH,West
CUST03575,Customer_3575,Female,62,Bengaluru,KA,South
CUST03576,Customer_3576,Female,35,Bengaluru,KA,South
CUST03577,Customer_3577,Male,39,Hyderabad,TG,South
CUST03578,Customer_3578,Male,40,Delhi,DL,North
CUST03579,Customer_3579,Female,47,Hyderabad,TG,South
CUST03580,Customer_3580,Male,49,Delhi,DL,North
CUST03581,Customer_3581,Male,57,Hyderabad,TG,South
CUST03582,Customer_3582,Female,39,Mumbai,MH,West
CUST03583,Customer_3583,Female,45,Hyderabad,TG,South
CUST03584,Customer_3584,Female,33,Bengaluru,KA,South
CUST03585,Customer_3585,Female,65,Bengaluru,KA,South
CUST03586,Customer_3586,Male,37,Kolkata,WB,East
CUST03587,Customer_3587,Female,35,Hyderabad,TG,South
CUST03588,Customer_3588,Male,22,Bengaluru,KA,South
CUST03589,Customer_3589,Female,24,Mumbai,MH,West
CUST03590,Customer_3590,Male,48,Kolkata,WB,East
CUST03591,Customer_3591,Male,30,Hyderabad,TG,South
CUST03592,Customer_3592,Female,44,Mumbai,MH,West
CUST03593,Customer_3593,Male,40,Hyderabad,TG,South
CUST03594,Customer_3594,Female,53,Mumbai,MH,West
CUST03595,Customer_3595,Female,35,Mumbai,MH,West
CUST03596,Customer_3596,Female,30,Hyderabad,TG,South
CUST03597,Customer_3597,Male,57,Bengaluru,KA,South
CUST03598,Customer_3598,Male,52,Hyderabad,TG,South
CUST03599,Customer_3599,Female,27,Mumbai,MH,West
CUST03600,Customer_3600,Male,44,Kolkata,WB,East
CUST03601,Customer_3601,Female,37,Delhi,DL,North
CUST03602,Customer_3602,Male,50,Mumbai,MH,West
CUST03603,Customer_3603,Male,30,Kolkata,WB,East
CUST03604,Customer_3604,Female,45,Kolkata,WB,East
CUST03605,Customer_3605,Male,48,Kolkata,WB,East
CUST03606,Customer_3606,Male,39,Bengaluru,KA,South
CUST03607,Customer_3607,Male,27,Delhi,DL,North
CUST03608,Customer_3608,Female,50,Hyderabad,TG,South
CUST03609,Customer_3609,Male,58,Bengaluru,KA,South
CUST03610,Customer_3610,Male,29,Delhi,DL,North
CUST03611,Customer_3611,Male,65,Hyderabad,TG,South
CUST03612,Customer_3612,Male,47,Kolkata,WB,East
CUST03613,Customer_3613,Male,50,Bengaluru,KA,South
CUST03614,Customer_3614,Male,40,Mumbai,MH,West
CUST03615,Customer_3615,Male,36,Bengaluru,KA,South
CUST03616,Customer_3616,Male,64,Kolkata,WB,East
CUST03617,Customer_3617,Male,40,Delhi,DL,North
CUST03618,Customer_3618,Female,60,Mumbai,MH,West
CUST03619,Customer_3619,Male,21,Hyderabad,TG,South
CUST03620,Customer_3620,Female,34,Delhi,DL,North
CUST03621,Customer_3621,Male,33,Kolkata,WB,East
CUST03622,Customer_3622,Male,40,Mumbai,MH,West
CUST03623,Customer_3623,Female,63,Kolkata,WB,East
CUST03624,Customer_3624,Female,26,Delhi,DL,North
CUST03625,Customer_3625,Male,53,Bengaluru,KA,South
CUST03626,Customer_3626,Female,61,Delhi,DL,North
CUST03627,Customer_3627,Female,48,Hyderabad,TG,South
CUST03628,Customer_3628,Female,24,Bengaluru,KA,South
CUST03629,Customer_3629,Male,65,Delhi,DL,North
CUST03630,Customer_3630,Female,37,Bengaluru,KA,South
CUST03631,Customer_3631,Female,35,Bengaluru,KA,South
CUST03632,Customer_3632,Male,36,Kolkata,WB,East
CUST03633,Customer_3633,Female,64,Bengaluru,KA,South
CUST03634,Customer_3634,Male,37,Mumbai,MH,West
CUST03635,Customer_3635,Male,58,Bengaluru,KA,South
CUST03636,Customer_3636,Male,45,Hyderabad,TG,South
CUST03637,Customer_3637,Male,54,Bengaluru,KA,South
CUST03638,Customer_3638,Male,58,Kolkata,WB,East
CUST03639,Customer_3639,Male,47,Delhi,DL,North
CUST03640,Customer_3640,Female,43,Bengaluru,KA,South
CUST03641,Customer_3641,Female,29,Delhi,DL,North
CUST03642,Customer_3642,Female,59,Hyderabad,TG,South
CUST03643,Customer_3643,Female,30,Hyderabad,TG,South
CUST03644,Customer_3644,Male,29,Delhi,DL,North
CUST03645,Customer_3645,Male,50,Kolkata,WB,East
CUST03646,Customer_3646,Female,32,Hyderabad,TG,South
CUST03647,Customer_3647,Male,25,Hyderabad,TG,South
CUST03648,Customer_3648,Male,33,Delhi,DL,North
CUST03649,Customer_3649,Female,53,Mumbai,MH,West
CUST03650,Customer_3650,Female,58,Hyderabad,TG,South
CUST03651,Customer_3651,Male,42,Hyderabad,TG,South
CUST03652,Customer_3652,Female,65,Delhi,DL,North
CUST03653,Customer_3653,Male,65,Bengaluru,KA,South
CUST03654,Customer_3654,Male,35,Hyderabad,TG,South
CUST03655,Customer_3655,Male,42,Hyderabad,TG,South
CUST03656,Customer_3656,Male,31,Mumbai,MH,West
CUST03657,Customer_3657,Female,41,Hyderabad,TG,South
CUST03658,Customer_3658,Male,54,Kolkata,WB,East
CUST03659,Customer_3659,Female,61,Delhi,DL,North
CUST03660,Customer_3660,Female,61,Hyderabad,TG,South
CUST03661,Customer_3661,Male,65,Hyderabad,TG,South
CUST03662,Customer_3662,Female,48,Mumbai,MH,West
CUST03663,Customer_3663,Male,32,Delhi,DL,North
CUST03664,Customer_3664,Male,42,Mumbai,MH,West
CUST03665,Customer_3665,Male,62,Hyderabad,TG,South
CUST03666,Customer_3666,Male,63,Hyderabad,TG,South
CUST03667,Customer_3667,Female,47,Delhi,DL,North
CUST03668,Customer_3668,Female,64,Hyderabad,TG,South
CUST03669,Customer_3669,Female,58,Hyderabad,TG,South
CUST03670,Customer_3670,Female,32,Kolkata,WB,East
CUST03671,Customer_3671,Male,46,Bengaluru,KA,South
CUST03672,Customer_3672,Female,62,Delhi,DL,North
CUST03673,Customer_3673,Female,23,Kolkata,WB,East
CUST03674,Customer_3674,Male,59,Hyderabad,TG,South
CUST03675,Customer_3675,Female,51,Bengaluru,KA,South
CUST03676,Customer_3676,Female,47,Mumbai,MH,West
CUST03677,Customer_3677,Male,53,Kolkata,WB,East
CUST03678,Customer_3678,Female,58,Mumbai,MH,West
CUST03679,Customer_3679,Female,38,Kolkata,WB,East
CUST03680,Customer_3680,Female,45,Delhi,DL,North
CUST03681,Customer_3681,Female,43,Bengaluru,KA,South
CUST03682,Customer_3682,Female,34,Kolkata,WB,East
CUST03683,Customer_3683,Male,30,Delhi,DL,North
CUST03684,Customer_3684,Male,22,Bengaluru,KA,South
CUST03685,Customer_3685,Female,63,Bengaluru,KA,South
CUST03686,Customer_3686,Male,55,Mumbai,MH,West
CUST03687,Customer_3687,Female,37,Kolkata,WB,East
CUST03688,Customer_3688,Male,36,Kolkata,WB,East
CUST03689,Customer_3689,Male,37,Bengaluru,KA,South
CUST03690,Customer_3690,Female,22,Kolkata,WB,East
CUST03691,Customer_3691,Male,47,Bengaluru,KA,South
CUST03692,Customer_3692,Male,27,Bengaluru,KA,South
CUST03693,Customer_3693,Male,65,Hyderabad,TG,South
CUST03694,Customer_3694,Male,29,Hyderabad,TG,South
CUST03695,Customer_3695,Male,43,Hyderabad,TG,South
CUST03696,Customer_3696,Female,42,Bengaluru,KA,South
CUST03697,Customer_3697,Male,55,Mumbai,MH,West
CUST03698,Customer_3698,Female,60,Bengaluru,KA,South
CUST03699,Customer_3699,Male,35,Bengaluru,KA,South
CUST03700,Customer_3700,Male,21,Bengaluru,KA,South
CUST03701,Customer_3701,Male,34,Bengaluru,KA,South
CUST03702,Customer_3702,Male,39,Kolkata,WB,East
CUST03703,Customer_3703,Male,43,Mumbai,MH,West
CUST03704,Customer_3704,Male,43,Hyderabad,TG,South
CUST03705,Customer_3705,Male,50,Mumbai,MH,West
CUST03706,Customer_3706,Male,36,Kolkata,WB,East
CUST03707,Customer_3707,Male,27,Delhi,DL,North
CUST03708,Customer_3708,Female,57,Delhi,DL,North
CUST03709,Customer_3709,Male,45,Hyderabad,TG,South
CUST03710,Customer_3710,Female,51,Hyderabad,TG,South
CUST03711,Customer_3711,Male,59,Bengaluru,KA,South
CUST03712,Customer_3712,Male,40,Bengaluru,KA,South
CUST03713,Customer_3713,Female,28,Bengaluru,KA,South
CUST03714,Customer_3714,Male,63,Bengaluru,KA,South
CUST03715,Customer_3715,Female,49,Mumbai,MH,West
CUST03716,Customer_3716,Male,51,Bengaluru,KA,South
CUST03717,Customer_3717,Female,50,Hyderabad,TG,South
CUST03718,Customer_3718,Female,44,Bengaluru,KA,South
CUST03719,Customer_3719,Female,43,Mumbai,MH,West
CUST03720,Customer_3720,Male,33,Hyderabad,TG,South
CUST03721,Customer_3721,Male,50,Bengaluru,KA,South
CUST03722,Customer_3722,Male,37,Kolkata,WB,East
CUST03723,Customer_3723,Female,31,Bengaluru,KA,South
CUST03724,Customer_3724,Male,50,Delhi,DL,North
CUST03725,Customer_3725,Female,45,Kolkata,WB,East
CUST03726,Customer_3726,Female,54,Bengaluru,KA,South
CUST03727,Customer_3727,Male,21,Bengaluru,KA,South
CUST03728,Customer_3728,Male,50,Delhi,DL,North
CUST03729,Customer_3729,Female,21,Mumbai,MH,West
CUST03730,Customer_3730,Female,23,Bengaluru,KA,South
CUST03731,Customer_3731,Male,56,Mumbai,MH,West
CUST03732,Customer_3732,Male,57,Hyderabad,TG,South
CUST03733,Customer_3733,Female,63,Hyderabad,TG,South
CUST03734,Customer_3734,Female,36,Mumbai,MH,West
CUST03735,Customer_3735,Male,30,Delhi,DL,North
CUST03736,Customer_3736,Female,62,Mumbai,MH,West
CUST03737,Customer_3737,Male,59,Kolkata,WB,East
CUST03738,Customer_3738,Male,26,Bengaluru,KA,South
CUST03739,Customer_3739,Female,34,Bengaluru,KA,South
CUST03740,Customer_3740,Female,59,Mumbai,MH,West
CUST03741,Customer_3741,Male,59,Delhi,DL,North
CUST03742,Customer_3742,Male,52,Bengaluru,KA,South
CUST03743,Customer_3743,Female,36,Kolkata,WB,East
CUST03744,Customer_3744,Male,32,Kolkata,WB,East
CUST03745,Customer_3745,Male,50,Delhi,DL,North
CUST03746,Customer_3746,Male,45,Bengaluru,KA,South
CUST03747,Customer_3747,Female,28,Bengaluru,KA,South
CUST03748,Customer_3748,Male,48,Mumbai,MH,West
CUST03749,Customer_3749,Female,62,Kolkata,WB,East
CUST03750,Customer_3750,Male,60,Delhi,DL,North
CUST03751,Customer_3751,Male,29,Hyderabad,TG,South
CUST03752,Customer_3752,Male,54,Bengaluru,KA,South
CUST03753,Customer_3753,Male,65,Hyderabad,TG,South
CUST03754,Customer_3754,Female,27,Delhi,DL,North
CUST03755,Customer_3755,Female,24,Kolkata,WB,East
CUST03756,Customer_3756,Female,25,Bengaluru,KA,South
CUST03757,Customer_3757,Female,24,Kolkata,WB,East
CUST03758,Customer_3758,Female,28,Hyderabad,TG,South
CUST03759,Customer_3759,Male,61,Delhi,DL,North
CUST03760,Customer_3760,Male,22,Delhi,DL,North
CUST03761,Customer_3761,Female,46,Mumbai,MH,West
CUST03762,Customer_3762,Male,56,Kolkata,WB,East
CUST03763,Customer_3763,Male,48,Mumbai,MH,West
CUST03764,Customer_3764,Female,42,Hyderabad,TG,South
CUST03765,Customer_3765,Male,47,Mumbai,MH,West
CUST03766,Customer_3766,Female,30,Hyderabad,TG,South
CUST03767,Customer_3767,Female,29,Bengaluru,KA,South
CUST03768,Customer_3768,Male,39,Mumbai,MH,West
CUST03769,Customer_3769,Male,40,Mumbai,MH,West
CUST03770,Customer_3770,Male,63,Bengaluru,KA,South
CUST03771,Customer_3771,Female,48,Mumbai,MH,West
CUST03772,Customer_3772,Male,61,Kolkata,WB,East
CUST03773,Customer_3773,Male,30,Mumbai,MH,West
CUST03774,Customer_3774,Male,32,Kolkata,WB,East
CUST03775,Customer_3775,Male,30,Kolkata,WB,East
CUST03776,Customer_3776,Male,22,Hyderabad,TG,South
CUST03777,Customer_3777,Male,33,Hyderabad,TG,South
CUST03778,Customer_3778,Female,40,Bengaluru,KA,South
CUST03779,Customer_3779,Male,38,Bengaluru,KA,South
CUST03780,Customer_3780,Male,37,Delhi,DL,North
CUST03781,Customer_3781,Female,39,Mumbai,MH,West
CUST03782,Customer_3782,Male,46,Hyderabad,TG,South
CUST03783,Customer_3783,Female,22,Bengaluru,KA,South
CUST03784,Customer_3784,Female,29,Bengaluru,KA,South
CUST03785,Customer_3785,Female,27,Mumbai,MH,West
CUST03786,Customer_3786,Male,40,Delhi,DL,North
CUST03787,Customer_3787,Male,62,Bengaluru,KA,South
CUST03788,Customer_3788,Male,62,Bengaluru,KA,South
CUST03789,Customer_3789,Male,65,Bengaluru,KA,South
CUST03790,Customer_3790,Male,32,Hyderabad,TG,South
CUST03791,Customer_3791,Male,27,Mumbai,MH,West
CUST03792,Customer_3792,Male,55,Kolkata,WB,East
CUST03793,Customer_3793,Male,21,Mumbai,MH,West
CUST03794,Customer_3794,Male,65,Hyderabad,TG,South
CUST03795,Customer_3795,Female,32,Kolkata,WB,East
CUST03796,Customer_3796,Female,38,Delhi,DL,North
CUST03797,Customer_3797,Male,34,Hyderabad,TG,South
CUST03798,Customer_3798,Male,65,Kolkata,WB,East
CUST03799,Customer_3799,Male,48,Bengaluru,KA,South
CUST03800,Customer_3800,Female,62,Bengaluru,KA,South
CUST03801,Customer_3801,Female,26,Hyderabad,TG,South
CUST03802,Customer_3802,Female,56,Bengaluru,KA,South
CUST03803,Customer_3803,Male,55,Delhi,DL,North
CUST03804,Customer_3804,Male,49,Mumbai,MH,West
CUST03805,Customer_3805,Female,23,Kolkata,WB,East
CUST03806,Customer_3806,Female,28,Bengaluru,KA,South
CUST03807,Customer_3807,Male,58,Kolkata,WB,East
CUST03808,Customer_3808,Female,30,Mumbai,MH,West
CUST03809,Customer_3809,Female,49,Bengaluru,KA,South
CUST03810,Customer_3810,Male,59,Mumbai,MH,West
CUST03811,Customer_3811,Female,55,Kolkata,WB,East
CUST03812,Customer_3812,Female,21,Delhi,DL,North
CUST03813,Customer_3813,Female,30,Bengaluru,KA,South
CUST03814,Customer_3814,Male,35,Delhi,DL,North
CUST03815,Customer_3815,Male,34,Kolkata,WB,East
CUST03816,Customer_3816,Male,22,Mumbai,MH,West
CUST03817,Customer_3817,Female,36,Bengaluru,KA,South
CUST03818,Customer_3818,Female,48,Delhi,DL,North
CUST03819,Customer_3819,Male,28,Hyderabad,TG,South
CUST03820,Customer_3820,Female,30,Hyderabad,TG,South
CUST03821,Customer_3821,Female,39,Delhi,DL,North
CUST03822,Customer_3822,Female,60,Bengaluru,KA,South
CUST03823,Customer_3823,Male,45,Hyderabad,TG,South
CUST03824,Customer_3824,Female,31,Mumbai,MH,West
CUST03825,Customer_3825,Male,55,Kolkata,WB,East
CUST03826,Customer_3826,Female,41,Delhi,DL,North
CUST03827,Customer_3827,Male,21,Mumbai,MH,West
CUST03828,Customer_3828,Female,52,Hyderabad,TG,South
CUST03829,Customer_3829,Female,57,Hyderabad,TG,South
CUST03830,Customer_3830,Male,47,Bengaluru,KA,South
CUST03831,Customer_3831,Female,27,Hyderabad,TG,South
CUST03832,Customer_3832,Male,37,Bengaluru,KA,South
CUST03833,Customer_3833,Male,28,Bengaluru,KA,South
CUST03834,Customer_3834,Female,62,Kolkata,WB,East
CUST03835,Customer_3835,Female,59,Bengaluru,KA,South
CUST03836,Customer_3836,Male,45,Mumbai,MH,West
CUST03837,Customer_3837,Male,33,Kolkata,WB,East
CUST03838,Customer_3838,Male,40,Delhi,DL,North
CUST03839,Customer_3839,Female,47,Delhi,DL,North
CUST03840,Customer_3840,Male,24,Bengaluru,KA,South
CUST03841,Customer_3841,Female,55,Mumbai,MH,West
CUST03842,Customer_3842,Male,57,Delhi,DL,North
CUST03843,Customer_3843,Female,41,Delhi,DL,North
CUST03844,Customer_3844,Female,35,Mumbai,MH,West
CUST03845,Customer_3845,Female,64,Hyderabad,TG,South
CUST03846,Customer_3846,Female,36,Kolkata,WB,East
CUST03847,Customer_3847,Male,34,Kolkata,WB,East
CUST03848,Customer_3848,Male,51,Mumbai,MH,West
CUST03849,Customer_3849,Female,25,Delhi,DL,North
CUST03850,Customer_3850,Male,47,Mumbai,MH,West
CUST03851,Customer_3851,Female,36,Delhi,DL,North
CUST03852,Customer_3852,Female,60,Delhi,DL,North
CUST03853,Customer_3853,Male,60,Kolkata,WB,East
CUST03854,Customer_3854,Male,65,Kolkata,WB,East
CUST03855,Customer_3855,Female,32,Delhi,DL,North
CUST03856,Customer_3856,Female,51,Hyderabad,TG,South
CUST03857,Customer_3857,Male,56,Hyderabad,TG,South
CUST03858,Customer_3858,Female,48,Hyderabad,TG,South
CUST03859,Customer_3859,Male,26,Kolkata,WB,East
CUST03860,Customer_3860,Female,57,Hyderabad,TG,South
CUST03861,Customer_3861,Male,64,Hyderabad,TG,South
CUST03862,Customer_3862,Female,44,Hyderabad,TG,South
CUST03863,Customer_3863,Female,56,Hyderabad,TG,South
CUST03864,Customer_3864,Male,32,Mumbai,MH,West
CUST03865,Customer_3865,Female,22,Delhi,DL,North
CUST03866,Customer_3866,Female,32,Bengaluru,KA,South
CUST03867,Customer_3867,Female,55,Kolkata,WB,East
CUST03868,Customer_3868,Female,63,Bengaluru,KA,South
CUST03869,Customer_3869,Male,46,Bengaluru,KA,South
CUST03870,Customer_3870,Female,39,Hyderabad,TG,South
CUST03871,Customer_3871,Male,38,Delhi,DL,North
CUST03872,Customer_3872,Female,36,Bengaluru,KA,South
CUST03873,Customer_3873,Female,47,Hyderabad,TG,South
CUST03874,Customer_3874,Female,37,Mumbai,MH,West
CUST03875,Customer_3875,Female,22,Kolkata,WB,East
CUST03876,Customer_3876,Female,58,Kolkata,WB,East
CUST03877,Customer_3877,Female,22,Kolkata,WB,East
CUST03878,Customer_3878,Female,36,Bengaluru,KA,South
CUST03879,Customer_3879,Female,63,Bengaluru,KA,South
CUST03880,Customer_3880,Male,25,Mumbai,MH,West
CUST03881,Customer_3881,Male,42,Delhi,DL,North
CUST03882,Customer_3882,Male,21,Hyderabad,TG,South
CUST03883,Customer_3883,Male,47,Mumbai,MH,West
CUST03884,Customer_3884,Male,62,Mumbai,MH,West
CUST03885,Customer_3885,Male,37,Kolkata,WB,East
CUST03886,Customer_3886,Female,42,Bengaluru,KA,South
CUST03887,Customer_3887,Male,30,Hyderabad,TG,South
CUST03888,Customer_3888,Male,38,Kolkata,WB,East
CUST03889,Customer_3889,Male,41,Bengaluru,KA,South
CUST03890,Customer_3890,Female,45,Bengaluru,KA,South
CUST03891,Customer_3891,Female,27,Delhi,DL,North
CUST03892,Customer_3892,Male,26,Hyderabad,TG,South
CUST03893,Customer_3893,Male,52,Bengaluru,KA,South
CUST03894,Customer_3894,Female,37,Mumbai,MH,West
CUST03895,Customer_3895,Male,42,Bengaluru,KA,South
CUST03896,Customer_3896,Male,23,Mumbai,MH,West
CUST03897,Customer_3897,Male,35,Bengaluru,KA,South
CUST03898,Customer_3898,Female,57,Mumbai,MH,West
CUST03899,Customer_3899,Female,22,Kolkata,WB,East
CUST03900,Customer_3900,Male,48,Mumbai,MH,West
CUST03901,Customer_3901,Male,51,Hyderabad,TG,South
CUST03902,Customer_3902,Male,54,Mumbai,MH,West
CUST03903,Customer_3903,Male,61,Hyderabad,TG,South
CUST03904,Customer_3904,Female,53,Hyderabad,TG,South
CUST03905,Customer_3905,Male,22,Delhi,DL,North
CUST03906,Customer_3906,Male,58,Kolkata,WB,East
CUST03907,Customer_3907,Female,50,Delhi,DL,North
CUST03908,Customer_3908,Female,24,Kolkata,WB,East
CUST03909,Customer_3909,Female,38,Hyderabad,TG,South
CUST03910,Customer_3910,Female,45,Kolkata,WB,East
CUST03911,Customer_3911,Male,56,Mumbai,MH,West
CUST03912,Customer_3912,Male,48,Mumbai,MH,West
CUST03913,Customer_3913,Female,26,Kolkata,WB,East
CUST03914,Customer_3914,Female,47,Hyderabad,TG,South
CUST03915,Customer_3915,Female,52,Bengaluru,KA,South
CUST03916,Customer_3916,Female,35,Hyderabad,TG,South
CUST03917,Customer_3917,Male,54,Bengaluru,KA,South
CUST03918,Customer_3918,Female,58,Delhi,DL,North
CUST03919,Customer_3919,Male,39,Hyderabad,TG,South
CUST03920,Customer_3920,Male,30,Kolkata,WB,East
CUST03921,Customer_3921,Male,61,Mumbai,MH,West
CUST03922,Customer_3922,Female,50,Delhi,DL,North
CUST03923,Customer_3923,Male,47,Delhi,DL,North
CUST03924,Customer_3924,Male,31,Kolkata,WB,East
CUST03925,Customer_3925,Male,38,Hyderabad,TG,South
CUST03926,Customer_3926,Female,25,Kolkata,WB,East
CUST03927,Customer_3927,Female,64,Mumbai,MH,West
CUST03928,Customer_3928,Male,62,Hyderabad,TG,South
CUST03929,Customer_3929,Female,63,Kolkata,WB,East
CUST03930,Customer_3930,Female,36,Delhi,DL,North
CUST03931,Customer_3931,Female,46,Hyderabad,TG,South
CUST03932,Customer_3932,Female,61,Mumbai,MH,West
CUST03933,Customer_3933,Male,60,Delhi,DL,North
CUST03934,Customer_3934,Male,43,Hyderabad,TG,South
CUST03935,Customer_3935,Female,50,Kolkata,WB,East
CUST03936,Customer_3936,Female,59,Kolkata,WB,East
CUST03937,Customer_3937,Female,43,Bengaluru,KA,South
CUST03938,Customer_3938,Female,40,Mumbai,MH,West
CUST03939,Customer_3939,Female,24,Hyderabad,TG,South
CUST03940,Customer_3940,Male,28,Kolkata,WB,East
CUST03941,Customer_3941,Female,50,Kolkata,WB,East
CUST03942,Customer_3942,Female,54,Bengaluru,KA,South
CUST03943,Customer_3943,Female,36,Mumbai,MH,West
CUST03944,Customer_3944,Male,27,Delhi,DL,North
CUST03945,Customer_3945,Female,36,Hyderabad,TG,South
CUST03946,Customer_3946,Male,47,Hyderabad,TG,South
CUST03947,Customer_3947,Female,53,Mumbai,MH,West
CUST03948,Customer_3948,Female,60,Delhi,DL,North
CUST03949,Customer_3949,Female,24,Bengaluru,KA,South
CUST03950,Customer_3950,Male,22,Delhi,DL,North
CUST03951,Customer_3951,Male,44,Mumbai,MH,West
CUST03952,Customer_3952,Male,48,Hyderabad,TG,South
CUST03953,Customer_3953,Female,44,Delhi,DL,North
CUST03954,Customer_3954,Male,62,Mumbai,MH,West
CUST03955,Customer_3955,Female,54,Kolkata,WB,East
CUST03956,Customer_3956,Female,42,Bengaluru,KA,South
CUST03957,Customer_3957,Male,25,Bengaluru,KA,South
CUST03958,Customer_3958,Male,34,Hyderabad,TG,South
CUST03959,Customer_3959,Male,21,Delhi,DL,North
CUST03960,Customer_3960,Male,49,Bengaluru,KA,South
CUST03961,Customer_3961,Male,34,Hyderabad,TG,South
CUST03962,Customer_3962,Female,62,Delhi,DL,North
CUST03963,Customer_3963,Male,28,Bengaluru,KA,South
CUST03964,Customer_3964,Female,36,Kolkata,WB,East
CUST03965,Customer_3965,Female,24,Mumbai,MH,West
CUST03966,Customer_3966,Male,22,Mumbai,MH,West
CUST03967,Customer_3967,Female,61,Mumbai,MH,West
CUST03968,Customer_3968,Female,29,Mumbai,MH,West
CUST03969,Customer_3969,Female,58,Hyderabad,TG,South
CUST03970,Customer_3970,Female,37,Hyderabad,TG,South
CUST03971,Customer_3971,Male,59,Delhi,DL,North
CUST03972,Customer_3972,Male,59,Kolkata,WB,East
CUST03973,Customer_3973,Female,49,Bengaluru,KA,South
CUST03974,Customer_3974,Female,35,Delhi,DL,North
CUST03975,Customer_3975,Female,47,Hyderabad,TG,South
CUST03976,Customer_3976,Male,23,Kolkata,WB,East
CUST03977,Customer_3977,Female,53,Hyderabad,TG,South
CUST03978,Customer_3978,Male,65,Mumbai,MH,West
CUST03979,Customer_3979,Female,27,Mumbai,MH,West
CUST03980,Customer_3980,Male,35,Mumbai,MH,West
CUST03981,Customer_3981,Female,45,Kolkata,WB,East
CUST03982,Customer_3982,Male,51,Bengaluru,KA,South
CUST03983,Customer_3983,Female,37,Hyderabad,TG,South
CUST03984,Customer_3984,Female,24,Mumbai,MH,West
CUST03985,Customer_3985,Female,41,Mumbai,MH,West
CUST03986,Customer_3986,Female,35,Mumbai,MH,West
CUST03987,Customer_3987,Male,43,Bengaluru,KA,South
CUST03988,Customer_3988,Female,31,Bengaluru,KA,South
CUST03989,Customer_3989,Male,41,Hyderabad,TG,South
CUST03990,Customer_3990,Female,51,Delhi,DL,North
CUST03991,Customer_3991,Female,41,Hyderabad,TG,South
CUST03992,Customer_3992,Male,30,Bengaluru,KA,South
CUST03993,Customer_3993,Male,59,Bengaluru,KA,South
CUST03994,Customer_3994,Female,39,Kolkata,WB,East
CUST03995,Customer_3995,Male,31,Mumbai,MH,West
CUST03996,Customer_3996,Female,63,Kolkata,WB,East
CUST03997,Customer_3997,Male,43,Bengaluru,KA,South
CUST03998,Customer_3998,Female,43,Kolkata,WB,East
CUST03999,Customer_3999,Female,41,Delhi,DL,North
CUST04000,Customer_4000,Female,23,Hyderabad,TG,South
CUST04001,Customer_4001,Female,44,Hyderabad,TG,South
CUST04002,Customer_4002,Female,65,Hyderabad,TG,South
CUST04003,Customer_4003,Female,50,Kolkata,WB,East
CUST04004,Customer_4004,Male,47,Bengaluru,KA,South
CUST04005,Customer_4005,Female,28,Bengaluru,KA,South
CUST04006,Customer_4006,Male,28,Kolkata,WB,East
CUST04007,Customer_4007,Male,60,Hyderabad,TG,South
CUST04008,Customer_4008,Female,51,Bengaluru,KA,South
CUST04009,Customer_4009,Male,42,Mumbai,MH,West
CUST04010,Customer_4010,Female,55,Delhi,DL,North
CUST04011,Customer_4011,Female,57,Hyderabad,TG,South
CUST04012,Customer_4012,Male,36,Delhi,DL,North
CUST04013,Customer_4013,Male,54,Kolkata,WB,East
CUST04014,Customer_4014,Female,23,Kolkata,WB,East
CUST04015,Customer_4015,Male,40,Kolkata,WB,East
CUST04016,Customer_4016,Male,49,Kolkata,WB,East
CUST04017,Customer_4017,Female,30,Mumbai,MH,West
CUST04018,Customer_4018,Male,29,Mumbai,MH,West
CUST04019,Customer_4019,Male,27,Mumbai,MH,West
CUST04020,Customer_4020,Male,36,Delhi,DL,North
CUST04021,Customer_4021,Male,48,Kolkata,WB,East
CUST04022,Customer_4022,Male,58,Delhi,DL,North
CUST04023,Customer_4023,Male,37,Mumbai,MH,West
CUST04024,Customer_4024,Male,41,Mumbai,MH,West
CUST04025,Customer_4025,Female,33,Kolkata,WB,East
CUST04026,Customer_4026,Male,56,Hyderabad,TG,South
CUST04027,Customer_4027,Female,39,Mumbai,MH,West
CUST04028,Customer_4028,Female,43,Hyderabad,TG,South
CUST04029,Customer_4029,Male,62,Kolkata,WB,East
CUST04030,Customer_4030,Male,59,Bengaluru,KA,South
CUST04031,Customer_4031,Male,58,Mumbai,MH,West
CUST04032,Customer_4032,Female,44,Mumbai,MH,West
CUST04033,Customer_4033,Female,41,Delhi,DL,North
CUST04034,Customer_4034,Female,23,Mumbai,MH,West
CUST04035,Customer_4035,Male,41,Hyderabad,TG,South
CUST04036,Customer_4036,Male,50,Delhi,DL,North
CUST04037,Customer_4037,Female,65,Bengaluru,KA,South
CUST04038,Customer_4038,Female,49,Mumbai,MH,West
CUST04039,Customer_4039,Female,33,Hyderabad,TG,South
CUST04040,Customer_4040,Female,28,Hyderabad,TG,South
CUST04041,Customer_4041,Male,57,Hyderabad,TG,South
CUST04042,Customer_4042,Female,62,Kolkata,WB,East
CUST04043,Customer_4043,Male,21,Delhi,DL,North
CUST04044,Customer_4044,Male,39,Kolkata,WB,East
CUST04045,Customer_4045,Female,36,Hyderabad,TG,South
CUST04046,Customer_4046,Male,37,Bengaluru,KA,South
CUST04047,Customer_4047,Male,62,Delhi,DL,North
CUST04048,Customer_4048,Male,27,Bengaluru,KA,South
CUST04049,Customer_4049,Male,60,Delhi,DL,North
CUST04050,Customer_4050,Male,21,Bengaluru,KA,South
CUST04051,Customer_4051,Male,35,Bengaluru,KA,South
CUST04052,Customer_4052,Female,28,Mumbai,MH,West
CUST04053,Customer_4053,Female,29,Kolkata,WB,East
CUST04054,Customer_4054,Male,57,Mumbai,MH,West
CUST04055,Customer_4055,Female,39,Hyderabad,TG,South
CUST04056,Customer_4056,Male,28,Kolkata,WB,East
CUST04057,Customer_4057,Male,23,Delhi,DL,North
CUST04058,Customer_4058,Male,51,Delhi,DL,North
CUST04059,Customer_4059,Male,33,Kolkata,WB,East
CUST04060,Customer_4060,Female,45,Hyderabad,TG,South
CUST04061,Customer_4061,Female,35,Kolkata,WB,East
CUST04062,Customer_4062,Female,61,Kolkata,WB,East
CUST04063,Customer_4063,Female,43,Kolkata,WB,East
CUST04064,Customer_4064,Female,34,Bengaluru,KA,South
CUST04065,Customer_4065,Female,40,Delhi,DL,North
CUST04066,Customer_4066,Male,62,Delhi,DL,North
CUST04067,Customer_4067,Female,49,Bengaluru,KA,South
CUST04068,Customer_4068,Male,58,Bengaluru,KA,South
CUST04069,Customer_4069,Female,61,Hyderabad,TG,South
CUST04070,Customer_4070,Female,53,Hyderabad,TG,South
CUST04071,Customer_4071,Male,58,Hyderabad,TG,South
CUST04072,Customer_4072,Female,44,Delhi,DL,North
CUST04073,Customer_4073,Male,61,Delhi,DL,North
CUST04074,Customer_4074,Male,56,Bengaluru,KA,South
CUST04075,Customer_4075,Female,28,Kolkata,WB,East
CUST04076,Customer_4076,Female,59,Bengaluru,KA,South
CUST04077,Customer_4077,Female,59,Hyderabad,TG,South
CUST04078,Customer_4078,Male,40,Bengaluru,KA,South
CUST04079,Customer_4079,Female,61,Hyderabad,TG,South
CUST04080,Customer_4080,Female,26,Delhi,DL,North
CUST04081,Customer_4081,Female,22,Hyderabad,TG,South
CUST04082,Customer_4082,Female,37,Mumbai,MH,West
CUST04083,Customer_4083,Female,62,Delhi,DL,North
CUST04084,Customer_4084,Male,52,Delhi,DL,North
CUST04085,Customer_4085,Female,31,Bengaluru,KA,South
CUST04086,Customer_4086,Male,54,Hyderabad,TG,South
CUST04087,Customer_4087,Male,35,Kolkata,WB,East
CUST04088,Customer_4088,Male,36,Kolkata,WB,East
CUST04089,Customer_4089,Male,53,Kolkata,WB,East
CUST04090,Customer_4090,Male,40,Kolkata,WB,East
CUST04091,Customer_4091,Female,29,Kolkata,WB,East
CUST04092,Customer_4092,Female,21,Hyderabad,TG,South
CUST04093,Customer_4093,Female,44,Delhi,DL,North
CUST04094,Customer_4094,Male,59,Delhi,DL,North
CUST04095,Customer_4095,Male,59,Mumbai,MH,West
CUST04096,Customer_4096,Female,47,Kolkata,WB,East
CUST04097,Customer_4097,Female,33,Mumbai,MH,West
CUST04098,Customer_4098,Female,25,Kolkata,WB,East
CUST04099,Customer_4099,Female,39,Kolkata,WB,East
CUST04100,Customer_4100,Female,45,Hyderabad,TG,South
CUST04101,Customer_4101,Male,35,Hyderabad,TG,South
CUST04102,Customer_4102,Female,47,Hyderabad,TG,South
CUST04103,Customer_4103,Female,36,Mumbai,MH,West
CUST04104,Customer_4104,Male,62,Mumbai,MH,West
CUST04105,Customer_4105,Female,49,Mumbai,MH,West
CUST04106,Customer_4106,Female,64,Hyderabad,TG,South
CUST04107,Customer_4107,Female,53,Kolkata,WB,East
CUST04108,Customer_4108,Female,34,Kolkata,WB,East
CUST04109,Customer_4109,Female,64,Bengaluru,KA,South
CUST04110,Customer_4110,Female,62,Kolkata,WB,East
CUST04111,Customer_4111,Male,38,Delhi,DL,North
CUST04112,Customer_4112,Female,61,Bengaluru,KA,South
CUST04113,Customer_4113,Male,46,Hyderabad,TG,South
CUST04114,Customer_4114,Female,39,Hyderabad,TG,South
CUST04115,Customer_4115,Male,27,Bengaluru,KA,South
CUST04116,Customer_4116,Male,31,Delhi,DL,North
CUST04117,Customer_4117,Female,21,Bengaluru,KA,South
CUST04118,Customer_4118,Male,53,Kolkata,WB,East
CUST04119,Customer_4119,Male,32,Delhi,DL,North
CUST04120,Customer_4120,Male,64,Mumbai,MH,West
CUST04121,Customer_4121,Male,30,Kolkata,WB,East
CUST04122,Customer_4122,Male,45,Delhi,DL,North
CUST04123,Customer_4123,Male,63,Bengaluru,KA,South
CUST04124,Customer_4124,Female,47,Bengaluru,KA,South
CUST04125,Customer_4125,Female,28,Hyderabad,TG,South
CUST04126,Customer_4126,Male,43,Kolkata,WB,East
CUST04127,Customer_4127,Male,45,Mumbai,MH,West
CUST04128,Customer_4128,Male,34,Bengaluru,KA,South
CUST04129,Customer_4129,Male,28,Kolkata,WB,East
CUST04130,Customer_4130,Male,31,Kolkata,WB,East
CUST04131,Customer_4131,Female,57,Kolkata,WB,East
CUST04132,Customer_4132,Female,44,Delhi,DL,North
CUST04133,Customer_4133,Male,48,Hyderabad,TG,South
CUST04134,Customer_4134,Male,28,Delhi,DL,North
CUST04135,Customer_4135,Female,46,Hyderabad,TG,South
CUST04136,Customer_4136,Female,22,Bengaluru,KA,South
CUST04137,Customer_4137,Male,22,Hyderabad,TG,South
CUST04138,Customer_4138,Male,62,Bengaluru,KA,South
CUST04139,Customer_4139,Male,24,Kolkata,WB,East
CUST04140,Customer_4140,Male,34,Delhi,DL,North
CUST04141,Customer_4141,Male,29,Delhi,DL,North
CUST04142,Customer_4142,Female,56,Bengaluru,KA,South
CUST04143,Customer_4143,Male,39,Bengaluru,KA,South
CUST04144,Customer_4144,Male,24,Mumbai,MH,West
CUST04145,Customer_4145,Female,37,Bengaluru,KA,South
CUST04146,Customer_4146,Female,51,Mumbai,MH,West
CUST04147,Customer_4147,Female,65,Mumbai,MH,West
CUST04148,Customer_4148,Male,57,Hyderabad,TG,South
CUST04149,Customer_4149,Female,43,Delhi,DL,North
CUST04150,Customer_4150,Female,36,Mumbai,MH,West
CUST04151,Customer_4151,Female,21,Mumbai,MH,West
CUST04152,Customer_4152,Male,35,Hyderabad,TG,South
CUST04153,Customer_4153,Female,61,Delhi,DL,North
CUST04154,Customer_4154,Female,21,Kolkata,WB,East
CUST04155,Customer_4155,Male,65,Bengaluru,KA,South
CUST04156,Customer_4156,Female,41,Hyderabad,TG,South
CUST04157,Customer_4157,Female,51,Kolkata,WB,East
CUST04158,Customer_4158,Male,65,Delhi,DL,North
CUST04159,Customer_4159,Female,40,Bengaluru,KA,South
CUST04160,Customer_4160,Female,54,Kolkata,WB,East
CUST04161,Customer_4161,Male,65,Mumbai,MH,West
CUST04162,Customer_4162,Male,65,Hyderabad,TG,South
CUST04163,Customer_4163,Female,33,Mumbai,MH,West
CUST04164,Customer_4164,Female,59,Delhi,DL,North
CUST04165,Customer_4165,Male,23,Hyderabad,TG,South
CUST04166,Customer_4166,Male,50,Delhi,DL,North
CUST04167,Customer_4167,Female,52,Delhi,DL,North
CUST04168,Customer_4168,Female,54,Mumbai,MH,West
CUST04169,Customer_4169,Female,52,Kolkata,WB,East
CUST04170,Customer_4170,Male,24,Bengaluru,KA,South
CUST04171,Customer_4171,Female,43,Mumbai,MH,West
CUST04172,Customer_4172,Female,62,Bengaluru,KA,South
CUST04173,Customer_4173,Female,23,Bengaluru,KA,South
CUST04174,Customer_4174,Female,61,Delhi,DL,North
CUST04175,Customer_4175,Male,49,Kolkata,WB,East
CUST04176,Customer_4176,Female,22,Delhi,DL,North
CUST04177,Customer_4177,Male,25,Hyderabad,TG,South
CUST04178,Customer_4178,Female,29,Hyderabad,TG,South
CUST04179,Customer_4179,Female,59,Bengaluru,KA,South
CUST04180,Customer_4180,Male,25,Mumbai,MH,West
CUST04181,Customer_4181,Female,64,Mumbai,MH,West
CUST04182,Customer_4182,Male,50,Hyderabad,TG,South
CUST04183,Customer_4183,Male,43,Bengaluru,KA,South
CUST04184,Customer_4184,Female,28,Bengaluru,KA,South
CUST04185,Customer_4185,Female,52,Mumbai,MH,West
CUST04186,Customer_4186,Male,56,Delhi,DL,North
CUST04187,Customer_4187,Female,25,Delhi,DL,North
CUST04188,Customer_4188,Male,24,Hyderabad,TG,South
CUST04189,Customer_4189,Female,35,Delhi,DL,North
CUST04190,Customer_4190,Female,40,Delhi,DL,North
CUST04191,Customer_4191,Male,24,Hyderabad,TG,South
CUST04192,Customer_4192,Female,63,Hyderabad,TG,South
CUST04193,Customer_4193,Male,45,Mumbai,MH,West
CUST04194,Customer_4194,Male,45,Mumbai,MH,West
CUST04195,Customer_4195,Male,49,Mumbai,MH,West
CUST04196,Customer_4196,Female,36,Delhi,DL,North
CUST04197,Customer_4197,Male,52,Mumbai,MH,West
CUST04198,Customer_4198,Female,54,Hyderabad,TG,South
CUST04199,Customer_4199,Male,30,Mumbai,MH,West
CUST04200,Customer_4200,Female,50,Mumbai,MH,West
CUST04201,Customer_4201,Female,63,Mumbai,MH,West
CUST04202,Customer_4202,Male,49,Mumbai,MH,West
CUST04203,Customer_4203,Female,44,Hyderabad,TG,South
CUST04204,Customer_4204,Female,46,Hyderabad,TG,South
CUST04205,Customer_4205,Female,21,Kolkata,WB,East
CUST04206,Customer_4206,Female,48,Delhi,DL,North
CUST04207,Customer_4207,Female,26,Kolkata,WB,East
CUST04208,Customer_4208,Female,49,Mumbai,MH,West
CUST04209,Customer_4209,Male,46,Mumbai,MH,West
CUST04210,Customer_4210,Female,60,Bengaluru,KA,South
CUST04211,Customer_4211,Female,35,Kolkata,WB,East
CUST04212,Customer_4212,Male,58,Mumbai,MH,West
CUST04213,Customer_4213,Female,43,Hyderabad,TG,South
CUST04214,Customer_4214,Male,45,Hyderabad,TG,South
CUST04215,Customer_4215,Female,52,Mumbai,MH,West
CUST04216,Customer_4216,Male,59,Mumbai,MH,West
CUST04217,Customer_4217,Male,22,Hyderabad,TG,South
CUST04218,Customer_4218,Male,35,Hyderabad,TG,South
CUST04219,Customer_4219,Female,55,Hyderabad,TG,South
CUST04220,Customer_4220,Male,46,Bengaluru,KA,South
CUST04221,Customer_4221,Male,36,Hyderabad,TG,South
CUST04222,Customer_4222,Male,62,Delhi,DL,North
CUST04223,Customer_4223,Male,21,Bengaluru,KA,South
CUST04224,Customer_4224,Female,41,Delhi,DL,North
CUST04225,Customer_4225,Female,34,Hyderabad,TG,South
CUST04226,Customer_4226,Female,35,Mumbai,MH,West
CUST04227,Customer_4227,Female,26,Hyderabad,TG,South
CUST04228,Customer_4228,Male,33,Hyderabad,TG,South
CUST04229,Customer_4229,Male,27,Kolkata,WB,East
CUST04230,Customer_4230,Female,22,Bengaluru,KA,South
CUST04231,Customer_4231,Male,56,Mumbai,MH,West
CUST04232,Customer_4232,Male,62,Hyderabad,TG,South
CUST04233,Customer_4233,Male,51,Bengaluru,KA,South
CUST04234,Customer_4234,Male,64,Mumbai,MH,West
CUST04235,Customer_4235,Male,38,Delhi,DL,North
CUST04236,Customer_4236,Female,52,Bengaluru,KA,South
CUST04237,Customer_4237,Male,50,Mumbai,MH,West
CUST04238,Customer_4238,Male,53,Hyderabad,TG,South
CUST04239,Customer_4239,Female,43,Bengaluru,KA,South
CUST04240,Customer_4240,Female,53,Bengaluru,KA,South
CUST04241,Customer_4241,Male,65,Kolkata,WB,East
CUST04242,Customer_4242,Male,40,Hyderabad,TG,South
CUST04243,Customer_4243,Female,25,Delhi,DL,North
CUST04244,Customer_4244,Male,51,Bengaluru,KA,South
CUST04245,Customer_4245,Female,25,Mumbai,MH,West
CUST04246,Customer_4246,Female,64,Mumbai,MH,West
CUST04247,Customer_4247,Male,65,Bengaluru,KA,South
CUST04248,Customer_4248,Male,34,Kolkata,WB,East
CUST04249,Customer_4249,Female,29,Kolkata,WB,East
CUST04250,Customer_4250,Female,52,Delhi,DL,North
CUST04251,Customer_4251,Female,59,Mumbai,MH,West
CUST04252,Customer_4252,Female,58,Delhi,DL,North
CUST04253,Customer_4253,Female,63,Mumbai,MH,West
CUST04254,Customer_4254,Female,47,Bengaluru,KA,South
CUST04255,Customer_4255,Male,51,Mumbai,MH,West
CUST04256,Customer_4256,Male,48,Kolkata,WB,East
CUST04257,Customer_4257,Female,38,Delhi,DL,North
CUST04258,Customer_4258,Male,32,Bengaluru,KA,South
CUST04259,Customer_4259,Female,27,Hyderabad,TG,South
CUST04260,Customer_4260,Male,26,Delhi,DL,North
CUST04261,Customer_4261,Male,56,Hyderabad,TG,South
CUST04262,Customer_4262,Female,63,Mumbai,MH,West
CUST04263,Customer_4263,Female,35,Kolkata,WB,East
CUST04264,Customer_4264,Female,31,Delhi,DL,North
CUST04265,Customer_4265,Male,56,Kolkata,WB,East
CUST04266,Customer_4266,Male,57,Kolkata,WB,East
CUST04267,Customer_4267,Male,49,Mumbai,MH,West
CUST04268,Customer_4268,Male,60,Bengaluru,KA,South
CUST04269,Customer_4269,Male,31,Delhi,DL,North
CUST04270,Customer_4270,Male,39,Hyderabad,TG,South
CUST04271,Customer_4271,Female,26,Bengaluru,KA,South
CUST04272,Customer_4272,Male,43,Hyderabad,TG,South
CUST04273,Customer_4273,Female,35,Kolkata,WB,East
CUST04274,Customer_4274,Male,54,Hyderabad,TG,South
CUST04275,Customer_4275,Male,55,Kolkata,WB,East
CUST04276,Customer_4276,Male,22,Mumbai,MH,West
CUST04277,Customer_4277,Female,49,Delhi,DL,North
CUST04278,Customer_4278,Male,34,Kolkata,WB,East
CUST04279,Customer_4279,Female,60,Kolkata,WB,East
CUST04280,Customer_4280,Female,58,Mumbai,MH,West
CUST04281,Customer_4281,Female,53,Hyderabad,TG,South
CUST04282,Customer_4282,Male,48,Mumbai,MH,West
CUST04283,Customer_4283,Male,21,Mumbai,MH,West
CUST04284,Customer_4284,Female,50,Mumbai,MH,West
CUST04285,Customer_4285,Female,41,Bengaluru,KA,South
CUST04286,Customer_4286,Male,44,Hyderabad,TG,South
CUST04287,Customer_4287,Male,33,Kolkata,WB,East
CUST04288,Customer_4288,Female,54,Bengaluru,KA,South
CUST04289,Customer_4289,Female,64,Kolkata,WB,East
CUST04290,Customer_4290,Female,23,Bengaluru,KA,South
CUST04291,Customer_4291,Female,43,Bengaluru,KA,South
CUST04292,Customer_4292,Female,34,Hyderabad,TG,South
CUST04293,Customer_4293,Male,49,Hyderabad,TG,South
CUST04294,Customer_4294,Male,54,Bengaluru,KA,South
CUST04295,Customer_4295,Female,43,Mumbai,MH,West
CUST04296,Customer_4296,Male,21,Kolkata,WB,East
CUST04297,Customer_4297,Male,32,Delhi,DL,North
CUST04298,Customer_4298,Female,26,Kolkata,WB,East
CUST04299,Customer_4299,Female,41,Bengaluru,KA,South
CUST04300,Customer_4300,Male,60,Bengaluru,KA,South
CUST04301,Customer_4301,Female,28,Bengaluru,KA,South
CUST04302,Customer_4302,Female,50,Delhi,DL,North
CUST04303,Customer_4303,Male,22,Bengaluru,KA,South
CUST04304,Customer_4304,Female,27,Hyderabad,TG,South
CUST04305,Customer_4305,Male,50,Mumbai,MH,West
CUST04306,Customer_4306,Female,56,Hyderabad,TG,South
CUST04307,Customer_4307,Male,47,Kolkata,WB,East
CUST04308,Customer_4308,Male,62,Kolkata,WB,East
CUST04309,Customer_4309,Female,46,Mumbai,MH,West
CUST04310,Customer_4310,Male,21,Hyderabad,TG,South
CUST04311,Customer_4311,Female,53,Kolkata,WB,East
CUST04312,Customer_4312,Male,26,Mumbai,MH,West
CUST04313,Customer_4313,Male,48,Mumbai,MH,West
CUST04314,Customer_4314,Female,35,Hyderabad,TG,South
CUST04315,Customer_4315,Female,37,Mumbai,MH,West
CUST04316,Customer_4316,Male,32,Hyderabad,TG,South
CUST04317,Customer_4317,Male,59,Hyderabad,TG,South
CUST04318,Customer_4318,Male,39,Hyderabad,TG,South
CUST04319,Customer_4319,Male,42,Bengaluru,KA,South
CUST04320,Customer_4320,Female,63,Mumbai,MH,West
CUST04321,Customer_4321,Male,64,Hyderabad,TG,South
CUST04322,Customer_4322,Female,41,Bengaluru,KA,South
CUST04323,Customer_4323,Female,29,Mumbai,MH,West
CUST04324,Customer_4324,Female,51,Delhi,DL,North
CUST04325,Customer_4325,Male,30,Kolkata,WB,East
CUST04326,Customer_4326,Female,31,Mumbai,MH,West
CUST04327,Customer_4327,Female,47,Hyderabad,TG,South
CUST04328,Customer_4328,Male,22,Bengaluru,KA,South
CUST04329,Customer_4329,Female,38,Kolkata,WB,East
CUST04330,Customer_4330,Female,56,Bengaluru,KA,South
CUST04331,Customer_4331,Male,63,Hyderabad,TG,South
CUST04332,Customer_4332,Male,37,Bengaluru,KA,South
CUST04333,Customer_4333,Female,27,Kolkata,WB,East
CUST04334,Customer_4334,Female,38,Delhi,DL,North
CUST04335,Customer_4335,Female,41,Mumbai,MH,West
CUST04336,Customer_4336,Female,30,Kolkata,WB,East
CUST04337,Customer_4337,Male,35,Kolkata,WB,East
CUST04338,Customer_4338,Male,38,Kolkata,WB,East
CUST04339,Customer_4339,Female,39,Bengaluru,KA,South
CUST04340,Customer_4340,Female,40,Kolkata,WB,East
CUST04341,Customer_4341,Male,28,Bengaluru,KA,South
CUST04342,Customer_4342,Male,54,Bengaluru,KA,South
CUST04343,Customer_4343,Female,43,Mumbai,MH,West
CUST04344,Customer_4344,Male,46,Bengaluru,KA,South
CUST04345,Customer_4345,Male,29,Hyderabad,TG,South
CUST04346,Customer_4346,Male,44,Bengaluru,KA,South
CUST04347,Customer_4347,Female,37,Hyderabad,TG,South
CUST04348,Customer_4348,Female,42,Delhi,DL,North
CUST04349,Customer_4349,Female,44,Kolkata,WB,East
CUST04350,Customer_4350,Male,63,Delhi,DL,North
CUST04351,Customer_4351,Female,26,Hyderabad,TG,South
CUST04352,Customer_4352,Male,34,Delhi,DL,North
CUST04353,Customer_4353,Male,21,Hyderabad,TG,South
CUST04354,Customer_4354,Female,34,Hyderabad,TG,South
CUST04355,Customer_4355,Female,64,Delhi,DL,North
CUST04356,Customer_4356,Female,33,Kolkata,WB,East
CUST04357,Customer_4357,Male,44,Kolkata,WB,East
CUST04358,Customer_4358,Male,50,Bengaluru,KA,South
CUST04359,Customer_4359,Male,41,Kolkata,WB,East
CUST04360,Customer_4360,Male,27,Bengaluru,KA,South
CUST04361,Customer_4361,Female,58,Delhi,DL,North
CUST04362,Customer_4362,Male,57,Bengaluru,KA,South
CUST04363,Customer_4363,Female,49,Bengaluru,KA,South
CUST04364,Customer_4364,Female,32,Bengaluru,KA,South
CUST04365,Customer_4365,Female,35,Mumbai,MH,West
CUST04366,Customer_4366,Female,25,Mumbai,MH,West
CUST04367,Customer_4367,Female,35,Hyderabad,TG,South
CUST04368,Customer_4368,Male,38,Delhi,DL,North
CUST04369,Customer_4369,Male,44,Hyderabad,TG,South
CUST04370,Customer_4370,Female,58,Mumbai,MH,West
CUST04371,Customer_4371,Male,46,Hyderabad,TG,South
CUST04372,Customer_4372,Male,22,Kolkata,WB,East
CUST04373,Customer_4373,Female,38,Bengaluru,KA,South
CUST04374,Customer_4374,Female,51,Kolkata,WB,East
CUST04375,Customer_4375,Male,45,Mumbai,MH,West
CUST04376,Customer_4376,Male,59,Kolkata,WB,East
CUST04377,Customer_4377,Female,59,Bengaluru,KA,South
CUST04378,Customer_4378,Male,60,Kolkata,WB,East
CUST04379,Customer_4379,Male,39,Delhi,DL,North
CUST04380,Customer_4380,Female,62,Mumbai,MH,West
CUST04381,Customer_4381,Male,61,Delhi,DL,North
CUST04382,Customer_4382,Male,58,Kolkata,WB,East
CUST04383,Customer_4383,Male,39,Bengaluru,KA,South
CUST04384,Customer_4384,Female,37,Kolkata,WB,East
CUST04385,Customer_4385,Female,48,Hyderabad,TG,South
CUST04386,Customer_4386,Female,45,Hyderabad,TG,South
CUST04387,Customer_4387,Female,44,Bengaluru,KA,South
CUST04388,Customer_4388,Male,51,Mumbai,MH,West
CUST04389,Customer_4389,Male,25,Delhi,DL,North
CUST04390,Customer_4390,Male,58,Delhi,DL,North
CUST04391,Customer_4391,Female,21,Delhi,DL,North
CUST04392,Customer_4392,Male,27,Bengaluru,KA,South
CUST04393,Customer_4393,Male,23,Hyderabad,TG,South
CUST04394,Customer_4394,Female,33,Kolkata,WB,East
CUST04395,Customer_4395,Male,60,Kolkata,WB,East
CUST04396,Customer_4396,Female,47,Mumbai,MH,West
CUST04397,Customer_4397,Female,59,Kolkata,WB,East
CUST04398,Customer_4398,Male,36,Hyderabad,TG,South
CUST04399,Customer_4399,Female,42,Kolkata,WB,East
CUST04400,Customer_4400,Male,58,Hyderabad,TG,South
CUST04401,Customer_4401,Male,32,Kolkata,WB,East
CUST04402,Customer_4402,Female,48,Bengaluru,KA,South
CUST04403,Customer_4403,Female,51,Hyderabad,TG,South
CUST04404,Customer_4404,Female,43,Mumbai,MH,West
CUST04405,Customer_4405,Male,56,Delhi,DL,North
CUST04406,Customer_4406,Male,50,Hyderabad,TG,South
CUST04407,Customer_4407,Female,57,Mumbai,MH,West
CUST04408,Customer_4408,Female,52,Hyderabad,TG,South
CUST04409,Customer_4409,Female,38,Mumbai,MH,West
CUST04410,Customer_4410,Male,40,Hyderabad,TG,South
CUST04411,Customer_4411,Female,63,Mumbai,MH,West
CUST04412,Customer_4412,Female,59,Delhi,DL,North
CUST04413,Customer_4413,Female,23,Mumbai,MH,West
CUST04414,Customer_4414,Female,53,Mumbai,MH,West
CUST04415,Customer_4415,Male,42,Mumbai,MH,West
CUST04416,Customer_4416,Female,22,Kolkata,WB,East
CUST04417,Customer_4417,Male,50,Bengaluru,KA,South
CUST04418,Customer_4418,Male,35,Bengaluru,KA,South
CUST04419,Customer_4419,Male,34,Hyderabad,TG,South
CUST04420,Customer_4420,Male,40,Hyderabad,TG,South
CUST04421,Customer_4421,Male,24,Bengaluru,KA,South
CUST04422,Customer_4422,Male,46,Delhi,DL,North
CUST04423,Customer_4423,Male,47,Hyderabad,TG,South
CUST04424,Customer_4424,Male,43,Delhi,DL,North
CUST04425,Customer_4425,Female,43,Delhi,DL,North
CUST04426,Customer_4426,Male,46,Kolkata,WB,East
CUST04427,Customer_4427,Male,65,Mumbai,MH,West
CUST04428,Customer_4428,Male,59,Bengaluru,KA,South
CUST04429,Customer_4429,Male,42,Mumbai,MH,West
CUST04430,Customer_4430,Female,54,Bengaluru,KA,South
CUST04431,Customer_4431,Female,54,Kolkata,WB,East
CUST04432,Customer_4432,Male,36,Mumbai,MH,West
CUST04433,Customer_4433,Female,24,Hyderabad,TG,South
CUST04434,Customer_4434,Male,46,Kolkata,WB,East
CUST04435,Customer_4435,Male,61,Kolkata,WB,East
CUST04436,Customer_4436,Female,53,Delhi,DL,North
CUST04437,Customer_4437,Male,42,Hyderabad,TG,South
CUST04438,Customer_4438,Female,32,Bengaluru,KA,South
CUST04439,Customer_4439,Female,55,Kolkata,WB,East
CUST04440,Customer_4440,Female,47,Mumbai,MH,West
CUST04441,Customer_4441,Female,59,Bengaluru,KA,South
CUST04442,Customer_4442,Male,45,Mumbai,MH,West
CUST04443,Customer_4443,Female,36,Kolkata,WB,East
CUST04444,Customer_4444,Male,29,Kolkata,WB,East
CUST04445,Customer_4445,Male,37,Hyderabad,TG,South
CUST04446,Customer_4446,Female,37,Kolkata,WB,East
CUST04447,Customer_4447,Male,44,Kolkata,WB,East
CUST04448,Customer_4448,Male,30,Hyderabad,TG,South
CUST04449,Customer_4449,Male,43,Bengaluru,KA,South
CUST04450,Customer_4450,Male,63,Bengaluru,KA,South
CUST04451,Customer_4451,Female,36,Delhi,DL,North
CUST04452,Customer_4452,Male,29,Delhi,DL,North
CUST04453,Customer_4453,Female,61,Mumbai,MH,West
CUST04454,Customer_4454,Male,48,Hyderabad,TG,South
CUST04455,Customer_4455,Male,29,Delhi,DL,North
CUST04456,Customer_4456,Male,35,Hyderabad,TG,South
CUST04457,Customer_4457,Female,27,Mumbai,MH,West
CUST04458,Customer_4458,Male,36,Delhi,DL,North
CUST04459,Customer_4459,Female,37,Delhi,DL,North
CUST04460,Customer_4460,Female,56,Kolkata,WB,East
CUST04461,Customer_4461,Male,26,Hyderabad,TG,South
CUST04462,Customer_4462,Female,43,Hyderabad,TG,South
CUST04463,Customer_4463,Female,59,Kolkata,WB,East
CUST04464,Customer_4464,Female,23,Bengaluru,KA,South
CUST04465,Customer_4465,Male,34,Mumbai,MH,West
CUST04466,Customer_4466,Male,27,Hyderabad,TG,South
CUST04467,Customer_4467,Male,49,Delhi,DL,North
CUST04468,Customer_4468,Female,40,Mumbai,MH,West
CUST04469,Customer_4469,Female,45,Delhi,DL,North
CUST04470,Customer_4470,Female,53,Mumbai,MH,West
CUST04471,Customer_4471,Female,33,Hyderabad,TG,South
CUST04472,Customer_4472,Female,38,Delhi,DL,North
CUST04473,Customer_4473,Male,62,Kolkata,WB,East
CUST04474,Customer_4474,Female,29,Hyderabad,TG,South
CUST04475,Customer_4475,Female,26,Bengaluru,KA,South
CUST04476,Customer_4476,Male,45,Bengaluru,KA,South
CUST04477,Customer_4477,Female,58,Delhi,DL,North
CUST04478,Customer_4478,Female,54,Mumbai,MH,West
CUST04479,Customer_4479,Female,28,Mumbai,MH,West
CUST04480,Customer_4480,Female,44,Kolkata,WB,East
CUST04481,Customer_4481,Male,64,Bengaluru,KA,South
CUST04482,Customer_4482,Female,65,Hyderabad,TG,South
CUST04483,Customer_4483,Female,49,Hyderabad,TG,South
CUST04484,Customer_4484,Male,23,Mumbai,MH,West
CUST04485,Customer_4485,Male,29,Hyderabad,TG,South
CUST04486,Customer_4486,Female,28,Bengaluru,KA,South
CUST04487,Customer_4487,Female,44,Delhi,DL,North
CUST04488,Customer_4488,Male,43,Bengaluru,KA,South
CUST04489,Customer_4489,Female,49,Kolkata,WB,East
CUST04490,Customer_4490,Female,36,Bengaluru,KA,South
CUST04491,Customer_4491,Female,56,Mumbai,MH,West
CUST04492,Customer_4492,Male,62,Hyderabad,TG,South
CUST04493,Customer_4493,Male,40,Bengaluru,KA,South
CUST04494,Customer_4494,Female,54,Kolkata,WB,East
CUST04495,Customer_4495,Male,54,Kolkata,WB,East
CUST04496,Customer_4496,Male,29,Delhi,DL,North
CUST04497,Customer_4497,Female,35,Bengaluru,KA,South
CUST04498,Customer_4498,Female,23,Hyderabad,TG,South
CUST04499,Customer_4499,Male,26,Delhi,DL,North
CUST04500,Customer_4500,Male,44,Mumbai,MH,West
CUST04501,Customer_4501,Female,65,Delhi,DL,North
CUST04502,Customer_4502,Female,42,Hyderabad,TG,South
CUST04503,Customer_4503,Male,60,Kolkata,WB,East
CUST04504,Customer_4504,Female,23,Hyderabad,TG,South
CUST04505,Customer_4505,Female,61,Kolkata,WB,East
CUST04506,Customer_4506,Male,61,Mumbai,MH,West
CUST04507,Customer_4507,Female,38,Bengaluru,KA,South
CUST04508,Customer_4508,Male,25,Delhi,DL,North
CUST04509,Customer_4509,Male,44,Hyderabad,TG,South
CUST04510,Customer_4510,Female,37,Kolkata,WB,East
CUST04511,Customer_4511,Male,38,Bengaluru,KA,South
CUST04512,Customer_4512,Female,59,Mumbai,MH,West
CUST04513,Customer_4513,Male,40,Mumbai,MH,West
CUST04514,Customer_4514,Female,62,Bengaluru,KA,South
CUST04515,Customer_4515,Male,32,Delhi,DL,North
CUST04516,Customer_4516,Male,27,Kolkata,WB,East
CUST04517,Customer_4517,Male,40,Delhi,DL,North
CUST04518,Customer_4518,Male,39,Delhi,DL,North
CUST04519,Customer_4519,Female,30,Hyderabad,TG,South
CUST04520,Customer_4520,Female,52,Hyderabad,TG,South
CUST04521,Customer_4521,Female,51,Bengaluru,KA,South
CUST04522,Customer_4522,Male,24,Bengaluru,KA,South
CUST04523,Customer_4523,Male,43,Hyderabad,TG,South
CUST04524,Customer_4524,Female,22,Hyderabad,TG,South
CUST04525,Customer_4525,Male,25,Kolkata,WB,East
CUST04526,Customer_4526,Female,29,Kolkata,WB,East
CUST04527,Customer_4527,Female,56,Delhi,DL,North
CUST04528,Customer_4528,Female,30,Delhi,DL,North
CUST04529,Customer_4529,Male,63,Hyderabad,TG,South
CUST04530,Customer_4530,Female,35,Hyderabad,TG,South
CUST04531,Customer_4531,Female,60,Hyderabad,TG,South
CUST04532,Customer_4532,Female,53,Mumbai,MH,West
CUST04533,Customer_4533,Female,51,Mumbai,MH,West
CUST04534,Customer_4534,Male,29,Kolkata,WB,East
CUST04535,Customer_4535,Female,26,Mumbai,MH,West
CUST04536,Customer_4536,Male,44,Mumbai,MH,West
CUST04537,Customer_4537,Male,38,Delhi,DL,North
CUST04538,Customer_4538,Male,39,Mumbai,MH,West
CUST04539,Customer_4539,Female,40,Hyderabad,TG,South
CUST04540,Customer_4540,Male,65,Kolkata,WB,East
CUST04541,Customer_4541,Male,51,Delhi,DL,North
CUST04542,Customer_4542,Female,46,Hyderabad,TG,South
CUST04543,Customer_4543,Male,55,Hyderabad,TG,South
CUST04544,Customer_4544,Female,32,Hyderabad,TG,South
CUST04545,Customer_4545,Female,46,Mumbai,MH,West
CUST04546,Customer_4546,Female,38,Bengaluru,KA,South
CUST04547,Customer_4547,Male,37,Hyderabad,TG,South
CUST04548,Customer_4548,Female,54,Mumbai,MH,West
CUST04549,Customer_4549,Male,31,Delhi,DL,North
CUST04550,Customer_4550,Male,63,Delhi,DL,North
CUST04551,Customer_4551,Male,29,Delhi,DL,North
CUST04552,Customer_4552,Female,25,Delhi,DL,North
CUST04553,Customer_4553,Female,61,Delhi,DL,North
CUST04554,Customer_4554,Male,58,Hyderabad,TG,South
CUST04555,Customer_4555,Male,46,Delhi,DL,North
CUST04556,Customer_4556,Male,33,Hyderabad,TG,South
CUST04557,Customer_4557,Female,49,Hyderabad,TG,South
CUST04558,Customer_4558,Female,49,Delhi,DL,North
CUST04559,Customer_4559,Male,37,Bengaluru,KA,South
CUST04560,Customer_4560,Male,23,Mumbai,MH,West
CUST04561,Customer_4561,Female,64,Delhi,DL,North
CUST04562,Customer_4562,Female,65,Hyderabad,TG,South
CUST04563,Customer_4563,Male,57,Hyderabad,TG,South
CUST04564,Customer_4564,Female,48,Mumbai,MH,West
CUST04565,Customer_4565,Female,48,Bengaluru,KA,South
CUST04566,Customer_4566,Female,22,Mumbai,MH,West
CUST04567,Customer_4567,Female,62,Bengaluru,KA,South
CUST04568,Customer_4568,Male,42,Hyderabad,TG,South
CUST04569,Customer_4569,Male,56,Delhi,DL,North
CUST04570,Customer_4570,Male,61,Hyderabad,TG,South
CUST04571,Customer_4571,Female,57,Kolkata,WB,East
CUST04572,Customer_4572,Male,41,Delhi,DL,North
CUST04573,Customer_4573,Female,25,Delhi,DL,North
CUST04574,Customer_4574,Female,41,Mumbai,MH,West
CUST04575,Customer_4575,Female,24,Bengaluru,KA,South
CUST04576,Customer_4576,Male,40,Delhi,DL,North
CUST04577,Customer_4577,Female,41,Bengaluru,KA,South
CUST04578,Customer_4578,Female,58,Delhi,DL,North
CUST04579,Customer_4579,Male,26,Mumbai,MH,West
CUST04580,Customer_4580,Female,21,Mumbai,MH,West
CUST04581,Customer_4581,Male,40,Hyderabad,TG,South
CUST04582,Customer_4582,Male,40,Kolkata,WB,East
CUST04583,Customer_4583,Male,32,Bengaluru,KA,South
CUST04584,Customer_4584,Female,41,Mumbai,MH,West
CUST04585,Customer_4585,Male,28,Hyderabad,TG,South
CUST04586,Customer_4586,Male,38,Bengaluru,KA,South
CUST04587,Customer_4587,Male,63,Mumbai,MH,West
CUST04588,Customer_4588,Male,45,Kolkata,WB,East
CUST04589,Customer_4589,Male,63,Mumbai,MH,West
CUST04590,Customer_4590,Female,58,Delhi,DL,North
CUST04591,Customer_4591,Male,64,Bengaluru,KA,South
CUST04592,Customer_4592,Female,50,Kolkata,WB,East
CUST04593,Customer_4593,Female,59,Delhi,DL,North
CUST04594,Customer_4594,Female,30,Delhi,DL,North
CUST04595,Customer_4595,Female,35,Kolkata,WB,East
CUST04596,Customer_4596,Male,61,Delhi,DL,North
CUST04597,Customer_4597,Female,41,Kolkata,WB,East
CUST04598,Customer_4598,Male,51,Hyderabad,TG,South
CUST04599,Customer_4599,Female,58,Bengaluru,KA,South
CUST04600,Customer_4600,Male,32,Mumbai,MH,West
CUST04601,Customer_4601,Female,56,Mumbai,MH,West
CUST04602,Customer_4602,Female,54,Bengaluru,KA,South
CUST04603,Customer_4603,Female,23,Kolkata,WB,East
CUST04604,Customer_4604,Female,39,Bengaluru,KA,South
CUST04605,Customer_4605,Male,25,Mumbai,MH,West
CUST04606,Customer_4606,Female,33,Hyderabad,TG,South
CUST04607,Customer_4607,Male,63,Kolkata,WB,East
CUST04608,Customer_4608,Female,52,Delhi,DL,North
CUST04609,Customer_4609,Male,25,Bengaluru,KA,South
CUST04610,Customer_4610,Female,41,Hyderabad,TG,South
CUST04611,Customer_4611,Male,65,Mumbai,MH,West
CUST04612,Customer_4612,Male,50,Kolkata,WB,East
CUST04613,Customer_4613,Female,33,Hyderabad,TG,South
CUST04614,Customer_4614,Male,56,Hyderabad,TG,South
CUST04615,Customer_4615,Female,46,Bengaluru,KA,South
CUST04616,Customer_4616,Female,49,Kolkata,WB,East
CUST04617,Customer_4617,Male,26,Hyderabad,TG,South
CUST04618,Customer_4618,Male,37,Kolkata,WB,East
CUST04619,Customer_4619,Male,43,Kolkata,WB,East
CUST04620,Customer_4620,Female,44,Delhi,DL,North
CUST04621,Customer_4621,Female,28,Delhi,DL,North
CUST04622,Customer_4622,Male,40,Kolkata,WB,East
CUST04623,Customer_4623,Female,33,Kolkata,WB,East
CUST04624,Customer_4624,Male,33,Mumbai,MH,West
CUST04625,Customer_4625,Male,25,Bengaluru,KA,South
CUST04626,Customer_4626,Male,33,Kolkata,WB,East
CUST04627,Customer_4627,Female,62,Bengaluru,KA,South
CUST04628,Customer_4628,Male,31,Delhi,DL,North
CUST04629,Customer_4629,Female,60,Delhi,DL,North
CUST04630,Customer_4630,Male,48,Kolkata,WB,East
CUST04631,Customer_4631,Female,43,Hyderabad,TG,South
CUST04632,Customer_4632,Male,39,Bengaluru,KA,South
CUST04633,Customer_4633,Female,41,Bengaluru,KA,South
CUST04634,Customer_4634,Female,31,Hyderabad,TG,South
CUST04635,Customer_4635,Male,31,Hyderabad,TG,South
CUST04636,Customer_4636,Female,61,Hyderabad,TG,South
CUST04637,Customer_4637,Male,27,Kolkata,WB,East
CUST04638,Customer_4638,Female,34,Hyderabad,TG,South
CUST04639,Customer_4639,Male,54,Hyderabad,TG,South
CUST04640,Customer_4640,Female,46,Bengaluru,KA,South
CUST04641,Customer_4641,Female,22,Hyderabad,TG,South
CUST04642,Customer_4642,Female,65,Hyderabad,TG,South
CUST04643,Customer_4643,Male,46,Hyderabad,TG,South
CUST04644,Customer_4644,Female,51,Mumbai,MH,West
CUST04645,Customer_4645,Female,55,Hyderabad,TG,South
CUST04646,Customer_4646,Male,46,Bengaluru,KA,South
CUST04647,Customer_4647,Female,27,Kolkata,WB,East
CUST04648,Customer_4648,Male,29,Kolkata,WB,East
CUST04649,Customer_4649,Female,61,Mumbai,MH,West
CUST04650,Customer_4650,Male,22,Kolkata,WB,East
CUST04651,Customer_4651,Male,63,Delhi,DL,North
CUST04652,Customer_4652,Male,24,Mumbai,MH,West
CUST04653,Customer_4653,Male,48,Kolkata,WB,East
CUST04654,Customer_4654,Male,46,Hyderabad,TG,South
CUST04655,Customer_4655,Female,26,Delhi,DL,North
CUST04656,Customer_4656,Female,32,Hyderabad,TG,South
CUST04657,Customer_4657,Male,47,Mumbai,MH,West
CUST04658,Customer_4658,Female,33,Mumbai,MH,West
CUST04659,Customer_4659,Female,49,Kolkata,WB,East
CUST04660,Customer_4660,Male,48,Mumbai,MH,West
CUST04661,Customer_4661,Female,24,Hyderabad,TG,South
CUST04662,Customer_4662,Female,21,Hyderabad,TG,South
CUST04663,Customer_4663,Female,56,Bengaluru,KA,South
CUST04664,Customer_4664,Male,23,Hyderabad,TG,South
CUST04665,Customer_4665,Male,42,Hyderabad,TG,South
CUST04666,Customer_4666,Female,21,Hyderabad,TG,South
CUST04667,Customer_4667,Male,46,Kolkata,WB,East
CUST04668,Customer_4668,Male,64,Hyderabad,TG,South
CUST04669,Customer_4669,Male,47,Kolkata,WB,East
CUST04670,Customer_4670,Male,57,Mumbai,MH,West
CUST04671,Customer_4671,Female,28,Bengaluru,KA,South
CUST04672,Customer_4672,Male,44,Hyderabad,TG,South
CUST04673,Customer_4673,Female,48,Mumbai,MH,West
CUST04674,Customer_4674,Female,44,Kolkata,WB,East
CUST04675,Customer_4675,Male,36,Hyderabad,TG,South
CUST04676,Customer_4676,Female,44,Hyderabad,TG,South
CUST04677,Customer_4677,Female,28,Hyderabad,TG,South
CUST04678,Customer_4678,Female,63,Kolkata,WB,East
CUST04679,Customer_4679,Male,38,Kolkata,WB,East
CUST04680,Customer_4680,Male,32,Delhi,DL,North
CUST04681,Customer_4681,Female,47,Delhi,DL,North
CUST04682,Customer_4682,Male,34,Mumbai,MH,West
CUST04683,Customer_4683,Female,37,Delhi,DL,North
CUST04684,Customer_4684,Female,34,Kolkata,WB,East
CUST04685,Customer_4685,Male,63,Delhi,DL,North
CUST04686,Customer_4686,Female,59,Kolkata,WB,East
CUST04687,Customer_4687,Female,30,Hyderabad,TG,South
CUST04688,Customer_4688,Female,39,Kolkata,WB,East
CUST04689,Customer_4689,Female,40,Kolkata,WB,East
CUST04690,Customer_4690,Male,38,Hyderabad,TG,South
CUST04691,Customer_4691,Female,27,Kolkata,WB,East
CUST04692,Customer_4692,Female,57,Bengaluru,KA,South
CUST04693,Customer_4693,Female,33,Bengaluru,KA,South
CUST04694,Customer_4694,Female,40,Mumbai,MH,West
CUST04695,Customer_4695,Female,48,Mumbai,MH,West
CUST04696,Customer_4696,Female,63,Hyderabad,TG,South
CUST04697,Customer_4697,Female,46,Hyderabad,TG,South
CUST04698,Customer_4698,Male,24,Kolkata,WB,East
CUST04699,Customer_4699,Female,52,Mumbai,MH,West
CUST04700,Customer_4700,Female,34,Bengaluru,KA,South
CUST04701,Customer_4701,Female,63,Hyderabad,TG,South
CUST04702,Customer_4702,Female,34,Mumbai,MH,West
CUST04703,Customer_4703,Female,37,Mumbai,MH,West
CUST04704,Customer_4704,Male,37,Mumbai,MH,West
CUST04705,Customer_4705,Female,36,Mumbai,MH,West
CUST04706,Customer_4706,Male,40,Mumbai,MH,West
CUST04707,Customer_4707,Male,47,Kolkata,WB,East
CUST04708,Customer_4708,Male,60,Mumbai,MH,West
CUST04709,Customer_4709,Female,36,Delhi,DL,North
CUST04710,Customer_4710,Male,60,Mumbai,MH,West
CUST04711,Customer_4711,Female,62,Bengaluru,KA,South
CUST04712,Customer_4712,Female,23,Hyderabad,TG,South
CUST04713,Customer_4713,Female,54,Mumbai,MH,West
CUST04714,Customer_4714,Male,38,Delhi,DL,North
CUST04715,Customer_4715,Female,21,Kolkata,WB,East
CUST04716,Customer_4716,Female,52,Hyderabad,TG,South
CUST04717,Customer_4717,Male,58,Bengaluru,KA,South
CUST04718,Customer_4718,Male,33,Kolkata,WB,East
CUST04719,Customer_4719,Female,33,Mumbai,MH,West
CUST04720,Customer_4720,Female,48,Hyderabad,TG,South
CUST04721,Customer_4721,Female,23,Bengaluru,KA,South
CUST04722,Customer_4722,Female,49,Kolkata,WB,East
CUST04723,Customer_4723,Female,30,Hyderabad,TG,South
CUST04724,Customer_4724,Female,53,Bengaluru,KA,South
CUST04725,Customer_4725,Female,22,Bengaluru,KA,South
CUST04726,Customer_4726,Male,58,Hyderabad,TG,South
CUST04727,Customer_4727,Male,31,Bengaluru,KA,South
CUST04728,Customer_4728,Male,32,Kolkata,WB,East
CUST04729,Customer_4729,Female,23,Delhi,DL,North
CUST04730,Customer_4730,Female,38,Hyderabad,TG,South
CUST04731,Customer_4731,Female,40,Mumbai,MH,West
CUST04732,Customer_4732,Female,24,Bengaluru,KA,South
CUST04733,Customer_4733,Male,54,Kolkata,WB,East
CUST04734,Customer_4734,Male,38,Delhi,DL,North
CUST04735,Customer_4735,Male,31,Bengaluru,KA,South
CUST04736,Customer_4736,Male,62,Kolkata,WB,East
CUST04737,Customer_4737,Female,30,Delhi,DL,North
CUST04738,Customer_4738,Male,46,Bengaluru,KA,South
CUST04739,Customer_4739,Male,60,Mumbai,MH,West
CUST04740,Customer_4740,Female,36,Hyderabad,TG,South
CUST04741,Customer_4741,Female,45,Kolkata,WB,East
CUST04742,Customer_4742,Male,42,Delhi,DL,North
CUST04743,Customer_4743,Female,37,Kolkata,WB,East
CUST04744,Customer_4744,Male,32,Hyderabad,TG,South
CUST04745,Customer_4745,Male,59,Kolkata,WB,East
CUST04746,Customer_4746,Female,61,Kolkata,WB,East
CUST04747,Customer_4747,Male,50,Kolkata,WB,East
CUST04748,Customer_4748,Male,47,Kolkata,WB,East
CUST04749,Customer_4749,Female,35,Delhi,DL,North
CUST04750,Customer_4750,Male,65,Mumbai,MH,West
CUST04751,Customer_4751,Female,47,Bengaluru,KA,South
CUST04752,Customer_4752,Female,27,Bengaluru,KA,South
CUST04753,Customer_4753,Female,54,Bengaluru,KA,South
CUST04754,Customer_4754,Female,31,Kolkata,WB,East
CUST04755,Customer_4755,Female,49,Delhi,DL,North
CUST04756,Customer_4756,Female,31,Mumbai,MH,West
CUST04757,Customer_4757,Female,24,Delhi,DL,North
CUST04758,Customer_4758,Female,24,Mumbai,MH,West
CUST04759,Customer_4759,Male,44,Mumbai,MH,West
CUST04760,Customer_4760,Male,60,Bengaluru,KA,South
CUST04761,Customer_4761,Female,59,Mumbai,MH,West
CUST04762,Customer_4762,Male,63,Hyderabad,TG,South
CUST04763,Customer_4763,Male,60,Bengaluru,KA,South
CUST04764,Customer_4764,Male,63,Hyderabad,TG,South
CUST04765,Customer_4765,Male,57,Kolkata,WB,East
CUST04766,Customer_4766,Male,46,Hyderabad,TG,South
CUST04767,Customer_4767,Male,35,Delhi,DL,North
CUST04768,Customer_4768,Female,49,Hyderabad,TG,South
CUST04769,Customer_4769,Male,23,Delhi,DL,North
CUST04770,Customer_4770,Male,36,Kolkata,WB,East
CUST04771,Customer_4771,Female,47,Bengaluru,KA,South
CUST04772,Customer_4772,Male,35,Delhi,DL,North
CUST04773,Customer_4773,Female,60,Mumbai,MH,West
CUST04774,Customer_4774,Female,53,Mumbai,MH,West
CUST04775,Customer_4775,Male,39,Delhi,DL,North
CUST04776,Customer_4776,Male,42,Kolkata,WB,East
CUST04777,Customer_4777,Male,28,Kolkata,WB,East
CUST04778,Customer_4778,Male,30,Kolkata,WB,East
CUST04779,Customer_4779,Male,23,Kolkata,WB,East
CUST04780,Customer_4780,Male,37,Hyderabad,TG,South
CUST04781,Customer_4781,Male,21,Bengaluru,KA,South
CUST04782,Customer_4782,Female,35,Hyderabad,TG,South
CUST04783,Customer_4783,Female,56,Bengaluru,KA,South
CUST04784,Customer_4784,Male,46,Kolkata,WB,East
CUST04785,Customer_4785,Male,27,Bengaluru,KA,South
CUST04786,Customer_4786,Male,52,Kolkata,WB,East
CUST04787,Customer_4787,Male,30,Hyderabad,TG,South
CUST04788,Customer_4788,Male,25,Hyderabad,TG,South
CUST04789,Customer_4789,Male,41,Delhi,DL,North
CUST04790,Customer_4790,Female,23,Kolkata,WB,East
CUST04791,Customer_4791,Female,52,Bengaluru,KA,South
CUST04792,Customer_4792,Male,61,Hyderabad,TG,South
CUST04793,Customer_4793,Male,58,Bengaluru,KA,South
CUST04794,Customer_4794,Male,24,Mumbai,MH,West
CUST04795,Customer_4795,Male,55,Bengaluru,KA,South
CUST04796,Customer_4796,Male,34,Mumbai,MH,West
CUST04797,Customer_4797,Male,49,Mumbai,MH,West
CUST04798,Customer_4798,Male,32,Delhi,DL,North
CUST04799,Customer_4799,Male,51,Hyderabad,TG,South
CUST04800,Customer_4800,Female,54,Mumbai,MH,West
CUST04801,Customer_4801,Male,54,Hyderabad,TG,South
CUST04802,Customer_4802,Male,53,Mumbai,MH,West
CUST04803,Customer_4803,Male,41,Hyderabad,TG,South
CUST04804,Customer_4804,Female,39,Mumbai,MH,West
CUST04805,Customer_4805,Female,60,Delhi,DL,North
CUST04806,Customer_4806,Female,49,Mumbai,MH,West
CUST04807,Customer_4807,Male,63,Mumbai,MH,West
CUST04808,Customer_4808,Female,31,Mumbai,MH,West
CUST04809,Customer_4809,Female,62,Hyderabad,TG,South
CUST04810,Customer_4810,Male,64,Bengaluru,KA,South
CUST04811,Customer_4811,Female,54,Mumbai,MH,West
CUST04812,Customer_4812,Female,45,Hyderabad,TG,South
CUST04813,Customer_4813,Male,41,Mumbai,MH,West
CUST04814,Customer_4814,Male,27,Bengaluru,KA,South
CUST04815,Customer_4815,Male,25,Delhi,DL,North
CUST04816,Customer_4816,Female,26,Kolkata,WB,East
CUST04817,Customer_4817,Female,46,Kolkata,WB,East
CUST04818,Customer_4818,Male,33,Kolkata,WB,East
CUST04819,Customer_4819,Male,49,Delhi,DL,North
CUST04820,Customer_4820,Female,34,Hyderabad,TG,South
CUST04821,Customer_4821,Female,61,Hyderabad,TG,South
CUST04822,Customer_4822,Male,49,Mumbai,MH,West
CUST04823,Customer_4823,Male,37,Bengaluru,KA,South
CUST04824,Customer_4824,Female,30,Hyderabad,TG,South
CUST04825,Customer_4825,Female,34,Hyderabad,TG,South
CUST04826,Customer_4826,Male,23,Delhi,DL,North
CUST04827,Customer_4827,Male,57,Bengaluru,KA,South
CUST04828,Customer_4828,Female,59,Kolkata,WB,East
CUST04829,Customer_4829,Female,48,Kolkata,WB,East
CUST04830,Customer_4830,Female,31,Kolkata,WB,East
CUST04831,Customer_4831,Male,61,Bengaluru,KA,South
CUST04832,Customer_4832,Female,21,Kolkata,WB,East
CUST04833,Customer_4833,Male,51,Mumbai,MH,West
CUST04834,Customer_4834,Male,58,Mumbai,MH,West
CUST04835,Customer_4835,Female,26,Hyderabad,TG,South
CUST04836,Customer_4836,Male,61,Delhi,DL,North
CUST04837,Customer_4837,Female,34,Bengaluru,KA,South
CUST04838,Customer_4838,Male,29,Bengaluru,KA,South
CUST04839,Customer_4839,Male,62,Kolkata,WB,East
CUST04840,Customer_4840,Female,31,Delhi,DL,North
CUST04841,Customer_4841,Male,56,Delhi,DL,North
CUST04842,Customer_4842,Male,21,Kolkata,WB,East
CUST04843,Customer_4843,Male,40,Delhi,DL,North
CUST04844,Customer_4844,Male,57,Bengaluru,KA,South
CUST04845,Customer_4845,Male,56,Mumbai,MH,West
CUST04846,Customer_4846,Male,37,Bengaluru,KA,South
CUST04847,Customer_4847,Male,21,Bengaluru,KA,South
CUST04848,Customer_4848,Female,52,Bengaluru,KA,South
CUST04849,Customer_4849,Male,41,Delhi,DL,North
CUST04850,Customer_4850,Female,36,Bengaluru,KA,South
CUST04851,Customer_4851,Male,45,Delhi,DL,North
CUST04852,Customer_4852,Female,37,Delhi,DL,North
CUST04853,Customer_4853,Male,47,Bengaluru,KA,South
CUST04854,Customer_4854,Female,38,Kolkata,WB,East
CUST04855,Customer_4855,Female,64,Bengaluru,KA,South
CUST04856,Customer_4856,Male,65,Hyderabad,TG,South
CUST04857,Customer_4857,Male,26,Hyderabad,TG,South
CUST04858,Customer_4858,Male,59,Delhi,DL,North
CUST04859,Customer_4859,Male,37,Bengaluru,KA,South
CUST04860,Customer_4860,Female,23,Mumbai,MH,West
CUST04861,Customer_4861,Female,21,Kolkata,WB,East
CUST04862,Customer_4862,Female,36,Kolkata,WB,East
CUST04863,Customer_4863,Male,64,Delhi,DL,North
CUST04864,Customer_4864,Male,39,Mumbai,MH,West
CUST04865,Customer_4865,Male,34,Hyderabad,TG,South
CUST04866,Customer_4866,Female,27,Bengaluru,KA,South
CUST04867,Customer_4867,Male,26,Kolkata,WB,East
CUST04868,Customer_4868,Male,38,Kolkata,WB,East
CUST04869,Customer_4869,Male,48,Hyderabad,TG,South
CUST04870,Customer_4870,Female,46,Hyderabad,TG,South
CUST04871,Customer_4871,Female,34,Delhi,DL,North
CUST04872,Customer_4872,Male,65,Kolkata,WB,East
CUST04873,Customer_4873,Female,22,Hyderabad,TG,South
CUST04874,Customer_4874,Female,30,Delhi,DL,North
CUST04875,Customer_4875,Female,40,Bengaluru,KA,South
CUST04876,Customer_4876,Male,61,Mumbai,MH,West
CUST04877,Customer_4877,Male,53,Hyderabad,TG,South
CUST04878,Customer_4878,Female,37,Mumbai,MH,West
CUST04879,Customer_4879,Male,59,Delhi,DL,North
CUST04880,Customer_4880,Male,28,Bengaluru,KA,South
CUST04881,Customer_4881,Female,21,Hyderabad,TG,South
CUST04882,Customer_4882,Female,26,Bengaluru,KA,South
CUST04883,Customer_4883,Male,42,Bengaluru,KA,South
CUST04884,Customer_4884,Female,46,Hyderabad,TG,South
CUST04885,Customer_4885,Female,56,Mumbai,MH,West
CUST04886,Customer_4886,Female,65,Delhi,DL,North
CUST04887,Customer_4887,Male,65,Bengaluru,KA,South
CUST04888,Customer_4888,Male,31,Hyderabad,TG,South
CUST04889,Customer_4889,Male,51,Kolkata,WB,East
CUST04890,Customer_4890,Male,48,Bengaluru,KA,South
CUST04891,Customer_4891,Male,35,Delhi,DL,North
CUST04892,Customer_4892,Male,47,Mumbai,MH,West
CUST04893,Customer_4893,Female,45,Bengaluru,KA,South
CUST04894,Customer_4894,Female,54,Delhi,DL,North
CUST04895,Customer_4895,Male,38,Kolkata,WB,East
CUST04896,Customer_4896,Female,54,Bengaluru,KA,South
CUST04897,Customer_4897,Female,64,Kolkata,WB,East
CUST04898,Customer_4898,Male,54,Kolkata,WB,East
CUST04899,Customer_4899,Female,39,Hyderabad,TG,South
CUST04900,Customer_4900,Female,26,Mumbai,MH,West
CUST04901,Customer_4901,Male,34,Kolkata,WB,East
CUST04902,Customer_4902,Female,48,Kolkata,WB,East
CUST04903,Customer_4903,Male,58,Mumbai,MH,West
CUST04904,Customer_4904,Female,40,Mumbai,MH,West
CUST04905,Customer_4905,Male,39,Delhi,DL,North
CUST04906,Customer_4906,Female,32,Hyderabad,TG,South
CUST04907,Customer_4907,Male,30,Delhi,DL,North
CUST04908,Customer_4908,Male,61,Hyderabad,TG,South
CUST04909,Customer_4909,Male,48,Delhi,DL,North
CUST04910,Customer_4910,Male,46,Hyderabad,TG,South
CUST04911,Customer_4911,Female,56,Hyderabad,TG,South
CUST04912,Customer_4912,Female,42,Mumbai,MH,West
CUST04913,Customer_4913,Female,42,Bengaluru,KA,South
CUST04914,Customer_4914,Female,42,Hyderabad,TG,South
CUST04915,Customer_4915,Female,57,Kolkata,WB,East
CUST04916,Customer_4916,Female,49,Mumbai,MH,West
CUST04917,Customer_4917,Female,44,Hyderabad,TG,South
CUST04918,Customer_4918,Female,36,Kolkata,WB,East
CUST04919,Customer_4919,Male,48,Bengaluru,KA,South
CUST04920,Customer_4920,Female,37,Hyderabad,TG,South
CUST04921,Customer_4921,Female,56,Delhi,DL,North
CUST04922,Customer_4922,Male,49,Delhi,DL,North
CUST04923,Customer_4923,Female,36,Mumbai,MH,West
CUST04924,Customer_4924,Female,29,Kolkata,WB,East
CUST04925,Customer_4925,Male,55,Delhi,DL,North
CUST04926,Customer_4926,Female,63,Mumbai,MH,West
CUST04927,Customer_4927,Male,60,Mumbai,MH,West
CUST04928,Customer_4928,Female,33,Bengaluru,KA,South
CUST04929,Customer_4929,Female,22,Kolkata,WB,East
CUST04930,Customer_4930,Male,54,Hyderabad,TG,South
CUST04931,Customer_4931,Female,59,Delhi,DL,North
CUST04932,Customer_4932,Male,43,Mumbai,MH,West
CUST04933,Customer_4933,Male,45,Kolkata,WB,East
CUST04934,Customer_4934,Female,57,Bengaluru,KA,South
CUST04935,Customer_4935,Male,32,Bengaluru,KA,South
CUST04936,Customer_4936,Male,32,Bengaluru,KA,South
CUST04937,Customer_4937,Male,25,Kolkata,WB,East
CUST04938,Customer_4938,Female,26,Delhi,DL,North
CUST04939,Customer_4939,Male,41,Mumbai,MH,West
CUST04940,Customer_4940,Male,44,Bengaluru,KA,South
CUST04941,Customer_4941,Female,64,Hyderabad,TG,South
CUST04942,Customer_4942,Female,49,Delhi,DL,North
CUST04943,Customer_4943,Female,28,Bengaluru,KA,South
CUST04944,Customer_4944,Male,26,Kolkata,WB,East
CUST04945,Customer_4945,Male,62,Delhi,DL,North
CUST04946,Customer_4946,Male,64,Mumbai,MH,West
CUST04947,Customer_4947,Male,63,Mumbai,MH,West
CUST04948,Customer_4948,Female,62,Kolkata,WB,East
CUST04949,Customer_4949,Male,43,Hyderabad,TG,South
CUST04950,Customer_4950,Male,49,Hyderabad,TG,South
CUST04951,Customer_4951,Female,60,Bengaluru,KA,South
CUST04952,Customer_4952,Male,58,Hyderabad,TG,South
CUST04953,Customer_4953,Male,30,Kolkata,WB,East
CUST04954,Customer_4954,Female,50,Hyderabad,TG,South
CUST04955,Customer_4955,Female,39,Hyderabad,TG,South
CUST04956,Customer_4956,Male,54,Mumbai,MH,West
CUST04957,Customer_4957,Female,63,Kolkata,WB,East
CUST04958,Customer_4958,Female,26,Delhi,DL,North
CUST04959,Customer_4959,Male,51,Bengaluru,KA,South
CUST04960,Customer_4960,Female,23,Bengaluru,KA,South
CUST04961,Customer_4961,Female,31,Bengaluru,KA,South
CUST04962,Customer_4962,Female,53,Delhi,DL,North
CUST04963,Customer_4963,Female,61,Bengaluru,KA,South
CUST04964,Customer_4964,Male,51,Bengaluru,KA,South
CUST04965,Customer_4965,Male,41,Bengaluru,KA,South
CUST04966,Customer_4966,Male,46,Bengaluru,KA,South
CUST04967,Customer_4967,Female,43,Delhi,DL,North
CUST04968,Customer_4968,Male,45,Bengaluru,KA,South
CUST04969,Customer_4969,Male,63,Hyderabad,TG,South
CUST04970,Customer_4970,Male,45,Kolkata,WB,East
CUST04971,Customer_4971,Male,55,Kolkata,WB,East
CUST04972,Customer_4972,Female,21,Kolkata,WB,East
CUST04973,Customer_4973,Male,47,Delhi,DL,North
CUST04974,Customer_4974,Female,52,Kolkata,WB,East
CUST04975,Customer_4975,Male,65,Mumbai,MH,West
CUST04976,Customer_4976,Female,51,Hyderabad,TG,South
CUST04977,Customer_4977,Female,23,Delhi,DL,North
CUST04978,Customer_4978,Male,55,Mumbai,MH,West
CUST04979,Customer_4979,Female,54,Bengaluru,KA,South
CUST04980,Customer_4980,Male,35,Kolkata,WB,East
CUST04981,Customer_4981,Female,61,Kolkata,WB,East
CUST04982,Customer_4982,Female,63,Kolkata,WB,East
CUST04983,Customer_4983,Female,59,Hyderabad,TG,South
CUST04984,Customer_4984,Female,24,Kolkata,WB,East
CUST04985,Customer_4985,Male,25,Bengaluru,KA,South
CUST04986,Customer_4986,Female,29,Kolkata,WB,East
CUST04987,Customer_4987,Female,36,Hyderabad,TG,South
CUST04988,Customer_4988,Female,47,Kolkata,WB,East
CUST04989,Customer_4989,Male,36,Bengaluru,KA,South
CUST04990,Customer_4990,Male,39,Bengaluru,KA,South
CUST04991,Customer_4991,Female,39,Mumbai,MH,West
CUST04992,Customer_4992,Male,35,Kolkata,WB,East
CUST04993,Customer_4993,Male,60,Mumbai,MH,West
CUST04994,Customer_4994,Female,42,Kolkata,WB,East
CUST04995,Customer_4995,Female,47,Delhi,DL,North
CUST04996,Customer_4996,Female,54,Hyderabad,TG,South
CUST04997,Customer_4997,Male,42,Bengaluru,KA,South
CUST04998,Customer_4998,Female,51,Kolkata,WB,East
CUST04999,Customer_4999,Male,61,Bengaluru,KA,South
CUST05000,Customer_5000,Male,52,Bengaluru,KA,South
CUST05001,Customer_5001,Female,31,Hyderabad,TG,South
CUST05002,Customer_5002,Female,42,Bengaluru,KA,South
CUST05003,Customer_5003,Male,54,Mumbai,MH,West
CUST05004,Customer_5004,Male,56,Hyderabad,TG,South
CUST05005,Customer_5005,Male,26,Delhi,DL,North
CUST05006,Customer_5006,Male,52,Mumbai,MH,West
CUST05007,Customer_5007,Male,62,Bengaluru,KA,South
CUST05008,Customer_5008,Male,44,Hyderabad,TG,South
CUST05009,Customer_5009,Female,24,Bengaluru,KA,South
CUST05010,Customer_5010,Female,22,Hyderabad,TG,South
CUST05011,Customer_5011,Male,31,Mumbai,MH,West
CUST05012,Customer_5012,Female,26,Hyderabad,TG,South
CUST05013,Customer_5013,Female,42,Hyderabad,TG,South
CUST05014,Customer_5014,Male,28,Kolkata,WB,East
CUST05015,Customer_5015,Female,63,Kolkata,WB,East
CUST05016,Customer_5016,Female,65,Hyderabad,TG,South
CUST05017,Customer_5017,Female,50,Bengaluru,KA,South
CUST05018,Customer_5018,Male,27,Kolkata,WB,East
CUST05019,Customer_5019,Female,30,Delhi,DL,North
CUST05020,Customer_5020,Female,59,Mumbai,MH,West
CUST05021,Customer_5021,Female,61,Delhi,DL,North
CUST05022,Customer_5022,Female,40,Kolkata,WB,East
CUST05023,Customer_5023,Female,43,Delhi,DL,North
CUST05024,Customer_5024,Male,40,Hyderabad,TG,South
CUST05025,Customer_5025,Male,27,Delhi,DL,North
CUST05026,Customer_5026,Male,25,Kolkata,WB,East
CUST05027,Customer_5027,Male,30,Bengaluru,KA,South
CUST05028,Customer_5028,Female,56,Kolkata,WB,East
CUST05029,Customer_5029,Female,54,Kolkata,WB,East
CUST05030,Customer_5030,Female,58,Delhi,DL,North
CUST05031,Customer_5031,Male,57,Mumbai,MH,West
CUST05032,Customer_5032,Female,63,Delhi,DL,North
CUST05033,Customer_5033,Female,42,Mumbai,MH,West
CUST05034,Customer_5034,Male,52,Kolkata,WB,East
CUST05035,Customer_5035,Female,43,Delhi,DL,North
CUST05036,Customer_5036,Female,36,Mumbai,MH,West
CUST05037,Customer_5037,Female,46,Kolkata,WB,East
CUST05038,Customer_5038,Male,50,Bengaluru,KA,South
CUST05039,Customer_5039,Female,31,Hyderabad,TG,South
CUST05040,Customer_5040,Male,61,Bengaluru,KA,South
CUST05041,Customer_5041,Male,26,Hyderabad,TG,South
CUST05042,Customer_5042,Female,41,Bengaluru,KA,South
CUST05043,Customer_5043,Female,61,Bengaluru,KA,South
CUST05044,Customer_5044,Male,32,Kolkata,WB,East
CUST05045,Customer_5045,Female,48,Mumbai,MH,West
CUST05046,Customer_5046,Female,21,Mumbai,MH,West
CUST05047,Customer_5047,Female,59,Bengaluru,KA,South
CUST05048,Customer_5048,Male,57,Mumbai,MH,West
CUST05049,Customer_5049,Female,33,Bengaluru,KA,South
CUST05050,Customer_5050,Female,21,Delhi,DL,North
CUST05051,Customer_5051,Female,57,Mumbai,MH,West
CUST05052,Customer_5052,Male,61,Kolkata,WB,East
CUST05053,Customer_5053,Male,61,Delhi,DL,North
CUST05054,Customer_5054,Female,48,Bengaluru,KA,South
CUST05055,Customer_5055,Male,24,Kolkata,WB,East
CUST05056,Customer_5056,Male,58,Bengaluru,KA,South
CUST05057,Customer_5057,Male,59,Bengaluru,KA,South
CUST05058,Customer_5058,Male,33,Mumbai,MH,West
CUST05059,Customer_5059,Male,26,Mumbai,MH,West
CUST05060,Customer_5060,Male,45,Mumbai,MH,West
CUST05061,Customer_5061,Male,22,Mumbai,MH,West
CUST05062,Customer_5062,Male,63,Hyderabad,TG,South
CUST05063,Customer_5063,Female,44,Hyderabad,TG,South
CUST05064,Customer_5064,Male,23,Hyderabad,TG,South
CUST05065,Customer_5065,Female,53,Delhi,DL,North
CUST05066,Customer_5066,Male,56,Delhi,DL,North
CUST05067,Customer_5067,Female,28,Bengaluru,KA,South
CUST05068,Customer_5068,Male,46,Kolkata,WB,East
CUST05069,Customer_5069,Female,48,Delhi,DL,North
CUST05070,Customer_5070,Male,54,Kolkata,WB,East
CUST05071,Customer_5071,Male,48,Hyderabad,TG,South
CUST05072,Customer_5072,Male,22,Kolkata,WB,East
CUST05073,Customer_5073,Male,48,Delhi,DL,North
CUST05074,Customer_5074,Female,29,Bengaluru,KA,South
CUST05075,Customer_5075,Female,32,Kolkata,WB,East
CUST05076,Customer_5076,Female,31,Delhi,DL,North
CUST05077,Customer_5077,Male,50,Delhi,DL,North
CUST05078,Customer_5078,Female,64,Bengaluru,KA,South
CUST05079,Customer_5079,Female,54,Bengaluru,KA,South
CUST05080,Customer_5080,Female,39,Delhi,DL,North
CUST05081,Customer_5081,Male,63,Kolkata,WB,East
CUST05082,Customer_5082,Male,37,Hyderabad,TG,South
CUST05083,Customer_5083,Male,51,Hyderabad,TG,South
CUST05084,Customer_5084,Male,44,Hyderabad,TG,South
CUST05085,Customer_5085,Male,42,Delhi,DL,North
CUST05086,Customer_5086,Female,44,Bengaluru,KA,South
CUST05087,Customer_5087,Male,62,Kolkata,WB,East
CUST05088,Customer_5088,Male,41,Kolkata,WB,East
CUST05089,Customer_5089,Female,34,Delhi,DL,North
CUST05090,Customer_5090,Male,46,Mumbai,MH,West
CUST05091,Customer_5091,Male,41,Hyderabad,TG,South
CUST05092,Customer_5092,Male,22,Delhi,DL,North
CUST05093,Customer_5093,Male,31,Delhi,DL,North
CUST05094,Customer_5094,Male,34,Bengaluru,KA,South
CUST05095,Customer_5095,Female,59,Delhi,DL,North
CUST05096,Customer_5096,Female,21,Kolkata,WB,East
CUST05097,Customer_5097,Female,58,Kolkata,WB,East
CUST05098,Customer_5098,Female,47,Delhi,DL,North
CUST05099,Customer_5099,Female,46,Hyderabad,TG,South
CUST05100,Customer_5100,Male,51,Delhi,DL,North
CUST05101,Customer_5101,Female,51,Kolkata,WB,East
CUST05102,Customer_5102,Male,51,Hyderabad,TG,South
CUST05103,Customer_5103,Female,28,Bengaluru,KA,South
CUST05104,Customer_5104,Male,33,Bengaluru,KA,South
CUST05105,Customer_5105,Male,50,Hyderabad,TG,South
CUST05106,Customer_5106,Male,50,Hyderabad,TG,South
CUST05107,Customer_5107,Female,38,Mumbai,MH,West
CUST05108,Customer_5108,Male,41,Hyderabad,TG,South
CUST05109,Customer_5109,Female,44,Kolkata,WB,East
CUST05110,Customer_5110,Male,53,Kolkata,WB,East
CUST05111,Customer_5111,Male,31,Bengaluru,KA,South
CUST05112,Customer_5112,Female,53,Delhi,DL,North
CUST05113,Customer_5113,Female,36,Delhi,DL,North
CUST05114,Customer_5114,Female,23,Mumbai,MH,West
CUST05115,Customer_5115,Male,44,Delhi,DL,North
CUST05116,Customer_5116,Male,44,Mumbai,MH,West
CUST05117,Customer_5117,Female,37,Delhi,DL,North
CUST05118,Customer_5118,Male,29,Kolkata,WB,East
CUST05119,Customer_5119,Female,39,Delhi,DL,North
CUST05120,Customer_5120,Male,46,Hyderabad,TG,South
CUST05121,Customer_5121,Female,47,Mumbai,MH,West
CUST05122,Customer_5122,Male,48,Bengaluru,KA,South
CUST05123,Customer_5123,Female,47,Delhi,DL,North
CUST05124,Customer_5124,Male,60,Delhi,DL,North
CUST05125,Customer_5125,Female,41,Delhi,DL,North
CUST05126,Customer_5126,Female,44,Hyderabad,TG,South
CUST05127,Customer_5127,Male,26,Hyderabad,TG,South
CUST05128,Customer_5128,Male,50,Mumbai,MH,West
CUST05129,Customer_5129,Male,26,Delhi,DL,North
CUST05130,Customer_5130,Male,26,Bengaluru,KA,South
CUST05131,Customer_5131,Female,50,Delhi,DL,North
CUST05132,Customer_5132,Male,50,Delhi,DL,North
CUST05133,Customer_5133,Female,45,Delhi,DL,North
CUST05134,Customer_5134,Female,45,Mumbai,MH,West
CUST05135,Customer_5135,Female,30,Kolkata,WB,East
CUST05136,Customer_5136,Male,51,Delhi,DL,North
CUST05137,Customer_5137,Female,57,Kolkata,WB,East
CUST05138,Customer_5138,Female,48,Kolkata,WB,East
CUST05139,Customer_5139,Male,55,Hyderabad,TG,South
CUST05140,Customer_5140,Male,26,Bengaluru,KA,South
CUST05141,Customer_5141,Female,22,Hyderabad,TG,South
CUST05142,Customer_5142,Male,31,Kolkata,WB,East
CUST05143,Customer_5143,Male,47,Mumbai,MH,West
CUST05144,Customer_5144,Male,30,Bengaluru,KA,South
CUST05145,Customer_5145,Female,37,Hyderabad,TG,South
CUST05146,Customer_5146,Male,27,Hyderabad,TG,South
CUST05147,Customer_5147,Female,43,Bengaluru,KA,South
CUST05148,Customer_5148,Male,55,Delhi,DL,North
CUST05149,Customer_5149,Female,63,Bengaluru,KA,South
CUST05150,Customer_5150,Male,65,Mumbai,MH,West
CUST05151,Customer_5151,Female,35,Mumbai,MH,West
CUST05152,Customer_5152,Male,43,Delhi,DL,North
CUST05153,Customer_5153,Male,55,Hyderabad,TG,South
CUST05154,Customer_5154,Female,41,Kolkata,WB,East
CUST05155,Customer_5155,Female,64,Mumbai,MH,West
CUST05156,Customer_5156,Female,23,Mumbai,MH,West
CUST05157,Customer_5157,Male,41,Kolkata,WB,East
CUST05158,Customer_5158,Female,47,Bengaluru,KA,South
CUST05159,Customer_5159,Female,55,Kolkata,WB,East
CUST05160,Customer_5160,Male,40,Bengaluru,KA,South
CUST05161,Customer_5161,Male,37,Mumbai,MH,West
CUST05162,Customer_5162,Female,65,Kolkata,WB,East
CUST05163,Customer_5163,Female,59,Kolkata,WB,East
CUST05164,Customer_5164,Male,35,Kolkata,WB,East
CUST05165,Customer_5165,Male,38,Hyderabad,TG,South
CUST05166,Customer_5166,Male,63,Mumbai,MH,West
CUST05167,Customer_5167,Female,44,Hyderabad,TG,South
CUST05168,Customer_5168,Female,36,Mumbai,MH,West
CUST05169,Customer_5169,Female,51,Delhi,DL,North
CUST05170,Customer_5170,Female,53,Hyderabad,TG,South
CUST05171,Customer_5171,Female,34,Kolkata,WB,East
CUST05172,Customer_5172,Female,39,Bengaluru,KA,South
CUST05173,Customer_5173,Female,51,Mumbai,MH,West
CUST05174,Customer_5174,Male,41,Mumbai,MH,West
CUST05175,Customer_5175,Female,34,Delhi,DL,North
CUST05176,Customer_5176,Male,61,Kolkata,WB,East
CUST05177,Customer_5177,Male,31,Bengaluru,KA,South
CUST05178,Customer_5178,Female,22,Bengaluru,KA,South
CUST05179,Customer_5179,Male,60,Delhi,DL,North
CUST05180,Customer_5180,Female,26,Mumbai,MH,West
CUST05181,Customer_5181,Male,21,Delhi,DL,North
CUST05182,Customer_5182,Female,50,Delhi,DL,North
CUST05183,Customer_5183,Female,42,Hyderabad,TG,South
CUST05184,Customer_5184,Male,41,Bengaluru,KA,South
CUST05185,Customer_5185,Male,22,Mumbai,MH,West
CUST05186,Customer_5186,Female,39,Delhi,DL,North
CUST05187,Customer_5187,Female,45,Delhi,DL,North
CUST05188,Customer_5188,Female,22,Delhi,DL,North
CUST05189,Customer_5189,Male,23,Bengaluru,KA,South
CUST05190,Customer_5190,Male,45,Kolkata,WB,East
CUST05191,Customer_5191,Female,61,Bengaluru,KA,South
CUST05192,Customer_5192,Male,50,Mumbai,MH,West
CUST05193,Customer_5193,Female,28,Delhi,DL,North
CUST05194,Customer_5194,Female,29,Bengaluru,KA,South
CUST05195,Customer_5195,Male,41,Bengaluru,KA,South
CUST05196,Customer_5196,Female,32,Bengaluru,KA,South
CUST05197,Customer_5197,Female,63,Bengaluru,KA,South
CUST05198,Customer_5198,Female,60,Delhi,DL,North
CUST05199,Customer_5199,Male,27,Delhi,DL,North
CUST05200,Customer_5200,Male,21,Kolkata,WB,East
CUST05201,Customer_5201,Male,65,Bengaluru,KA,South
CUST05202,Customer_5202,Female,30,Kolkata,WB,East
CUST05203,Customer_5203,Female,59,Hyderabad,TG,South
CUST05204,Customer_5204,Female,36,Kolkata,WB,East
CUST05205,Customer_5205,Female,28,Delhi,DL,North
CUST05206,Customer_5206,Female,49,Bengaluru,KA,South
CUST05207,Customer_5207,Male,30,Kolkata,WB,East
CUST05208,Customer_5208,Female,36,Mumbai,MH,West
CUST05209,Customer_5209,Female,55,Delhi,DL,North
CUST05210,Customer_5210,Male,51,Delhi,DL,North
CUST05211,Customer_5211,Male,48,Hyderabad,TG,South
CUST05212,Customer_5212,Female,43,Kolkata,WB,East
CUST05213,Customer_5213,Female,44,Hyderabad,TG,South
CUST05214,Customer_5214,Female,53,Kolkata,WB,East
CUST05215,Customer_5215,Male,51,Bengaluru,KA,South
CUST05216,Customer_5216,Male,34,Delhi,DL,North
CUST05217,Customer_5217,Female,44,Bengaluru,KA,South
CUST05218,Customer_5218,Female,52,Kolkata,WB,East
CUST05219,Customer_5219,Male,62,Bengaluru,KA,South
CUST05220,Customer_5220,Male,41,Bengaluru,KA,South
CUST05221,Customer_5221,Male,23,Kolkata,WB,East
CUST05222,Customer_5222,Male,22,Delhi,DL,North
CUST05223,Customer_5223,Female,37,Bengaluru,KA,South
CUST05224,Customer_5224,Female,60,Delhi,DL,North
CUST05225,Customer_5225,Male,27,Bengaluru,KA,South
CUST05226,Customer_5226,Male,51,Hyderabad,TG,South
CUST05227,Customer_5227,Female,43,Hyderabad,TG,South
CUST05228,Customer_5228,Male,29,Kolkata,WB,East
CUST05229,Customer_5229,Male,43,Kolkata,WB,East
CUST05230,Customer_5230,Male,39,Mumbai,MH,West
CUST05231,Customer_5231,Male,36,Hyderabad,TG,South
CUST05232,Customer_5232,Female,57,Mumbai,MH,West
CUST05233,Customer_5233,Male,32,Bengaluru,KA,South
CUST05234,Customer_5234,Female,45,Bengaluru,KA,South
CUST05235,Customer_5235,Female,45,Delhi,DL,North
CUST05236,Customer_5236,Male,58,Bengaluru,KA,South
CUST05237,Customer_5237,Female,53,Hyderabad,TG,South
CUST05238,Customer_5238,Female,21,Hyderabad,TG,South
CUST05239,Customer_5239,Female,36,Kolkata,WB,East
CUST05240,Customer_5240,Female,49,Kolkata,WB,East
CUST05241,Customer_5241,Female,65,Delhi,DL,North
CUST05242,Customer_5242,Male,61,Hyderabad,TG,South
CUST05243,Customer_5243,Male,35,Hyderabad,TG,South
CUST05244,Customer_5244,Female,39,Bengaluru,KA,South
CUST05245,Customer_5245,Female,24,Kolkata,WB,East
CUST05246,Customer_5246,Male,54,Mumbai,MH,West
CUST05247,Customer_5247,Male,55,Hyderabad,TG,South
CUST05248,Customer_5248,Male,29,Bengaluru,KA,South
CUST05249,Customer_5249,Female,24,Mumbai,MH,West
CUST05250,Customer_5250,Male,25,Mumbai,MH,West
CUST05251,Customer_5251,Male,58,Mumbai,MH,West
CUST05252,Customer_5252,Female,35,Hyderabad,TG,South
CUST05253,Customer_5253,Male,59,Hyderabad,TG,South
CUST05254,Customer_5254,Male,33,Mumbai,MH,West
CUST05255,Customer_5255,Female,48,Mumbai,MH,West
CUST05256,Customer_5256,Female,48,Hyderabad,TG,South
CUST05257,Customer_5257,Female,49,Hyderabad,TG,South
CUST05258,Customer_5258,Male,37,Mumbai,MH,West
CUST05259,Customer_5259,Female,65,Hyderabad,TG,South
CUST05260,Customer_5260,Female,24,Mumbai,MH,West
CUST05261,Customer_5261,Female,41,Bengaluru,KA,South
CUST05262,Customer_5262,Male,62,Kolkata,WB,East
CUST05263,Customer_5263,Female,41,Mumbai,MH,West
CUST05264,Customer_5264,Male,26,Delhi,DL,North
CUST05265,Customer_5265,Female,47,Kolkata,WB,East
CUST05266,Customer_5266,Female,52,Delhi,DL,North
CUST05267,Customer_5267,Male,46,Delhi,DL,North
CUST05268,Customer_5268,Female,45,Mumbai,MH,West
CUST05269,Customer_5269,Female,40,Kolkata,WB,East
CUST05270,Customer_5270,Female,59,Delhi,DL,North
CUST05271,Customer_5271,Female,64,Bengaluru,KA,South
CUST05272,Customer_5272,Male,60,Delhi,DL,North
CUST05273,Customer_5273,Male,38,Delhi,DL,North
CUST05274,Customer_5274,Female,23,Bengaluru,KA,South
CUST05275,Customer_5275,Male,28,Mumbai,MH,West
CUST05276,Customer_5276,Female,21,Delhi,DL,North
CUST05277,Customer_5277,Female,58,Hyderabad,TG,South
CUST05278,Customer_5278,Male,22,Hyderabad,TG,South
CUST05279,Customer_5279,Male,54,Bengaluru,KA,South
CUST05280,Customer_5280,Female,56,Delhi,DL,North
CUST05281,Customer_5281,Male,21,Kolkata,WB,East
CUST05282,Customer_5282,Male,44,Bengaluru,KA,South
CUST05283,Customer_5283,Female,33,Bengaluru,KA,South
CUST05284,Customer_5284,Female,64,Hyderabad,TG,South
CUST05285,Customer_5285,Female,21,Bengaluru,KA,South
CUST05286,Customer_5286,Female,52,Hyderabad,TG,South
CUST05287,Customer_5287,Female,25,Hyderabad,TG,South
CUST05288,Customer_5288,Male,22,Kolkata,WB,East
CUST05289,Customer_5289,Male,22,Kolkata,WB,East
CUST05290,Customer_5290,Male,49,Kolkata,WB,East
CUST05291,Customer_5291,Male,63,Mumbai,MH,West
CUST05292,Customer_5292,Female,64,Mumbai,MH,West
CUST05293,Customer_5293,Male,53,Mumbai,MH,West
CUST05294,Customer_5294,Male,33,Kolkata,WB,East
CUST05295,Customer_5295,Female,65,Mumbai,MH,West
CUST05296,Customer_5296,Male,43,Kolkata,WB,East
CUST05297,Customer_5297,Female,38,Kolkata,WB,East
CUST05298,Customer_5298,Female,57,Delhi,DL,North
CUST05299,Customer_5299,Male,23,Mumbai,MH,West
CUST05300,Customer_5300,Male,31,Kolkata,WB,East
CUST05301,Customer_5301,Male,28,Kolkata,WB,East
CUST05302,Customer_5302,Male,37,Delhi,DL,North
CUST05303,Customer_5303,Female,48,Mumbai,MH,West
CUST05304,Customer_5304,Male,55,Kolkata,WB,East
CUST05305,Customer_5305,Female,47,Hyderabad,TG,South
CUST05306,Customer_5306,Male,44,Bengaluru,KA,South
CUST05307,Customer_5307,Female,50,Hyderabad,TG,South
CUST05308,Customer_5308,Female,47,Kolkata,WB,East
CUST05309,Customer_5309,Male,34,Hyderabad,TG,South
CUST05310,Customer_5310,Female,26,Mumbai,MH,West
CUST05311,Customer_5311,Male,46,Hyderabad,TG,South
CUST05312,Customer_5312,Male,40,Delhi,DL,North
CUST05313,Customer_5313,Male,61,Mumbai,MH,West
CUST05314,Customer_5314,Male,23,Kolkata,WB,East
CUST05315,Customer_5315,Female,24,Delhi,DL,North
CUST05316,Customer_5316,Female,55,Kolkata,WB,East
CUST05317,Customer_5317,Male,62,Delhi,DL,North
CUST05318,Customer_5318,Male,33,Hyderabad,TG,South
CUST05319,Customer_5319,Male,30,Bengaluru,KA,South
CUST05320,Customer_5320,Male,44,Mumbai,MH,West
CUST05321,Customer_5321,Female,29,Delhi,DL,North
CUST05322,Customer_5322,Male,54,Delhi,DL,North
CUST05323,Customer_5323,Female,53,Kolkata,WB,East
CUST05324,Customer_5324,Female,53,Bengaluru,KA,South
CUST05325,Customer_5325,Female,63,Kolkata,WB,East
CUST05326,Customer_5326,Male,41,Delhi,DL,North
CUST05327,Customer_5327,Female,56,Mumbai,MH,West
CUST05328,Customer_5328,Male,30,Hyderabad,TG,South
CUST05329,Customer_5329,Male,21,Bengaluru,KA,South
CUST05330,Customer_5330,Female,39,Mumbai,MH,West
CUST05331,Customer_5331,Male,65,Hyderabad,TG,South
CUST05332,Customer_5332,Male,61,Delhi,DL,North
CUST05333,Customer_5333,Female,58,Bengaluru,KA,South
CUST05334,Customer_5334,Male,33,Delhi,DL,North
CUST05335,Customer_5335,Female,62,Hyderabad,TG,South
CUST05336,Customer_5336,Male,52,Kolkata,WB,East
CUST05337,Customer_5337,Female,31,Delhi,DL,North
CUST05338,Customer_5338,Male,26,Delhi,DL,North
CUST05339,Customer_5339,Female,27,Hyderabad,TG,South
CUST05340,Customer_5340,Male,62,Hyderabad,TG,South
CUST05341,Customer_5341,Female,55,Bengaluru,KA,South
CUST05342,Customer_5342,Female,33,Delhi,DL,North
CUST05343,Customer_5343,Male,38,Bengaluru,KA,South
CUST05344,Customer_5344,Female,56,Hyderabad,TG,South
CUST05345,Customer_5345,Female,25,Mumbai,MH,West
CUST05346,Customer_5346,Female,51,Mumbai,MH,West
CUST05347,Customer_5347,Female,47,Hyderabad,TG,South
CUST05348,Customer_5348,Male,38,Kolkata,WB,East
CUST05349,Customer_5349,Female,37,Mumbai,MH,West
CUST05350,Customer_5350,Female,36,Kolkata,WB,East
CUST05351,Customer_5351,Female,25,Kolkata,WB,East
CUST05352,Customer_5352,Male,51,Bengaluru,KA,South
CUST05353,Customer_5353,Male,48,Mumbai,MH,West
CUST05354,Customer_5354,Female,27,Bengaluru,KA,South
CUST05355,Customer_5355,Male,33,Bengaluru,KA,South
CUST05356,Customer_5356,Female,52,Bengaluru,KA,South
CUST05357,Customer_5357,Male,65,Bengaluru,KA,South
CUST05358,Customer_5358,Female,46,Kolkata,WB,East
CUST05359,Customer_5359,Male,35,Bengaluru,KA,South
CUST05360,Customer_5360,Female,37,Delhi,DL,North
CUST05361,Customer_5361,Female,33,Kolkata,WB,East
CUST05362,Customer_5362,Female,45,Delhi,DL,North
CUST05363,Customer_5363,Male,24,Delhi,DL,North
CUST05364,Customer_5364,Male,32,Mumbai,MH,West
CUST05365,Customer_5365,Male,33,Kolkata,WB,East
CUST05366,Customer_5366,Male,65,Hyderabad,TG,South
CUST05367,Customer_5367,Female,41,Mumbai,MH,West
CUST05368,Customer_5368,Male,44,Delhi,DL,North
CUST05369,Customer_5369,Male,27,Bengaluru,KA,South
CUST05370,Customer_5370,Female,26,Mumbai,MH,West
CUST05371,Customer_5371,Male,36,Kolkata,WB,East
CUST05372,Customer_5372,Female,38,Delhi,DL,North
CUST05373,Customer_5373,Male,64,Kolkata,WB,East
CUST05374,Customer_5374,Male,47,Mumbai,MH,West
CUST05375,Customer_5375,Male,62,Delhi,DL,North
CUST05376,Customer_5376,Male,61,Kolkata,WB,East
