customer_id,recency,frequency,monetary,r_score,f_score,m_score,segment
CUST00001,121,5,35757.700000000004,2,2,3,Standard / Hibernating
CUST00002,588,1,9611.19,1,1,1,Standard / Hibernating
CUST00003,143,5,26431.27,2,2,2,Standard / Hibernating
CUST00004,102,6,35231.97,3,3,3,Loyal Customers
CUST00005,106,7,36101.990000000005,3,4,3,Loyal Customers
CUST00006,53,6,26205.48,4,3,2,Standard / Hibernating
CUST00007,55,10,74473.42,4,5,5,Champions
CUST00008,21,5,21745.17,5,2,1,Standard / Hibernating
CUST00009,124,6,54816.72,2,3,5,Loyal Customers
CUST00010,409,3,25860.989999999998,1,1,2,Standard / Hibernating
CUST00011,424,2,4399.5599999999995,1,1,1,Standard / Hibernating
CUST00012,39,6,42891.39,4,3,4,Loyal Customers
CUST00013,96,9,43880.78,3,5,4,Loyal Customers
CUST00014,23,10,71634.87,5,5,5,Champions
CUST00015,14,5,15767.41,5,2,1,Standard / Hibernating
CUST00016,8,5,27901.94,5,2,2,Standard / Hibernating
CUST00017,16,4,23171.65,5,1,2,Standard / Hibernating
CUST00018,456,2,6637.42,1,1,1,Standard / Hibernating
CUST00019,185,3,45204.69,2,1,4,Standard / Hibernating
CUST00020,79,9,54498.45,3,5,4,Loyal Customers
CUST00021,153,8,54439.92,2,4,4,Loyal Customers
CUST00022,336,4,25830.9,1,1,2,Standard / Hibernating
CUST00023,133,11,67054.9,2,5,5,Loyal Customers
CUST00024,477,3,12359.189999999999,1,1,1,Standard / Hibernating
CUST00025,25,8,42168.97,5,4,4,Champions
CUST00026,36,3,15452.689999999999,4,1,1,Standard / Hibernating
CUST00027,57,10,65477.509999999995,4,5,5,Champions
CUST00028,507,4,31627.800000000003,1,1,2,Standard / Hibernating
CUST00029,34,4,29735.920000000002,4,1,2,Standard / Hibernating
CUST00030,123,3,41300.32,2,1,3,Standard / Hibernating
CUST00031,116,3,36284.450000000004,2,1,3,Standard / Hibernating
CUST00032,81,4,20243.809999999998,3,1,1,Standard / Hibernating
CUST00033,20,7,62986.53,5,4,5,Champions
CUST00034,90,10,99045.34,3,5,5,Loyal Customers
CUST00035,102,7,45189.22,3,4,4,Loyal Customers
CUST00036,354,4,38927.200000000004,1,1,3,Standard / Hibernating
CUST00037,207,5,24133.16,1,2,2,Standard / Hibernating
CUST00038,212,8,55115.229999999996,1,4,5,Loyal Customers
CUST00039,36,4,30726.72,4,1,2,Standard / Hibernating
CUST00040,133,7,60958.96000000001,2,4,5,Loyal Customers
CUST00041,22,7,61587.97,5,4,5,Champions
CUST00042,59,8,35964.96,4,4,3,Loyal Customers
CUST00043,1,9,49918.520000000004,5,5,4,Champions
CUST00044,245,4,18245.55,1,1,1,Standard / Hibernating
CUST00045,66,5,22916.86,3,2,2,Standard / Hibernating
CUST00046,66,3,23051.73,3,1,2,Standard / Hibernating
CUST00047,49,6,74700.72,4,3,5,Loyal Customers
CUST00048,335,4,18096.04,1,1,1,Standard / Hibernating
CUST00049,191,5,24613.239999999998,2,2,2,Standard / Hibernating
CUST00050,716,2,6352.08,1,1,1,Standard / Hibernating
CUST00051,160,4,23562.55,2,1,2,Standard / Hibernating
CUST00052,80,9,66664.75,3,5,5,Loyal Customers
CUST00053,7,7,50310.2,5,4,4,Champions
CUST00054,154,6,42049.479999999996,2,3,4,Loyal Customers
CUST00055,8,7,40772.17,5,4,3,Loyal Customers
CUST00056,85,4,28759.21,3,1,2,Standard / Hibernating
CUST00057,450,1,1426.27,1,1,1,Standard / Hibernating
CUST00058,123,5,22015.57,2,2,1,Standard / Hibernating
CUST00059,44,5,39482.43,4,2,3,Standard / Hibernating
CUST00060,16,5,54951.67,5,2,5,Standard / Hibernating
CUST00061,46,5,26460.649999999998,4,2,2,Standard / Hibernating
CUST00062,80,4,12749.16,3,1,1,Standard / Hibernating
CUST00063,211,5,23111.27,1,2,2,Standard / Hibernating
CUST00064,250,4,36163.19,1,1,3,Standard / Hibernating
CUST00065,77,7,33414.07,3,4,3,Loyal Customers
CUST00066,51,5,34121.0,4,2,3,Standard / Hibernating
CUST00067,200,3,27678.33,1,1,2,Standard / Hibernating
CUST00068,135,5,32769.25,2,2,3,Standard / Hibernating
CUST00069,42,6,36958.1,4,3,3,Loyal Customers
CUST00070,1,6,39496.54,5,3,3,Loyal Customers
CUST00071,347,1,4565.31,1,1,1,Standard / Hibernating
CUST00072,35,2,11443.61,4,1,1,Standard / Hibernating
CUST00073,166,5,54366.11,2,2,4,Standard / Hibernating
CUST00074,15,9,65643.89,5,5,5,Champions
CUST00075,34,8,31790.9,4,4,3,Loyal Customers
CUST00076,46,9,55520.280000000006,4,5,5,Champions
CUST00077,147,7,54275.42,2,4,4,Loyal Customers
CUST00078,163,4,38146.16,2,1,3,Standard / Hibernating
CUST00079,77,8,59937.08,3,4,5,Loyal Customers
CUST00080,34,9,66183.54000000001,4,5,5,Champions
CUST00081,38,7,49634.490000000005,4,4,4,Champions
CUST00082,231,12,60865.369999999995,1,5,5,Loyal Customers
CUST00083,81,3,12103.86,3,1,1,Standard / Hibernating
CUST00084,161,5,41060.09,2,2,3,Standard / Hibernating
CUST00085,303,6,38189.5,1,3,3,Loyal Customers
CUST00086,27,7,53283.53,5,4,4,Champions
CUST00087,167,7,37694.68,2,4,3,Loyal Customers
CUST00088,15,7,46809.62,5,4,4,Champions
CUST00089,322,2,11713.9,1,1,1,Standard / Hibernating
CUST00090,34,6,35667.57,4,3,3,Loyal Customers
CUST00091,24,5,27046.940000000002,5,2,2,Standard / Hibernating
CUST00092,94,4,19342.58,3,1,1,Standard / Hibernating
CUST00093,22,6,39541.31,5,3,3,Loyal Customers
CUST00094,247,8,63497.270000000004,1,4,5,Loyal Customers
CUST00095,226,5,53223.39,1,2,4,Standard / Hibernating
CUST00096,9,7,51121.91,5,4,4,Champions
CUST00097,83,4,24118.870000000003,3,1,2,Standard / Hibernating
CUST00098,11,5,36493.67,5,2,3,Standard / Hibernating
CUST00099,299,6,63796.62,1,3,5,Loyal Customers
CUST00100,284,6,24868.5,1,3,2,At Risk
CUST00101,288,3,16399.42,1,1,1,Standard / Hibernating
CUST00102,48,7,43146.130000000005,4,4,4,Champions
CUST00103,51,6,27556.940000000002,4,3,2,Standard / Hibernating
CUST00104,194,3,14161.63,2,1,1,Standard / Hibernating
CUST00105,43,7,54604.16,4,4,4,Champions
CUST00106,34,6,16998.53,4,3,1,Standard / Hibernating
CUST00107,70,6,39631.54,3,3,3,Loyal Customers
CUST00108,42,8,75270.26,4,4,5,Champions
CUST00109,13,8,38219.03,5,4,3,Loyal Customers
CUST00110,262,4,22796.53,1,1,2,Standard / Hibernating
CUST00111,16,5,37544.19,5,2,3,Standard / Hibernating
CUST00112,228,5,50400.87,1,2,4,Standard / Hibernating
CUST00113,199,7,78514.78,2,4,5,Loyal Customers
CUST00114,203,8,83320.35,1,4,5,Loyal Customers
CUST00115,2,6,78996.04,5,3,5,Loyal Customers
CUST00116,1,9,50820.33,5,5,4,Champions
CUST00117,5,3,14747.33,5,1,1,Standard / Hibernating
CUST00118,286,4,19883.25,1,1,1,Standard / Hibernating
CUST00119,34,10,50204.08,4,5,4,Champions
CUST00120,140,3,33640.350000000006,2,1,3,Standard / Hibernating
CUST00121,67,7,63150.520000000004,3,4,5,Loyal Customers
CUST00122,18,5,31462.04,5,2,2,Standard / Hibernating
CUST00123,14,4,23607.0,5,1,2,Standard / Hibernating
CUST00124,72,4,19913.35,3,1,1,Standard / Hibernating
CUST00125,82,5,25725.25,3,2,2,Standard / Hibernating
CUST00126,155,8,53823.62,2,4,4,Loyal Customers
CUST00127,45,7,45684.29,4,4,4,Champions
CUST00128,104,6,42349.89,3,3,4,Loyal Customers
CUST00129,80,14,115006.66,3,5,5,Loyal Customers
CUST00130,128,5,32167.95,2,2,3,Standard / Hibernating
CUST00131,21,6,25108.56,5,3,2,Standard / Hibernating
CUST00132,54,2,11292.33,4,1,1,Standard / Hibernating
CUST00133,262,7,36011.990000000005,1,4,3,Loyal Customers
CUST00134,1,4,20529.14,5,1,1,Standard / Hibernating
CUST00135,6,9,46539.950000000004,5,5,4,Champions
CUST00136,147,7,37363.63,2,4,3,Loyal Customers
CUST00137,91,5,12808.689999999999,3,2,1,Standard / Hibernating
CUST00138,394,2,17060.25,1,1,1,Standard / Hibernating
CUST00139,11,7,58359.96,5,4,5,Champions
CUST00140,205,9,53943.86,1,5,4,Loyal Customers
CUST00141,4,5,17284.309999999998,5,2,1,Standard / Hibernating
CUST00142,178,7,36583.12,2,4,3,Loyal Customers
CUST00143,88,7,37409.18,3,4,3,Loyal Customers
CUST00144,101,2,16909.48,3,1,1,Standard / Hibernating
CUST00145,31,6,26986.39,4,3,2,Standard / Hibernating
CUST00146,180,5,23397.21,2,2,2,Standard / Hibernating
CUST00147,57,6,32422.26,4,3,3,Loyal Customers
CUST00148,179,8,37422.56,2,4,3,Loyal Customers
CUST00149,269,3,12343.029999999999,1,1,1,Standard / Hibernating
CUST00150,301,6,22690.22,1,3,2,At Risk
CUST00151,159,7,46509.11,2,4,4,Loyal Customers
CUST00152,85,5,23591.47,3,2,2,Standard / Hibernating
CUST00153,11,6,24566.47,5,3,2,Standard / Hibernating
CUST00154,208,4,21234.51,1,1,1,Standard / Hibernating
CUST00155,86,12,125717.31,3,5,5,Loyal Customers
CUST00156,40,9,47048.65,4,5,4,Champions
CUST00157,212,9,42544.07,1,5,4,Loyal Customers
CUST00158,90,9,53193.54,3,5,4,Loyal Customers
CUST00159,198,4,34482.18,2,1,3,Standard / Hibernating
CUST00160,138,6,21699.46,2,3,1,At Risk
CUST00161,334,6,61033.08,1,3,5,Loyal Customers
CUST00162,10,5,34690.72,5,2,3,Standard / Hibernating
CUST00163,19,11,89208.18,5,5,5,Champions
CUST00164,85,7,26249.71,3,4,2,Standard / Hibernating
CUST00165,11,7,83034.37,5,4,5,Champions
CUST00166,79,12,107123.61,3,5,5,Loyal Customers
CUST00167,168,4,24178.82,2,1,2,Standard / Hibernating
CUST00168,92,3,18290.63,3,1,1,Standard / Hibernating
CUST00169,528,2,12750.26,1,1,1,Standard / Hibernating
CUST00170,6,10,64305.45,5,5,5,Champions
CUST00171,87,8,62443.020000000004,3,4,5,Loyal Customers
CUST00172,69,6,24747.81,3,3,2,Standard / Hibernating
CUST00173,194,2,33385.84,2,1,3,Standard / Hibernating
CUST00174,226,3,21594.96,1,1,1,Standard / Hibernating
CUST00175,118,3,15948.36,2,1,1,Standard / Hibernating
CUST00176,17,6,40067.65,5,3,3,Loyal Customers
CUST00177,160,3,43237.96,2,1,4,Standard / Hibernating
CUST00178,47,6,26895.73,4,3,2,Standard / Hibernating
CUST00179,224,6,35231.3,1,3,3,Loyal Customers
CUST00180,317,5,40803.55,1,2,3,Standard / Hibernating
CUST00181,92,6,31687.410000000003,3,3,2,Standard / Hibernating
CUST00182,298,5,16263.169999999998,1,2,1,Standard / Hibernating
CUST00183,22,6,36328.4,5,3,3,Loyal Customers
CUST00184,17,6,21759.46,5,3,1,Standard / Hibernating
CUST00185,474,3,18531.61,1,1,1,Standard / Hibernating
CUST00186,75,7,27766.17,3,4,2,Standard / Hibernating
CUST00187,393,4,26251.52,1,1,2,Standard / Hibernating
CUST00188,128,4,32649.16,2,1,3,Standard / Hibernating
CUST00189,168,3,41375.42,2,1,3,Standard / Hibernating
CUST00190,5,7,48522.340000000004,5,4,4,Champions
CUST00191,128,7,41988.98,2,4,4,Loyal Customers
CUST00192,63,6,33233.229999999996,4,3,3,Loyal Customers
CUST00193,47,12,83589.01,4,5,5,Champions
CUST00194,26,11,69592.69,5,5,5,Champions
CUST00195,34,6,27361.71,4,3,2,Standard / Hibernating
CUST00196,7,9,59214.78,5,5,5,Champions
CUST00197,25,6,39195.81,5,3,3,Loyal Customers
CUST00198,108,7,60072.21,3,4,5,Loyal Customers
CUST00199,94,5,19161.780000000002,3,2,1,Standard / Hibernating
CUST00200,8,7,62776.25,5,4,5,Champions
CUST00201,101,5,50100.62,3,2,4,Standard / Hibernating
CUST00202,24,8,63089.92,5,4,5,Champions
CUST00203,1,8,54078.840000000004,5,4,4,Champions
CUST00204,30,7,68332.16,4,4,5,Champions
CUST00205,12,6,43762.42,5,3,4,Loyal Customers
CUST00206,240,5,25844.85,1,2,2,Standard / Hibernating
CUST00207,385,5,18530.58,1,2,1,Standard / Hibernating
CUST00208,434,6,33233.24,1,3,3,Loyal Customers
CUST00209,20,10,80842.36,5,5,5,Champions
CUST00210,147,5,18756.26,2,2,1,Standard / Hibernating
CUST00211,26,5,45684.94,5,2,4,Standard / Hibernating
CUST00212,134,9,73364.47,2,5,5,Loyal Customers
CUST00213,72,10,78422.92,3,5,5,Loyal Customers
CUST00214,61,6,44543.990000000005,4,3,4,Loyal Customers
CUST00215,133,9,52215.96,2,5,4,Loyal Customers
CUST00216,139,4,21850.79,2,1,1,Standard / Hibernating
CUST00217,136,3,9490.13,2,1,1,Standard / Hibernating
CUST00218,130,3,50386.96000000001,2,1,4,Standard / Hibernating
CUST00219,99,5,37394.81,3,2,3,Standard / Hibernating
CUST00220,15,7,56362.37,5,4,5,Champions
CUST00221,372,3,20905.26,1,1,1,Standard / Hibernating
CUST00222,5,7,69353.62,5,4,5,Champions
CUST00223,221,5,13154.14,1,2,1,Standard / Hibernating
CUST00224,82,4,18967.16,3,1,1,Standard / Hibernating
CUST00225,13,6,55986.880000000005,5,3,5,Loyal Customers
CUST00226,26,6,39391.21,5,3,3,Loyal Customers
CUST00227,61,8,48823.24,4,4,4,Champions
CUST00228,237,8,38728.64,1,4,3,Loyal Customers
CUST00229,95,7,53914.81,3,4,4,Loyal Customers
CUST00230,365,4,32738.6,1,1,3,Standard / Hibernating
CUST00231,87,6,31386.370000000003,3,3,2,Standard / Hibernating
CUST00232,11,6,31536.11,5,3,2,Standard / Hibernating
CUST00233,43,5,22706.379999999997,4,2,2,Standard / Hibernating
CUST00234,9,8,48656.840000000004,5,4,4,Champions
CUST00235,39,7,19656.31,4,4,1,Standard / Hibernating
CUST00236,160,6,23636.44,2,3,2,At Risk
CUST00237,72,6,35081.28,3,3,3,Loyal Customers
CUST00238,41,10,101582.45,4,5,5,Champions
CUST00239,17,6,39496.19,5,3,3,Loyal Customers
CUST00240,7,10,67339.18,5,5,5,Champions
CUST00241,77,6,33084.159999999996,3,3,3,Loyal Customers
CUST00242,18,9,52786.64,5,5,4,Champions
CUST00243,163,5,36357.840000000004,2,2,3,Standard / Hibernating
CUST00244,18,5,29598.559999999998,5,2,2,Standard / Hibernating
CUST00245,273,5,48809.36,1,2,4,Standard / Hibernating
CUST00246,446,4,29961.25,1,1,2,Standard / Hibernating
CUST00247,392,3,19552.92,1,1,1,Standard / Hibernating
CUST00248,222,3,20379.52,1,1,1,Standard / Hibernating
CUST00249,11,6,40248.380000000005,5,3,3,Loyal Customers
CUST00250,72,7,42950.729999999996,3,4,4,Loyal Customers
CUST00251,2,8,43821.37,5,4,4,Champions
CUST00252,43,4,19041.6,4,1,1,Standard / Hibernating
CUST00253,86,9,68030.43,3,5,5,Loyal Customers
CUST00254,40,3,12043.84,4,1,1,Standard / Hibernating
CUST00255,446,3,14430.78,1,1,1,Standard / Hibernating
CUST00256,301,3,12569.560000000001,1,1,1,Standard / Hibernating
CUST00257,81,7,43130.86,3,4,4,Loyal Customers
CUST00258,242,5,30065.77,1,2,2,Standard / Hibernating
CUST00259,162,2,10812.79,2,1,1,Standard / Hibernating
CUST00260,354,3,22872.14,1,1,2,Standard / Hibernating
CUST00261,6,7,61213.31,5,4,5,Champions
CUST00262,152,4,31972.71,2,1,3,Standard / Hibernating
CUST00263,2,6,53584.950000000004,5,3,4,Loyal Customers
CUST00264,41,5,30425.14,4,2,2,Standard / Hibernating
CUST00265,33,7,46000.17,4,4,4,Champions
CUST00266,120,8,44406.56,2,4,4,Loyal Customers
CUST00267,114,8,47936.020000000004,3,4,4,Loyal Customers
CUST00268,32,6,40037.56,4,3,3,Loyal Customers
CUST00269,16,7,43175.62,5,4,4,Champions
CUST00270,18,9,74128.79000000001,5,5,5,Champions
CUST00271,77,7,39240.31,3,4,3,Loyal Customers
CUST00272,4,5,51811.07,5,2,4,Standard / Hibernating
CUST00273,67,5,26431.18,3,2,2,Standard / Hibernating
CUST00274,73,11,123148.91,3,5,5,Loyal Customers
CUST00275,155,2,21926.52,2,1,1,Standard / Hibernating
CUST00276,5,5,50701.47,5,2,4,Standard / Hibernating
CUST00277,186,4,32769.26,2,1,3,Standard / Hibernating
CUST00278,197,6,45772.69,2,3,4,Loyal Customers
CUST00279,80,4,23397.36,3,1,2,Standard / Hibernating
CUST00280,26,8,25858.7,5,4,2,Standard / Hibernating
CUST00281,52,4,19881.45,4,1,1,Standard / Hibernating
CUST00282,383,3,31388.68,1,1,2,Standard / Hibernating
CUST00283,265,4,25364.870000000003,1,1,2,Standard / Hibernating
CUST00284,103,9,62308.82,3,5,5,Loyal Customers
CUST00285,25,11,39373.83,5,5,3,Loyal Customers
CUST00286,507,1,4325.03,1,1,1,Standard / Hibernating
CUST00287,12,7,32120.82,5,4,3,Loyal Customers
CUST00288,8,6,48554.15,5,3,4,Loyal Customers
CUST00289,76,4,21370.29,3,1,1,Standard / Hibernating
CUST00290,56,9,66859.28,4,5,5,Champions
CUST00291,15,9,53192.1,5,5,4,Champions
CUST00292,143,2,7027.91,2,1,1,Standard / Hibernating
CUST00293,149,6,59307.44,2,3,5,Loyal Customers
CUST00294,149,3,19072.33,2,1,1,Standard / Hibernating
CUST00295,148,3,28459.31,2,1,2,Standard / Hibernating
CUST00296,105,7,77522.31,3,4,5,Loyal Customers
CUST00297,14,6,20512.39,5,3,1,Standard / Hibernating
CUST00298,88,7,35320.869999999995,3,4,3,Loyal Customers
CUST00299,52,7,56542.770000000004,4,4,5,Champions
CUST00300,283,4,27062.06,1,1,2,Standard / Hibernating
CUST00301,83,6,46450.97,3,3,4,Loyal Customers
CUST00302,86,4,16052.72,3,1,1,Standard / Hibernating
CUST00303,189,4,30126.52,2,1,2,Standard / Hibernating
CUST00304,24,10,70509.81,5,5,5,Champions
CUST00305,173,6,58811.21000000001,2,3,5,Loyal Customers
CUST00306,208,13,72130.16,1,5,5,Loyal Customers
CUST00307,37,8,60807.44,4,4,5,Champions
CUST00308,79,5,17418.9,3,2,1,Standard / Hibernating
CUST00309,126,5,28759.21,2,2,2,Standard / Hibernating
CUST00310,63,3,12719.69,4,1,1,Standard / Hibernating
CUST00311,14,6,34119.97,5,3,3,Loyal Customers
CUST00312,213,3,15933.189999999999,1,1,1,Standard / Hibernating
CUST00313,48,4,26206.58,4,1,2,Standard / Hibernating
CUST00314,37,5,39000.61,4,2,3,Standard / Hibernating
CUST00315,31,9,82464.59,4,5,5,Champions
CUST00316,218,4,31868.760000000002,1,1,3,Standard / Hibernating
CUST00317,49,4,10706.539999999999,4,1,1,Standard / Hibernating
CUST00318,313,3,7823.35,1,1,1,Standard / Hibernating
CUST00319,116,5,32243.73,2,2,3,Standard / Hibernating
CUST00320,306,3,15137.82,1,1,1,Standard / Hibernating
CUST00321,210,5,27722.850000000002,1,2,2,Standard / Hibernating
CUST00322,6,5,34270.07,5,2,3,Standard / Hibernating
CUST00323,102,6,46811.25,3,3,4,Loyal Customers
CUST00324,30,9,64081.35,4,5,5,Champions
CUST00325,119,4,29870.68,2,1,2,Standard / Hibernating
CUST00326,181,5,39466.18,2,2,3,Standard / Hibernating
CUST00327,75,9,60506.59,3,5,5,Loyal Customers
CUST00328,40,5,19176.79,4,2,1,Standard / Hibernating
CUST00329,170,2,6892.7699999999995,2,1,1,Standard / Hibernating
CUST00330,95,4,52188.100000000006,3,1,4,Standard / Hibernating
CUST00331,119,9,75315.11,2,5,5,Loyal Customers
CUST00332,267,4,31057.660000000003,1,1,2,Standard / Hibernating
CUST00333,16,8,41658.54,5,4,4,Champions
CUST00334,110,7,30184.86,3,4,2,Standard / Hibernating
CUST00335,237,3,17585.9,1,1,1,Standard / Hibernating
CUST00336,63,4,30907.050000000003,4,1,2,Standard / Hibernating
CUST00337,251,5,37619.97,1,2,3,Standard / Hibernating
CUST00338,72,7,43867.03,3,4,4,Loyal Customers
CUST00339,272,4,28473.760000000002,1,1,2,Standard / Hibernating
CUST00340,253,1,4564.74,1,1,1,Standard / Hibernating
CUST00341,306,5,56182.46,1,2,5,Standard / Hibernating
CUST00342,326,10,75404.77,1,5,5,Loyal Customers
CUST00343,178,6,88247.49,2,3,5,Loyal Customers
CUST00344,64,5,44694.799999999996,4,2,4,Standard / Hibernating
CUST00345,225,7,29463.44,1,4,2,At Risk
CUST00346,59,9,74803.57,4,5,5,Champions
CUST00347,412,3,21115.5,1,1,1,Standard / Hibernating
CUST00348,148,2,13696.54,2,1,1,Standard / Hibernating
CUST00349,13,6,67897.38,5,3,5,Loyal Customers
CUST00350,214,4,27932.46,1,1,2,Standard / Hibernating
CUST00351,41,5,30967.1,4,2,2,Standard / Hibernating
CUST00352,123,6,43206.09,2,3,4,Loyal Customers
CUST00353,30,6,49303.9,4,3,4,Loyal Customers
CUST00354,44,7,34763.95,4,4,3,Loyal Customers
CUST00355,12,6,47246.310000000005,5,3,4,Loyal Customers
CUST00356,127,8,59680.48,2,4,5,Loyal Customers
CUST00357,43,10,63344.25,4,5,5,Champions
CUST00358,169,3,12299.16,2,1,1,Standard / Hibernating
CUST00359,44,6,32182.93,4,3,3,Loyal Customers
CUST00360,266,5,21218.38,1,2,1,Standard / Hibernating
CUST00361,6,10,72897.21,5,5,5,Champions
CUST00362,153,3,16985.120000000003,2,1,1,Standard / Hibernating
CUST00363,66,10,72131.55,3,5,5,Loyal Customers
CUST00364,219,3,16819.28,1,1,1,Standard / Hibernating
CUST00365,249,4,24464.15,1,1,2,Standard / Hibernating
CUST00366,82,12,64289.020000000004,3,5,5,Loyal Customers
CUST00367,13,8,24972.089999999997,5,4,2,Standard / Hibernating
CUST00368,24,8,61453.990000000005,5,4,5,Champions
CUST00369,286,4,20122.93,1,1,1,Standard / Hibernating
CUST00370,242,6,38640.240000000005,1,3,3,Loyal Customers
CUST00371,13,6,43777.96,5,3,4,Loyal Customers
CUST00372,175,5,35442.29,2,2,3,Standard / Hibernating
CUST00373,243,6,34405.79,1,3,3,Loyal Customers
CUST00374,341,5,36102.990000000005,1,2,3,Standard / Hibernating
CUST00375,37,8,72763.12,4,4,5,Champions
CUST00376,4,12,83107.24,5,5,5,Champions
CUST00377,70,6,29207.989999999998,3,3,2,Standard / Hibernating
CUST00378,42,5,43476.89,4,2,4,Standard / Hibernating
CUST00379,6,8,49993.67,5,4,4,Champions
CUST00380,44,5,30501.34,4,2,2,Standard / Hibernating
CUST00381,9,2,17781.78,5,1,1,Standard / Hibernating
CUST00382,114,7,41687.39,3,4,4,Loyal Customers
CUST00383,109,7,40922.62,3,4,3,Loyal Customers
CUST00384,125,6,30215.05,2,3,2,At Risk
CUST00385,498,5,19011.25,1,2,1,Standard / Hibernating
CUST00386,66,5,41119.45,3,2,3,Standard / Hibernating
CUST00387,43,12,98651.88,4,5,5,Champions
CUST00388,106,10,50923.630000000005,3,5,4,Loyal Customers
CUST00389,133,6,36943.740000000005,2,3,3,Loyal Customers
CUST00390,54,10,80000.62999999999,4,5,5,Champions
CUST00391,223,7,61032.78,1,4,5,Loyal Customers
CUST00392,204,5,19071.71,1,2,1,Standard / Hibernating
CUST00393,163,7,41928.97,2,4,4,Loyal Customers
CUST00394,154,8,52021.909999999996,2,4,4,Loyal Customers
CUST00395,48,7,46314.49,4,4,4,Champions
CUST00396,156,5,27166.52,2,2,2,Standard / Hibernating
CUST00397,12,9,49888.29,5,5,4,Champions
CUST00398,98,5,59262.34,3,2,5,Standard / Hibernating
CUST00399,35,3,15933.189999999999,4,1,1,Standard / Hibernating
CUST00400,98,2,18321.82,3,1,1,Standard / Hibernating
CUST00401,441,3,14236.64,1,1,1,Standard / Hibernating
CUST00402,14,10,65325.9,5,5,5,Champions
CUST00403,204,5,23787.87,1,2,2,Standard / Hibernating
CUST00404,315,2,6967.81,1,1,1,Standard / Hibernating
CUST00405,293,6,34405.39,1,3,3,Loyal Customers
CUST00406,6,5,21234.059999999998,5,2,1,Standard / Hibernating
CUST00407,354,5,23531.83,1,2,2,Standard / Hibernating
CUST00408,8,6,36177.6,5,3,3,Loyal Customers
CUST00409,299,4,21895.37,1,1,1,Standard / Hibernating
CUST00410,61,5,34390.96,4,2,3,Standard / Hibernating
CUST00411,63,4,19161.79,4,1,1,Standard / Hibernating
CUST00412,49,7,45969.08,4,4,4,Champions
CUST00413,9,9,50805.38,5,5,4,Champions
CUST00414,18,5,46721.729999999996,5,2,4,Standard / Hibernating
CUST00415,10,7,37093.17,5,4,3,Loyal Customers
CUST00416,159,6,47576.75,2,3,4,Loyal Customers
CUST00417,24,5,38836.6,5,2,3,Standard / Hibernating
CUST00418,83,9,62250.03,3,5,5,Loyal Customers
CUST00419,4,6,39481.19,5,3,3,Loyal Customers
CUST00420,20,7,41359.270000000004,5,4,3,Loyal Customers
CUST00421,31,9,71501.36,4,5,5,Champions
CUST00422,143,4,27287.22,2,1,2,Standard / Hibernating
CUST00423,182,6,42289.92,2,3,4,Loyal Customers
CUST00424,272,7,27947.09,1,4,2,At Risk
CUST00425,488,2,7703.209999999999,1,1,1,Standard / Hibernating
CUST00426,16,8,61978.76,5,4,5,Champions
CUST00427,239,7,54756.53,1,4,5,Loyal Customers
CUST00428,411,4,21475.34,1,1,1,Standard / Hibernating
CUST00429,257,4,55597.479999999996,1,1,5,Standard / Hibernating
CUST00430,100,8,59754.63,3,4,5,Loyal Customers
CUST00431,115,5,27841.920000000002,3,2,2,Standard / Hibernating
CUST00432,7,8,75751.27,5,4,5,Champions
CUST00433,20,9,44061.08,5,5,4,Champions
CUST00434,511,4,28894.300000000003,1,1,2,Standard / Hibernating
CUST00435,54,6,28548.34,4,3,2,Standard / Hibernating
CUST00436,11,9,47109.61,5,5,4,Champions
CUST00437,68,5,33670.04,3,2,3,Standard / Hibernating
CUST00438,56,6,38189.78,4,3,3,Loyal Customers
CUST00439,228,5,17900.21,1,2,1,Standard / Hibernating
CUST00440,186,7,41178.450000000004,2,4,3,Loyal Customers
CUST00441,331,4,22751.95,1,1,2,Standard / Hibernating
CUST00442,27,9,66707.95999999999,5,5,5,Champions
CUST00443,304,5,33549.25,1,2,3,Standard / Hibernating
CUST00444,52,7,62849.64,4,4,5,Champions
CUST00445,511,1,18022.03,1,1,1,Standard / Hibernating
CUST00446,17,5,43627.93,5,2,4,Standard / Hibernating
CUST00447,646,2,27077.800000000003,1,1,2,Standard / Hibernating
CUST00448,1,8,35456.11,5,4,3,Loyal Customers
CUST00449,199,5,30906.39,2,2,2,Standard / Hibernating
CUST00450,222,6,54831.25,1,3,5,Loyal Customers
CUST00451,31,8,68767.44,4,4,5,Champions
CUST00452,37,5,26804.949999999997,4,2,2,Standard / Hibernating
CUST00453,97,7,45158.03,3,4,4,Loyal Customers
CUST00454,466,2,7207.49,1,1,1,Standard / Hibernating
CUST00455,84,4,12343.119999999999,3,1,1,Standard / Hibernating
CUST00456,117,6,37002.96,2,3,3,Loyal Customers
CUST00457,309,5,18620.4,1,2,1,Standard / Hibernating
CUST00458,21,5,27751.14,5,2,2,Standard / Hibernating
CUST00459,122,6,50910.92,2,3,4,Loyal Customers
CUST00460,207,3,48224.200000000004,1,1,4,Standard / Hibernating
CUST00461,25,6,39782.29,5,3,3,Loyal Customers
CUST00462,77,5,22810.920000000002,3,2,2,Standard / Hibernating
CUST00463,1,8,40366.81,5,4,3,Loyal Customers
CUST00464,70,10,119425.55,3,5,5,Loyal Customers
CUST00465,205,6,41343.88,1,3,3,Loyal Customers
CUST00466,40,7,36026.76,4,4,3,Loyal Customers
CUST00467,78,8,38114.46,3,4,3,Loyal Customers
CUST00468,34,6,74971.41,4,3,5,Loyal Customers
CUST00469,189,5,56255.979999999996,2,2,5,Standard / Hibernating
CUST00470,39,6,30094.78,4,3,2,Standard / Hibernating
CUST00471,62,7,41179.18,4,4,3,Loyal Customers
CUST00472,144,4,48719.91,2,1,4,Standard / Hibernating
CUST00473,34,7,42695.520000000004,4,4,4,Champions
CUST00474,189,6,33263.86,2,3,3,Loyal Customers
CUST00475,394,7,41237.95,1,4,3,Loyal Customers
CUST00476,3,3,14191.55,5,1,1,Standard / Hibernating
CUST00477,273,2,22827.77,1,1,2,Standard / Hibernating
CUST00478,220,6,46045.450000000004,1,3,4,Loyal Customers
CUST00479,138,5,11381.869999999999,2,2,1,Standard / Hibernating
CUST00480,86,5,11637.18,3,2,1,Standard / Hibernating
CUST00481,441,5,48087.90000000001,1,2,4,Standard / Hibernating
CUST00482,123,2,7508.47,2,1,1,Standard / Hibernating
CUST00483,76,4,22616.23,3,1,1,Standard / Hibernating
CUST00484,68,9,62624.4,3,5,5,Loyal Customers
CUST00485,41,7,45894.020000000004,4,4,4,Champions
CUST00486,238,9,58523.56,1,5,5,Loyal Customers
CUST00487,72,5,29239.79,3,2,2,Standard / Hibernating
CUST00488,29,6,66455.99,5,3,5,Loyal Customers
CUST00489,126,6,40307.54,2,3,3,Loyal Customers
CUST00490,41,5,29418.870000000003,4,2,2,Standard / Hibernating
CUST00491,85,6,26129.66,3,3,2,Standard / Hibernating
CUST00492,278,10,55400.08,1,5,5,Loyal Customers
CUST00493,159,6,24582.629999999997,2,3,2,At Risk
CUST00494,101,5,13919.689999999999,3,2,1,Standard / Hibernating
CUST00495,20,7,55266.58,5,4,5,Champions
CUST00496,95,6,19852.07,3,3,1,Standard / Hibernating
CUST00497,74,7,47171.200000000004,3,4,4,Loyal Customers
CUST00498,174,4,26130.690000000002,2,1,2,Standard / Hibernating
CUST00499,91,8,54620.83,3,4,5,Loyal Customers
CUST00500,24,5,17464.7,5,2,1,Standard / Hibernating
CUST00501,238,5,27167.170000000002,1,2,2,Standard / Hibernating
CUST00502,6,6,36597.61,5,3,3,Loyal Customers
CUST00503,62,3,24659.4,4,1,2,Standard / Hibernating
CUST00504,84,5,23202.1,3,2,2,Standard / Hibernating
CUST00505,114,9,83153.69,3,5,5,Loyal Customers
CUST00506,380,8,59290.19,1,4,5,Loyal Customers
CUST00507,141,6,34104.89,2,3,3,Loyal Customers
CUST00508,487,4,27528.190000000002,1,1,2,Standard / Hibernating
CUST00509,172,3,14731.789999999999,2,1,1,Standard / Hibernating
CUST00510,329,4,37770.229999999996,1,1,3,Standard / Hibernating
CUST00511,61,5,30906.95,4,2,2,Standard / Hibernating
CUST00512,35,9,82238.68,4,5,5,Champions
CUST00513,118,5,30275.1,2,2,2,Standard / Hibernating
CUST00514,51,6,29733.79,4,3,2,Standard / Hibernating
CUST00515,46,8,54515.48,4,4,4,Champions
CUST00516,200,5,34901.549999999996,1,2,3,Standard / Hibernating
CUST00517,99,6,38099.53,3,3,3,Loyal Customers
CUST00518,57,6,49709.619999999995,4,3,4,Loyal Customers
CUST00519,505,4,22256.35,1,1,1,Standard / Hibernating
CUST00520,282,1,7133.62,1,1,1,Standard / Hibernating
CUST00521,304,2,45085.73,1,1,4,Standard / Hibernating
CUST00522,75,5,37755.17,3,2,3,Standard / Hibernating
CUST00523,91,3,11352.369999999999,3,1,1,Standard / Hibernating
CUST00524,102,6,31957.14,3,3,3,Loyal Customers
CUST00525,10,8,52998.67,5,4,4,Champions
CUST00526,9,6,61545.420000000006,5,3,5,Loyal Customers
CUST00527,516,2,11548.109999999999,1,1,1,Standard / Hibernating
CUST00528,120,6,32287.690000000002,2,3,3,Loyal Customers
CUST00529,135,6,38234.66,2,3,3,Loyal Customers
CUST00530,44,8,40187.08,4,4,3,Loyal Customers
CUST00531,42,9,55685.91,4,5,5,Champions
CUST00532,170,4,11577.54,2,1,1,Standard / Hibernating
CUST00533,75,4,37814.630000000005,3,1,3,Standard / Hibernating
CUST00534,80,7,41298.600000000006,3,4,3,Loyal Customers
CUST00535,85,11,84837.31,3,5,5,Loyal Customers
CUST00536,67,8,41688.51,3,4,4,Loyal Customers
CUST00537,123,5,25378.11,2,2,2,Standard / Hibernating
CUST00538,45,5,31987.800000000003,4,2,3,Standard / Hibernating
CUST00539,37,9,80196.54,4,5,5,Champions
CUST00540,37,7,31341.670000000002,4,4,2,Standard / Hibernating
CUST00541,82,5,56332.83,3,2,5,Standard / Hibernating
CUST00542,85,6,35186.86,3,3,3,Loyal Customers
CUST00543,34,5,19822.75,4,2,1,Standard / Hibernating
CUST00544,308,7,49062.950000000004,1,4,4,Loyal Customers
CUST00545,28,6,30591.07,5,3,2,Standard / Hibernating
CUST00546,151,4,33640.96000000001,2,1,3,Standard / Hibernating
CUST00547,132,7,33397.36,2,4,3,Loyal Customers
CUST00548,54,6,31266.9,4,3,2,Standard / Hibernating
CUST00549,6,11,75853.62,5,5,5,Champions
CUST00550,391,3,42021.25,1,1,4,Standard / Hibernating
CUST00551,409,5,25634.170000000002,1,2,2,Standard / Hibernating
CUST00552,75,8,57352.5,3,4,5,Loyal Customers
CUST00553,486,5,62415.83,1,2,5,Standard / Hibernating
CUST00554,51,5,38160.76,4,2,3,Standard / Hibernating
CUST00555,115,6,51570.62,3,3,4,Loyal Customers
CUST00556,206,5,36793.39,1,2,3,Standard / Hibernating
CUST00557,107,7,72942.06999999999,3,4,5,Loyal Customers
CUST00558,92,10,58839.54,3,5,5,Loyal Customers
CUST00559,34,9,60461.880000000005,4,5,5,Champions
CUST00560,21,8,73092.37,5,4,5,Champions
CUST00561,287,8,40983.11,1,4,3,Loyal Customers
CUST00562,94,3,11337.869999999999,3,1,1,Standard / Hibernating
CUST00563,206,5,21248.91,1,2,1,Standard / Hibernating
CUST00564,604,1,3994.58,1,1,1,Standard / Hibernating
CUST00565,110,3,21806.39,3,1,1,Standard / Hibernating
CUST00566,121,6,64578.03,2,3,5,Loyal Customers
CUST00567,93,5,38310.439999999995,3,2,3,Standard / Hibernating
CUST00568,56,6,68227.7,4,3,5,Loyal Customers
CUST00569,30,6,39120.74,4,3,3,Loyal Customers
CUST00570,38,5,39121.89,4,2,3,Standard / Hibernating
CUST00571,64,11,65565.62,4,5,5,Champions
CUST00572,127,7,44572.85,2,4,4,Loyal Customers
CUST00573,115,11,47514.82,3,5,4,Loyal Customers
CUST00574,235,13,83033.97,1,5,5,Loyal Customers
CUST00575,306,3,22586.77,1,1,1,Standard / Hibernating
CUST00576,60,9,46929.69,4,5,4,Champions
CUST00577,2,5,40068.81,5,2,3,Standard / Hibernating
CUST00578,183,10,99825.58,2,5,5,Loyal Customers
CUST00579,16,6,28081.75,5,3,2,Standard / Hibernating
CUST00580,51,6,39210.57,4,3,3,Loyal Customers
CUST00581,247,6,33790.09,1,3,3,Loyal Customers
CUST00582,3,6,33069.19,5,3,3,Loyal Customers
CUST00583,45,9,32691.98,4,5,3,Loyal Customers
CUST00584,87,5,24192.91,3,2,2,Standard / Hibernating
CUST00585,206,5,42711.03,1,2,4,Standard / Hibernating
CUST00586,7,12,123974.21,5,5,5,Champions
CUST00587,57,2,10076.82,4,1,1,Standard / Hibernating
CUST00588,18,9,62579.29000000001,5,5,5,Champions
CUST00589,55,3,16219.11,4,1,1,Standard / Hibernating
CUST00590,55,6,69323.65,4,3,5,Loyal Customers
CUST00591,329,1,7207.49,1,1,1,Standard / Hibernating
CUST00592,8,3,24929.91,5,1,2,Standard / Hibernating
CUST00593,18,4,16458.93,5,1,1,Standard / Hibernating
CUST00594,58,6,29509.66,4,3,2,Standard / Hibernating
CUST00595,174,2,12750.26,2,1,1,Standard / Hibernating
CUST00596,111,8,44525.53,3,4,4,Loyal Customers
CUST00597,3,7,31220.65,5,4,2,Standard / Hibernating
CUST00598,177,4,39798.32,2,1,3,Standard / Hibernating
CUST00599,15,5,37815.880000000005,5,2,3,Standard / Hibernating
CUST00600,147,5,32047.91,2,2,3,Standard / Hibernating
CUST00601,12,7,27780.0,5,4,2,Standard / Hibernating
CUST00602,316,7,46479.0,1,4,4,Loyal Customers
CUST00603,2,5,26805.440000000002,5,2,2,Standard / Hibernating
CUST00604,29,3,17721.04,5,1,1,Standard / Hibernating
CUST00605,129,5,14400.22,2,2,1,Standard / Hibernating
CUST00606,55,5,63077.240000000005,4,2,5,Standard / Hibernating
CUST00607,43,4,26386.66,4,1,2,Standard / Hibernating
CUST00608,231,5,38536.75,1,2,3,Standard / Hibernating
CUST00609,8,4,17344.98,5,1,1,Standard / Hibernating
CUST00610,127,3,23758.9,2,1,2,Standard / Hibernating
CUST00611,68,6,30184.87,3,3,2,Standard / Hibernating
CUST00612,57,9,48641.96,4,5,4,Champions
CUST00613,9,7,32918.34,5,4,3,Loyal Customers
CUST00614,14,9,71455.75,5,5,5,Champions
CUST00615,2,4,36823.47,5,1,3,Standard / Hibernating
CUST00616,73,9,62549.84,3,5,5,Loyal Customers
CUST00617,114,3,19027.21,3,1,1,Standard / Hibernating
CUST00618,46,4,40308.26,4,1,3,Standard / Hibernating
CUST00619,17,2,5554.9400000000005,5,1,1,Standard / Hibernating
CUST00620,63,4,25379.91,4,1,2,Standard / Hibernating
CUST00621,47,4,32812.57,4,1,3,Standard / Hibernating
CUST00622,406,3,24599.370000000003,1,1,2,Standard / Hibernating
CUST00623,4,4,22286.38,5,1,1,Standard / Hibernating
CUST00624,55,8,81472.91,4,4,5,Champions
CUST00625,477,3,19763.730000000003,1,1,1,Standard / Hibernating
CUST00626,21,8,58148.08,5,4,5,Champions
CUST00627,48,5,21519.95,4,2,1,Standard / Hibernating
CUST00628,1,4,31568.309999999998,5,1,2,Standard / Hibernating
CUST00629,16,9,46524.229999999996,5,5,4,Champions
CUST00630,52,6,67688.03,4,3,5,Loyal Customers
CUST00631,52,7,43265.54,4,4,4,Champions
CUST00632,165,5,33685.62,2,2,3,Standard / Hibernating
CUST00633,84,7,44046.62,3,4,4,Loyal Customers
CUST00634,128,6,41419.270000000004,2,3,3,Loyal Customers
CUST00635,609,2,7298.24,1,1,1,Standard / Hibernating
CUST00636,57,7,51736.450000000004,4,4,4,Champions
CUST00637,172,6,34165.520000000004,2,3,3,Loyal Customers
CUST00638,89,3,6862.19,3,1,1,Standard / Hibernating
CUST00639,5,7,68738.97,5,4,5,Champions
CUST00640,192,4,26191.410000000003,2,1,2,Standard / Hibernating
CUST00641,112,6,28682.94,3,3,2,Standard / Hibernating
CUST00642,66,7,44691.979999999996,3,4,4,Loyal Customers
CUST00643,51,12,95123.83,4,5,5,Champions
CUST00644,154,7,51060.59,2,4,4,Loyal Customers
CUST00645,558,3,18472.04,1,1,1,Standard / Hibernating
CUST00646,123,6,57339.28,2,3,5,Loyal Customers
CUST00647,56,5,33473.369999999995,4,2,3,Standard / Hibernating
CUST00648,119,8,72057.14,2,4,5,Loyal Customers
CUST00649,80,9,63195.08,3,5,5,Loyal Customers
CUST00650,72,8,42889.07,3,4,4,Loyal Customers
CUST00651,39,6,15106.08,4,3,1,Standard / Hibernating
CUST00652,227,6,44212.39,1,3,4,Loyal Customers
CUST00653,96,5,39106.37,3,2,3,Standard / Hibernating
CUST00654,312,4,49469.16,1,1,4,Standard / Hibernating
CUST00655,143,5,28908.769999999997,2,2,2,Standard / Hibernating
CUST00656,207,5,36809.08,1,2,3,Standard / Hibernating
CUST00657,145,8,67911.84,2,4,5,Loyal Customers
CUST00658,256,4,45716.01,1,1,4,Standard / Hibernating
CUST00659,213,6,21157.62,1,3,1,At Risk
CUST00660,92,9,56706.88,3,5,5,Loyal Customers
CUST00661,65,8,29598.46,3,4,2,Standard / Hibernating
CUST00662,331,2,17571.47,1,1,1,Standard / Hibernating
CUST00663,15,8,61890.14,5,4,5,Champions
CUST00664,227,4,41239.67,1,1,3,Standard / Hibernating
CUST00665,98,3,30186.71,3,1,2,Standard / Hibernating
CUST00666,131,9,77568.48,2,5,5,Loyal Customers
CUST00667,12,11,59034.82,5,5,5,Champions
CUST00668,43,8,36461.83,4,4,3,Loyal Customers
CUST00669,497,3,22377.059999999998,1,1,1,Standard / Hibernating
CUST00670,155,5,23606.97,2,2,2,Standard / Hibernating
CUST00671,69,8,73512.34,3,4,5,Loyal Customers
CUST00672,88,8,78996.04000000001,3,4,5,Loyal Customers
CUST00673,21,3,21325.32,5,1,1,Standard / Hibernating
CUST00674,197,5,40187.72,2,2,3,Standard / Hibernating
CUST00675,60,5,55147.53,4,2,5,Standard / Hibernating
CUST00676,2,5,30110.390000000003,5,2,2,Standard / Hibernating
CUST00677,427,3,15978.25,1,1,1,Standard / Hibernating
CUST00678,3,8,63842.28,5,4,5,Champions
CUST00679,174,5,40787.86,2,2,3,Standard / Hibernating
CUST00680,151,5,46674.87,2,2,4,Standard / Hibernating
CUST00681,466,5,48838.86,1,2,4,Standard / Hibernating
CUST00682,87,5,24223.36,3,2,2,Standard / Hibernating
CUST00683,172,2,16835.61,2,1,1,Standard / Hibernating
CUST00684,301,2,21116.1,1,1,1,Standard / Hibernating
CUST00685,63,6,50071.11,4,3,4,Loyal Customers
CUST00686,35,4,26100.97,4,1,2,Standard / Hibernating
CUST00687,234,6,41268.55,1,3,3,Loyal Customers
CUST00688,141,5,26190.940000000002,2,2,2,Standard / Hibernating
CUST00689,41,6,59666.18,4,3,5,Loyal Customers
CUST00690,107,10,69246.18,3,5,5,Loyal Customers
CUST00691,50,11,89087.31,4,5,5,Champions
CUST00692,148,5,31025.87,2,2,2,Standard / Hibernating
CUST00693,151,6,29554.079999999998,2,3,2,At Risk
CUST00694,70,6,47997.36,3,3,4,Loyal Customers
CUST00695,13,7,35696.89,5,4,3,Loyal Customers
CUST00696,36,9,53764.28,4,5,4,Champions
CUST00697,289,7,44632.38,1,4,4,Loyal Customers
CUST00698,119,5,20572.54,2,2,1,Standard / Hibernating
CUST00699,418,4,22526.03,1,1,1,Standard / Hibernating
CUST00700,261,4,35547.39,1,1,3,Standard / Hibernating
CUST00701,177,6,20873.42,2,3,1,At Risk
CUST00702,88,9,34448.09,3,5,3,Loyal Customers
CUST00703,25,8,47470.24,5,4,4,Champions
CUST00704,56,8,48042.340000000004,4,4,4,Champions
CUST00705,161,6,28337.47,2,3,2,At Risk
CUST00706,388,4,27107.63,1,1,2,Standard / Hibernating
CUST00707,138,4,39436.93,2,1,3,Standard / Hibernating
CUST00708,65,4,22736.989999999998,3,1,2,Standard / Hibernating
CUST00709,74,6,26565.469999999998,3,3,2,Standard / Hibernating
CUST00710,85,5,39122.51,3,2,3,Standard / Hibernating
CUST00711,194,5,34691.25,2,2,3,Standard / Hibernating
CUST00712,266,7,40425.77,1,4,3,Loyal Customers
CUST00713,2,10,43173.86,5,5,4,Champions
CUST00714,100,5,37034.36,3,2,3,Standard / Hibernating
CUST00715,246,8,33353.270000000004,1,4,3,Loyal Customers
CUST00716,11,7,27090.870000000003,5,4,2,Standard / Hibernating
CUST00717,105,7,55867.43,3,4,5,Loyal Customers
CUST00718,49,7,47997.270000000004,4,4,4,Champions
CUST00719,77,6,43611.47,3,3,4,Loyal Customers
CUST00720,98,6,32663.699999999997,3,3,3,Loyal Customers
CUST00721,32,4,18441.58,4,1,1,Standard / Hibernating
CUST00722,61,8,40366.979999999996,4,4,3,Loyal Customers
CUST00723,52,8,104767.51999999999,4,4,5,Champions
CUST00724,332,4,14715.48,1,1,1,Standard / Hibernating
CUST00725,49,9,76532.21,4,5,5,Champions
CUST00726,153,6,59741.68,2,3,5,Loyal Customers
CUST00727,45,4,41630.130000000005,4,1,4,Standard / Hibernating
CUST00728,27,12,69187.54000000001,5,5,5,Champions
CUST00729,11,9,38547.66,5,5,3,Loyal Customers
CUST00730,442,3,20394.73,1,1,1,Standard / Hibernating
CUST00731,59,5,41675.23,4,2,4,Standard / Hibernating
CUST00732,5,5,31131.77,5,2,2,Standard / Hibernating
CUST00733,87,5,43492.55,3,2,4,Standard / Hibernating
CUST00734,13,10,57171.87,5,5,5,Champions
CUST00735,82,4,27017.5,3,1,2,Standard / Hibernating
CUST00736,96,11,75509.5,3,5,5,Loyal Customers
CUST00737,66,8,70629.65,3,4,5,Loyal Customers
CUST00738,33,3,17570.91,4,1,1,Standard / Hibernating
CUST00739,185,6,50159.67,2,3,4,Loyal Customers
CUST00740,249,2,9536.119999999999,1,1,1,Standard / Hibernating
CUST00741,38,10,100276.75,4,5,5,Champions
CUST00742,34,2,16639.71,4,1,1,Standard / Hibernating
CUST00743,138,3,21926.52,2,1,1,Standard / Hibernating
CUST00744,69,8,52067.12,3,4,4,Loyal Customers
CUST00745,286,4,24869.74,1,1,2,Standard / Hibernating
CUST00746,23,4,17405.15,5,1,1,Standard / Hibernating
CUST00747,157,6,41419.270000000004,2,3,3,Loyal Customers
CUST00748,38,10,45546.71,4,5,4,Champions
CUST00749,95,6,41133.48,3,3,3,Loyal Customers
CUST00750,28,4,8078.19,5,1,1,Standard / Hibernating
CUST00751,36,7,45999.81,4,4,4,Champions
CUST00752,134,6,61439.0,2,3,5,Loyal Customers
CUST00753,6,9,38819.479999999996,5,5,3,Loyal Customers
CUST00754,39,6,52458.64,4,3,4,Loyal Customers
CUST00755,10,9,54949.53,5,5,5,Champions
CUST00756,90,6,27015.920000000002,3,3,2,Standard / Hibernating
CUST00757,87,12,98698.44,3,5,5,Loyal Customers
CUST00758,152,8,47544.71,2,4,4,Loyal Customers
CUST00759,228,4,30081.52,1,1,2,Standard / Hibernating
CUST00760,38,7,46284.55,4,4,4,Champions
CUST00761,56,4,15676.630000000001,4,1,1,Standard / Hibernating
CUST00762,244,5,28953.739999999998,1,2,2,Standard / Hibernating
CUST00763,96,6,41749.229999999996,3,3,4,Loyal Customers
CUST00764,20,3,19883.34,5,1,1,Standard / Hibernating
CUST00765,247,3,4203.73,1,1,1,Standard / Hibernating
CUST00766,212,9,70179.12,1,5,5,Loyal Customers
CUST00767,9,3,27303.45,5,1,2,Standard / Hibernating
CUST00768,162,5,21022.89,2,2,1,Standard / Hibernating
CUST00769,60,7,33038.03,4,4,3,Loyal Customers
CUST00770,125,6,32257.58,2,3,3,Loyal Customers
CUST00771,33,5,65029.07,4,2,5,Standard / Hibernating
CUST00772,38,9,50249.15,4,5,4,Champions
CUST00773,151,4,27077.56,2,1,2,Standard / Hibernating
CUST00774,246,6,37965.45,1,3,3,Loyal Customers
CUST00775,33,9,59529.68,4,5,5,Champions
CUST00776,179,2,11698.93,2,1,1,Standard / Hibernating
CUST00777,245,3,22692.600000000002,1,1,2,Standard / Hibernating
CUST00778,171,4,24299.0,2,1,2,Standard / Hibernating
CUST00779,452,5,27707.83,1,2,2,Standard / Hibernating
CUST00780,73,5,44904.33,3,2,4,Standard / Hibernating
CUST00781,26,4,27603.29,5,1,2,Standard / Hibernating
CUST00782,97,8,89687.46,3,4,5,Loyal Customers
CUST00783,116,7,54271.72,2,4,4,Loyal Customers
CUST00784,29,8,44557.56,5,4,4,Champions
CUST00785,18,6,57939.56,5,3,5,Loyal Customers
CUST00786,61,6,34570.6,4,3,3,Loyal Customers
CUST00787,168,5,26461.129999999997,2,2,2,Standard / Hibernating
CUST00788,152,6,40848.57,2,3,3,Loyal Customers
CUST00789,75,5,31370.659999999996,3,2,2,Standard / Hibernating
CUST00790,8,5,41660.450000000004,5,2,4,Standard / Hibernating
CUST00791,153,8,48026.86,2,4,4,Loyal Customers
CUST00792,261,4,14250.46,1,1,1,Standard / Hibernating
CUST00793,81,4,15617.95,3,1,1,Standard / Hibernating
CUST00794,340,8,43175.6,1,4,4,Loyal Customers
CUST00795,35,8,46464.82,4,4,4,Champions
CUST00796,31,5,39345.31,4,2,3,Standard / Hibernating
CUST00797,52,6,57339.91,4,3,5,Loyal Customers
CUST00798,76,12,45095.46,3,5,4,Loyal Customers
CUST00799,97,6,28172.29,3,3,2,Standard / Hibernating
CUST00800,172,8,51615.66,2,4,4,Loyal Customers
CUST00801,379,6,38565.590000000004,1,3,3,Loyal Customers
CUST00802,47,12,83934.87,4,5,5,Champions
CUST00803,96,5,35652.71,3,2,3,Standard / Hibernating
CUST00804,127,6,35726.99,2,3,3,Loyal Customers
CUST00805,6,4,23638.21,5,1,2,Standard / Hibernating
CUST00806,77,7,71186.34,3,4,5,Loyal Customers
CUST00807,298,6,33729.53,1,3,3,Loyal Customers
CUST00808,4,6,31041.65,5,3,2,Standard / Hibernating
CUST00809,82,7,43085.94,3,4,4,Loyal Customers
CUST00810,46,11,90211.42,4,5,5,Champions
CUST00811,124,7,47201.270000000004,2,4,4,Loyal Customers
CUST00812,252,4,25680.33,1,1,2,Standard / Hibernating
CUST00813,8,8,77012.6,5,4,5,Champions
CUST00814,91,8,51134.68,3,4,4,Loyal Customers
CUST00815,36,8,64201.49,4,4,5,Champions
CUST00816,238,4,40398.61,1,1,3,Standard / Hibernating
CUST00817,41,5,25259.739999999998,4,2,2,Standard / Hibernating
CUST00818,184,3,18921.989999999998,2,1,1,Standard / Hibernating
CUST00819,117,4,26356.690000000002,2,1,2,Standard / Hibernating
CUST00820,8,5,28609.06,5,2,2,Standard / Hibernating
CUST00821,64,6,57549.44,4,3,5,Loyal Customers
CUST00822,39,2,13696.510000000002,4,1,1,Standard / Hibernating
CUST00823,99,7,24222.17,3,4,2,Standard / Hibernating
CUST00824,116,8,52260.06,2,4,4,Loyal Customers
CUST00825,260,6,36252.83,1,3,3,Loyal Customers
CUST00826,58,6,57714.16,4,3,5,Loyal Customers
CUST00827,147,9,57998.89,2,5,5,Loyal Customers
CUST00828,94,6,51691.96,3,3,4,Loyal Customers
CUST00829,47,9,26548.02,4,5,2,Standard / Hibernating
CUST00830,22,7,45369.47,5,4,4,Champions
CUST00831,231,4,16609.12,1,1,1,Standard / Hibernating
CUST00832,112,3,23728.239999999998,3,1,2,Standard / Hibernating
CUST00833,202,5,42516.899999999994,1,2,4,Standard / Hibernating
CUST00834,344,3,16880.02,1,1,1,Standard / Hibernating
CUST00835,39,5,42801.01,4,2,4,Standard / Hibernating
CUST00836,1,5,28173.45,5,2,2,Standard / Hibernating
CUST00837,9,6,28352.51,5,3,2,Standard / Hibernating
CUST00838,340,7,35381.01,1,4,3,Loyal Customers
CUST00839,100,6,46495.87,3,3,4,Loyal Customers
CUST00840,40,8,49754.46,4,4,4,Champions
CUST00841,206,5,44258.52,1,2,4,Standard / Hibernating
CUST00842,298,7,62145.61,1,4,5,Loyal Customers
CUST00843,169,5,33805.32,2,2,3,Standard / Hibernating
CUST00844,240,4,37905.399999999994,1,1,3,Standard / Hibernating
CUST00845,64,7,29401.64,4,4,2,Standard / Hibernating
CUST00846,193,5,29434.33,2,2,2,Standard / Hibernating
CUST00847,208,2,11203.32,1,1,1,Standard / Hibernating
CUST00848,152,5,36509.11,2,2,3,Standard / Hibernating
CUST00849,32,7,36177.15,4,4,3,Loyal Customers
CUST00850,192,6,34960.47,2,3,3,Loyal Customers
CUST00851,351,3,12809.82,1,1,1,Standard / Hibernating
CUST00852,13,6,56152.63,5,3,5,Loyal Customers
CUST00853,34,9,71364.74,4,5,5,Champions
CUST00854,1,6,50461.44,5,3,4,Loyal Customers
CUST00855,542,4,40279.11,1,1,3,Standard / Hibernating
CUST00856,60,4,32318.83,4,1,3,Standard / Hibernating
CUST00857,49,6,31416.46,4,3,2,Standard / Hibernating
CUST00858,158,5,30336.09,2,2,2,Standard / Hibernating
CUST00859,77,5,36493.55,3,2,3,Standard / Hibernating
CUST00860,441,2,18471.43,1,1,1,Standard / Hibernating
CUST00861,59,3,15843.650000000001,4,1,1,Standard / Hibernating
CUST00862,13,8,69999.42,5,4,5,Champions
CUST00863,696,1,12975.1,1,1,1,Standard / Hibernating
CUST00864,135,5,53164.7,2,2,4,Standard / Hibernating
CUST00865,367,4,18531.05,1,1,1,Standard / Hibernating
CUST00866,169,6,47787.6,2,3,4,Loyal Customers
CUST00867,47,5,43477.13,4,2,4,Standard / Hibernating
CUST00868,135,5,34887.14,2,2,3,Standard / Hibernating
CUST00869,62,6,43746.1,4,3,4,Loyal Customers
CUST00870,22,5,29704.5,5,2,2,Standard / Hibernating
CUST00871,289,1,2402.5,1,1,1,Standard / Hibernating
CUST00872,56,4,25649.79,4,1,2,Standard / Hibernating
CUST00873,96,5,43732.880000000005,3,2,4,Standard / Hibernating
CUST00874,35,9,89132.55,4,5,5,Champions
CUST00875,173,3,24344.149999999998,2,1,2,Standard / Hibernating
CUST00876,31,6,25889.97,4,3,2,Standard / Hibernating
CUST00877,114,7,41779.740000000005,3,4,4,Loyal Customers
CUST00878,5,8,55670.380000000005,5,4,5,Champions
CUST00879,32,6,46781.119999999995,4,3,4,Loyal Customers
CUST00880,164,3,14356.22,2,1,1,Standard / Hibernating
CUST00881,97,6,50129.47,3,3,4,Loyal Customers
CUST00882,1,7,30620.08,5,4,2,Standard / Hibernating
CUST00883,157,4,23066.239999999998,2,1,2,Standard / Hibernating
CUST00884,30,6,52652.65,4,3,4,Loyal Customers
CUST00885,9,7,49903.97,5,4,4,Champions
CUST00886,91,4,28143.45,3,1,2,Standard / Hibernating
CUST00887,18,10,50142.71,5,5,4,Champions
CUST00888,146,7,42725.51,2,4,4,Loyal Customers
CUST00889,7,8,61392.71000000001,5,4,5,Champions
CUST00890,84,12,105518.04,3,5,5,Loyal Customers
CUST00891,613,4,11291.58,1,1,1,Standard / Hibernating
CUST00892,280,4,39167.12,1,1,3,Standard / Hibernating
CUST00893,14,8,42394.6,5,4,4,Champions
CUST00894,22,8,71304.97,5,4,5,Champions
CUST00895,168,7,60147.36,2,4,5,Loyal Customers
CUST00896,114,6,35366.49,3,3,3,Loyal Customers
CUST00897,93,11,48926.77,3,5,4,Loyal Customers
CUST00898,11,8,40246.649999999994,5,4,3,Loyal Customers
CUST00899,135,5,28743.66,2,2,2,Standard / Hibernating
CUST00900,16,11,106131.34,5,5,5,Champions
CUST00901,8,6,57879.700000000004,5,3,5,Loyal Customers
CUST00902,23,4,18666.75,5,1,1,Standard / Hibernating
CUST00903,36,5,19867.67,4,2,1,Standard / Hibernating
CUST00904,365,3,16594.7,1,1,1,Standard / Hibernating
CUST00905,129,3,17270.510000000002,2,1,1,Standard / Hibernating
CUST00906,185,6,17704.329999999998,2,3,1,At Risk
CUST00907,135,6,39347.28,2,3,3,Loyal Customers
CUST00908,189,6,21774.52,2,3,1,At Risk
CUST00909,43,4,30712.239999999998,4,1,2,Standard / Hibernating
CUST00910,36,11,52500.87,4,5,4,Champions
CUST00911,44,7,40968.840000000004,4,4,3,Loyal Customers
CUST00912,78,9,74579.17,3,5,5,Loyal Customers
CUST00913,214,4,28128.940000000002,1,1,2,Standard / Hibernating
CUST00914,40,6,45728.93,4,3,4,Loyal Customers
CUST00915,116,5,33790.659999999996,2,2,3,Standard / Hibernating
CUST00916,65,5,37364.0,3,2,3,Standard / Hibernating
CUST00917,151,10,55910.23,2,5,5,Loyal Customers
CUST00918,97,6,58450.72,3,3,5,Loyal Customers
CUST00919,95,13,91084.40000000001,3,5,5,Loyal Customers
CUST00920,19,6,29794.260000000002,5,3,2,Standard / Hibernating
CUST00921,56,7,34164.92,4,4,3,Loyal Customers
CUST00922,108,4,16398.91,3,1,1,Standard / Hibernating
CUST00923,1,9,68752.38,5,5,5,Champions
CUST00924,44,8,47123.92,4,4,4,Champions
CUST00925,86,8,53973.83,3,4,4,Loyal Customers
CUST00926,80,9,64472.48,3,5,5,Loyal Customers
CUST00927,255,4,28985.010000000002,1,1,2,Standard / Hibernating
CUST00928,163,10,64547.36,2,5,5,Loyal Customers
CUST00929,148,6,37153.89,2,3,3,Loyal Customers
CUST00930,54,7,68348.23,4,4,5,Champions
CUST00931,30,7,50280.28,4,4,4,Champions
CUST00932,14,6,40968.18,5,3,3,Loyal Customers
CUST00933,246,8,50744.64,1,4,4,Loyal Customers
CUST00934,221,4,17585.41,1,1,1,Standard / Hibernating
CUST00935,41,6,43715.55,4,3,4,Loyal Customers
CUST00936,65,9,70975.64,3,5,5,Loyal Customers
CUST00937,48,8,35559.95,4,4,3,Loyal Customers
CUST00938,17,8,52922.98,5,4,4,Champions
CUST00939,7,8,68346.87,5,4,5,Champions
CUST00940,67,7,72658.49,3,4,5,Loyal Customers
CUST00941,92,5,22706.33,3,2,2,Standard / Hibernating
CUST00942,3,7,61228.72,5,4,5,Champions
CUST00943,324,6,31596.730000000003,1,3,2,At Risk
CUST00944,290,4,29751.0,1,1,2,Standard / Hibernating
CUST00945,50,10,43280.07,4,5,4,Champions
CUST00946,11,7,40682.48,5,4,3,Loyal Customers
CUST00947,81,6,32167.440000000002,3,3,3,Loyal Customers
CUST00948,25,5,19401.62,5,2,1,Standard / Hibernating
CUST00949,71,7,25588.44,3,4,2,Standard / Hibernating
CUST00950,32,5,29705.370000000003,4,2,2,Standard / Hibernating
CUST00951,17,4,40639.05,5,1,3,Standard / Hibernating
CUST00952,415,3,44995.350000000006,1,1,4,Standard / Hibernating
CUST00953,27,9,64171.41,5,5,5,Champions
CUST00954,196,5,33370.19,2,2,3,Standard / Hibernating
CUST00955,243,8,45397.81,1,4,4,Loyal Customers
CUST00956,38,5,20243.280000000002,4,2,1,Standard / Hibernating
CUST00957,63,4,39092.59,4,1,3,Standard / Hibernating
CUST00958,11,4,13319.970000000001,5,1,1,Standard / Hibernating
CUST00959,118,2,4639.799999999999,2,1,1,Standard / Hibernating
CUST00960,69,8,41719.100000000006,3,4,4,Loyal Customers
CUST00961,101,7,41404.399999999994,3,4,3,Loyal Customers
CUST00962,175,9,79445.02,2,5,5,Loyal Customers
CUST00963,102,3,42471.95,3,1,4,Standard / Hibernating
CUST00964,458,5,38566.8,1,2,3,Standard / Hibernating
CUST00965,50,4,18786.84,4,1,1,Standard / Hibernating
CUST00966,73,7,77929.07,3,4,5,Loyal Customers
CUST00967,51,3,13154.61,4,1,1,Standard / Hibernating
CUST00968,33,10,92451.71,4,5,5,Champions
CUST00969,52,7,58884.64,4,4,5,Champions
CUST00970,120,5,69144.34,2,2,5,Standard / Hibernating
CUST00971,230,5,35020.45,1,2,3,Standard / Hibernating
CUST00972,26,3,19778.81,5,1,1,Standard / Hibernating
CUST00973,99,3,43281.91,3,1,4,Standard / Hibernating
CUST00974,102,11,71499.01,3,5,5,Loyal Customers
CUST00975,85,7,23214.829999999998,3,4,2,Standard / Hibernating
CUST00976,293,5,21924.89,1,2,1,Standard / Hibernating
CUST00977,49,7,73184.28,4,4,5,Champions
CUST00978,37,3,18607.3,4,1,1,Standard / Hibernating
CUST00979,45,7,46405.14,4,4,4,Champions
CUST00980,24,7,49259.51,5,4,4,Champions
CUST00981,281,3,28699.68,1,1,2,Standard / Hibernating
CUST00982,130,4,43853.78,2,1,4,Standard / Hibernating
CUST00983,32,8,57774.86,4,4,5,Champions
CUST00984,42,8,66139.99,4,4,5,Champions
CUST00985,71,8,50383.69,3,4,4,Loyal Customers
CUST00986,100,4,20363.420000000002,3,1,1,Standard / Hibernating
CUST00987,93,2,21775.839999999997,3,1,1,Standard / Hibernating
CUST00988,58,7,37693.42,4,4,3,Loyal Customers
CUST00989,269,3,12644.56,1,1,1,Standard / Hibernating
CUST00990,27,7,60778.08,5,4,5,Champions
CUST00991,103,8,54077.88,3,4,4,Loyal Customers
CUST00992,241,6,35666.96,1,3,3,Loyal Customers
CUST00993,4,5,29885.25,5,2,2,Standard / Hibernating
CUST00994,350,4,24389.06,1,1,2,Standard / Hibernating
CUST00995,15,11,83980.82,5,5,5,Champions
CUST00996,4,4,16938.33,5,1,1,Standard / Hibernating
CUST00997,675,1,7509.08,1,1,1,Standard / Hibernating
CUST00998,20,8,31100.06,5,4,2,Standard / Hibernating
CUST00999,69,3,13455.650000000001,3,1,1,Standard / Hibernating
CUST01000,282,6,72703.73000000001,1,3,5,Loyal Customers
CUST01001,104,3,27812.309999999998,3,1,2,Standard / Hibernating
CUST01002,24,6,25934.41,5,3,2,Standard / Hibernating
CUST01003,269,4,24073.81,1,1,2,Standard / Hibernating
CUST01004,26,8,38490.08,5,4,3,Loyal Customers
CUST01005,188,4,29150.28,2,1,2,Standard / Hibernating
CUST01006,122,5,62581.09,2,2,5,Standard / Hibernating
CUST01007,58,3,20693.76,4,1,1,Standard / Hibernating
CUST01008,167,6,35005.4,2,3,3,Loyal Customers
CUST01009,163,8,50639.54,2,4,4,Loyal Customers
CUST01010,308,10,99765.02,1,5,5,Loyal Customers
CUST01011,18,8,48445.57,5,4,4,Champions
CUST01012,226,3,15617.91,1,1,1,Standard / Hibernating
CUST01013,76,7,39766.6,3,4,3,Loyal Customers
CUST01014,8,10,53718.68,5,5,4,Champions
CUST01015,84,5,45504.04,3,2,4,Standard / Hibernating
CUST01016,97,7,44843.280000000006,3,4,4,Loyal Customers
CUST01017,79,8,45381.659999999996,3,4,4,Loyal Customers
CUST01018,147,3,50462.15,2,1,4,Standard / Hibernating
CUST01019,189,4,18741.850000000002,2,1,1,Standard / Hibernating
CUST01020,286,5,43416.43,1,2,4,Standard / Hibernating
CUST01021,149,8,47650.02,2,4,4,Loyal Customers
CUST01022,24,9,56466.509999999995,5,5,5,Champions
CUST01023,273,4,55312.83,1,1,5,Standard / Hibernating
CUST01024,76,7,34089.55,3,4,3,Loyal Customers
CUST01025,493,3,23487.93,1,1,2,Standard / Hibernating
CUST01026,57,5,53388.53,4,2,4,Standard / Hibernating
CUST01027,117,8,43716.15,2,4,4,Loyal Customers
CUST01028,264,3,19343.25,1,1,1,Standard / Hibernating
CUST01029,35,4,15106.04,4,1,1,Standard / Hibernating
CUST01030,81,8,90888.6,3,5,5,Loyal Customers
CUST01031,4,5,46541.090000000004,5,2,4,Standard / Hibernating
CUST01032,356,5,24882.47,1,2,2,Standard / Hibernating
CUST01033,84,6,42273.02,3,3,4,Loyal Customers
CUST01034,34,7,51331.08,4,4,4,Champions
CUST01035,406,5,26489.64,1,2,2,Standard / Hibernating
CUST01036,98,6,27196.77,3,3,2,Standard / Hibernating
CUST01037,244,5,29284.83,1,2,2,Standard / Hibernating
CUST01038,20,10,65685.23,5,5,5,Champions
CUST01039,72,12,106763.33,3,5,5,Loyal Customers
CUST01040,61,5,42966.950000000004,4,2,4,Standard / Hibernating
CUST01041,18,4,17630.440000000002,5,1,1,Standard / Hibernating
CUST01042,83,7,37078.79,3,4,3,Loyal Customers
CUST01043,329,6,35051.100000000006,1,3,3,Loyal Customers
CUST01044,173,6,26175.25,2,3,2,At Risk
CUST01045,84,5,42291.05,3,2,4,Standard / Hibernating
CUST01046,114,9,46493.19,3,5,4,Loyal Customers
CUST01047,172,5,26655.3,2,2,2,Standard / Hibernating
CUST01048,16,7,58210.4,5,4,5,Champions
CUST01049,10,8,47862.1,5,5,4,Champions
CUST01050,390,5,19867.8,1,2,1,Standard / Hibernating
CUST01051,46,10,81923.8,4,5,5,Champions
CUST01052,9,6,74250.38,5,3,5,Loyal Customers
CUST01053,69,9,63149.7,3,5,5,Loyal Customers
CUST01054,12,6,65583.76,5,3,5,Loyal Customers
CUST01055,97,5,41478.92,3,2,3,Standard / Hibernating
CUST01056,137,7,72912.79000000001,2,4,5,Loyal Customers
CUST01057,20,7,58418.81,5,4,5,Champions
CUST01058,508,3,8228.86,1,1,1,Standard / Hibernating
CUST01059,203,7,40952.05,1,4,3,Loyal Customers
CUST01060,127,3,9295.36,2,1,1,Standard / Hibernating
CUST01061,148,4,15077.21,2,1,1,Standard / Hibernating
CUST01062,213,7,64608.06,1,4,5,Loyal Customers
CUST01063,49,7,43400.41,4,4,4,Champions
CUST01064,58,5,29735.320000000003,4,2,2,Standard / Hibernating
CUST01065,34,6,29148.519999999997,4,3,2,Standard / Hibernating
CUST01066,47,9,53071.66,4,5,4,Champions
CUST01067,341,4,28653.5,1,1,2,Standard / Hibernating
CUST01068,12,12,52333.43,5,5,4,Champions
CUST01069,53,6,37799.9,4,3,3,Loyal Customers
CUST01070,8,6,36913.47,5,3,3,Loyal Customers
CUST01071,3,9,46612.81,5,5,4,Champions
CUST01072,10,5,23892.47,5,2,2,Standard / Hibernating
CUST01073,63,7,34719.0,4,4,3,Loyal Customers
CUST01074,553,2,14717.77,1,1,1,Standard / Hibernating
CUST01075,31,5,26625.510000000002,4,2,2,Standard / Hibernating
CUST01076,112,4,32889.57,3,1,3,Standard / Hibernating
CUST01077,252,5,20753.87,1,2,1,Standard / Hibernating
CUST01078,73,3,11652.099999999999,3,1,1,Standard / Hibernating
CUST01079,166,3,13245.45,2,1,1,Standard / Hibernating
CUST01080,27,10,65912.36,5,5,5,Champions
CUST01081,64,7,74910.7,4,4,5,Champions
CUST01082,50,5,27062.06,4,2,2,Standard / Hibernating
CUST01083,55,5,23802.839999999997,4,2,2,Standard / Hibernating
CUST01084,61,6,17748.2,4,3,1,Standard / Hibernating
CUST01085,36,5,17373.97,4,2,1,Standard / Hibernating
CUST01086,29,6,40924.23,5,3,3,Loyal Customers
CUST01087,23,8,78634.99,5,5,5,Champions
CUST01088,149,3,7733.1900000000005,2,1,1,Standard / Hibernating
CUST01089,273,6,27256.22,1,3,2,At Risk
CUST01090,86,3,22947.81,3,1,2,Standard / Hibernating
CUST01091,66,4,53555.58,3,1,4,Standard / Hibernating
CUST01092,19,5,35562.47,5,2,3,Standard / Hibernating
CUST01093,6,10,75946.13,5,5,5,Champions
CUST01094,181,2,15769.18,2,1,1,Standard / Hibernating
CUST01095,389,3,15272.41,1,1,1,Standard / Hibernating
CUST01096,243,4,13770.46,1,1,1,Standard / Hibernating
CUST01097,126,5,28789.27,2,2,2,Standard / Hibernating
CUST01098,173,11,81966.83,2,5,5,Loyal Customers
CUST01099,259,7,68992.53,1,4,5,Loyal Customers
CUST01100,93,11,40784.99,3,5,3,Loyal Customers
CUST01101,23,9,61783.310000000005,5,5,5,Champions
CUST01102,48,9,56045.81,4,5,5,Champions
CUST01103,195,7,79626.83,2,4,5,Loyal Customers
CUST01104,536,5,33910.79,1,2,3,Standard / Hibernating
CUST01105,9,7,37994.98,5,4,3,Loyal Customers
CUST01106,18,2,14177.100000000002,5,1,1,Standard / Hibernating
CUST01107,55,5,42875.25,4,2,4,Standard / Hibernating
CUST01108,58,4,17735.57,4,1,1,Standard / Hibernating
CUST01109,30,7,43791.36,4,4,4,Champions
CUST01110,20,8,50730.79,5,5,4,Champions
CUST01111,124,5,44003.25,2,2,4,Standard / Hibernating
CUST01112,246,3,24179.39,1,1,2,Standard / Hibernating
CUST01113,133,7,40502.58,2,4,3,Loyal Customers
CUST01114,139,7,75105.65000000001,2,4,5,Loyal Customers
CUST01115,52,7,40171.7,4,4,3,Loyal Customers
CUST01116,147,4,25319.75,2,1,2,Standard / Hibernating
CUST01117,13,5,25799.11,5,2,2,Standard / Hibernating
CUST01118,57,6,34240.15,4,3,3,Loyal Customers
CUST01119,37,8,45894.52,4,5,4,Champions
CUST01120,57,8,67790.58,4,5,5,Champions
CUST01121,66,7,58944.729999999996,3,4,5,Loyal Customers
CUST01122,24,5,21339.17,5,2,1,Standard / Hibernating
CUST01123,196,7,40382.57,2,4,3,Loyal Customers
CUST01124,72,6,58810.58,3,3,5,Loyal Customers
CUST01125,266,3,22705.91,1,1,2,Standard / Hibernating
CUST01126,119,10,78333.39,2,5,5,Loyal Customers
CUST01127,138,9,65147.41,2,5,5,Loyal Customers
CUST01128,157,6,31882.18,2,3,3,Loyal Customers
CUST01129,26,8,62684.53999999999,5,5,5,Champions
CUST01130,131,6,75091.49,2,3,5,Loyal Customers
CUST01131,53,4,20108.61,4,1,1,Standard / Hibernating
CUST01132,27,11,78437.97,5,5,5,Champions
CUST01133,176,7,27300.519999999997,2,4,2,At Risk
CUST01134,45,10,62188.21,4,5,5,Champions
CUST01135,149,4,26251.47,2,1,2,Standard / Hibernating
CUST01136,12,6,31191.079999999998,5,3,2,Standard / Hibernating
CUST01137,44,5,34871.47,4,2,3,Standard / Hibernating
CUST01138,163,5,27873.07,2,2,2,Standard / Hibernating
CUST01139,161,7,67010.69,2,4,5,Loyal Customers
CUST01140,45,3,20859.62,4,1,1,Standard / Hibernating
CUST01141,143,5,75106.07,2,2,5,Standard / Hibernating
CUST01142,31,8,46569.72,4,5,4,Champions
CUST01143,32,5,42291.240000000005,4,2,4,Standard / Hibernating
CUST01144,136,5,26851.73,2,2,2,Standard / Hibernating
CUST01145,121,6,33758.23,2,3,3,Loyal Customers
CUST01146,108,11,89642.96,3,5,5,Loyal Customers
CUST01147,58,6,52939.12,4,3,4,Loyal Customers
CUST01148,70,3,19493.46,3,1,1,Standard / Hibernating
CUST01149,72,11,81261.85,3,5,5,Loyal Customers
CUST01150,36,10,78183.83,4,5,5,Champions
CUST01151,129,5,29209.25,2,2,2,Standard / Hibernating
CUST01152,68,3,26161.38,3,1,2,Standard / Hibernating
CUST01153,115,5,32888.24,3,2,3,Standard / Hibernating
CUST01154,28,7,43850.59,5,4,4,Champions
CUST01155,13,11,67203.63,5,5,5,Champions
CUST01156,102,4,14220.41,3,1,1,Standard / Hibernating
CUST01157,77,2,21926.52,3,1,1,Standard / Hibernating
CUST01158,396,4,32198.7,1,1,3,Standard / Hibernating
CUST01159,271,4,24809.690000000002,1,1,2,Standard / Hibernating
CUST01160,31,8,47589.85,4,5,4,Champions
CUST01161,95,5,23441.73,3,2,2,Standard / Hibernating
CUST01162,175,4,46256.020000000004,2,1,4,Standard / Hibernating
CUST01163,39,7,41448.8,4,4,3,Loyal Customers
CUST01164,28,5,25319.18,5,2,2,Standard / Hibernating
CUST01165,52,11,81094.47,4,5,5,Champions
CUST01166,61,3,21595.550000000003,4,1,1,Standard / Hibernating
CUST01167,537,4,33098.66,1,1,3,Standard / Hibernating
CUST01168,243,6,39677.7,1,3,3,Loyal Customers
CUST01169,139,5,25439.370000000003,2,2,2,Standard / Hibernating
CUST01170,92,5,40397.39,3,2,3,Standard / Hibernating
CUST01171,49,7,51767.19,4,4,4,Champions
CUST01172,12,4,16909.49,5,1,1,Standard / Hibernating
CUST01173,50,6,36987.78,4,3,3,Loyal Customers
CUST01174,99,3,29104.660000000003,3,1,2,Standard / Hibernating
CUST01175,190,8,50895.34,2,5,4,Loyal Customers
CUST01176,75,9,43400.24,3,5,4,Loyal Customers
CUST01177,33,4,22016.03,4,1,1,Standard / Hibernating
CUST01178,47,5,23111.989999999998,4,2,2,Standard / Hibernating
CUST01179,27,11,95530.61,5,5,5,Champions
CUST01180,259,7,27210.5,1,4,2,At Risk
CUST01181,256,7,56077.18,1,4,5,Loyal Customers
CUST01182,71,4,21595.539999999997,3,1,1,Standard / Hibernating
CUST01183,51,7,28397.66,4,4,2,Standard / Hibernating
CUST01184,72,4,28774.14,3,1,2,Standard / Hibernating
CUST01185,328,6,22823.95,1,3,2,At Risk
CUST01186,62,8,54633.630000000005,4,5,5,Champions
CUST01187,109,14,76559.95,3,5,5,Loyal Customers
CUST01188,163,2,13981.869999999999,2,1,1,Standard / Hibernating
CUST01189,12,10,65583.08,5,5,5,Champions
CUST01190,242,7,58615.48,1,4,5,Loyal Customers
CUST01191,239,8,35650.97,1,5,3,Loyal Customers
CUST01192,77,4,22466.61,3,1,1,Standard / Hibernating
CUST01193,46,6,67447.25,4,3,5,Loyal Customers
CUST01194,68,9,75676.27,3,5,5,Loyal Customers
CUST01195,278,3,13019.59,1,1,1,Standard / Hibernating
CUST01196,51,5,22721.4,4,2,2,Standard / Hibernating
CUST01197,23,7,32317.66,5,4,3,Loyal Customers
CUST01198,167,5,23968.12,2,2,2,Standard / Hibernating
CUST01199,282,2,14147.06,1,1,1,Standard / Hibernating
CUST01200,336,4,37139.39,1,1,3,Standard / Hibernating
CUST01201,16,4,29585.22,5,1,2,Standard / Hibernating
CUST01202,213,4,17780.53,1,1,1,Standard / Hibernating
CUST01203,166,6,35457.21,2,3,3,Loyal Customers
CUST01204,22,8,40156.02,5,5,3,Loyal Customers
CUST01205,46,5,33279.47,4,2,3,Standard / Hibernating
CUST01206,64,5,56542.94,4,2,5,Standard / Hibernating
CUST01207,234,5,30666.01,1,2,2,Standard / Hibernating
CUST01208,9,8,71756.09,5,5,5,Champions
CUST01209,76,6,38610.07,3,3,3,Loyal Customers
CUST01210,114,4,20318.36,3,1,1,Standard / Hibernating
CUST01211,143,3,15166.91,2,1,1,Standard / Hibernating
CUST01212,62,7,26745.48,4,4,2,Standard / Hibernating
CUST01213,47,7,59860.7,4,4,5,Champions
CUST01214,207,6,50551.04,1,3,4,Loyal Customers
CUST01215,47,7,54334.81,4,4,4,Champions
CUST01216,10,8,56466.979999999996,5,5,5,Champions
CUST01217,153,3,14416.77,2,1,1,Standard / Hibernating
CUST01218,240,6,37904.78999999999,1,3,3,Loyal Customers
CUST01219,24,3,15287.96,5,1,1,Standard / Hibernating
CUST01220,113,10,56284.49,3,5,5,Loyal Customers
CUST01221,13,6,51001.65,5,3,4,Loyal Customers
CUST01222,38,3,18787.440000000002,4,1,1,Standard / Hibernating
CUST01223,305,5,43387.48,1,2,4,Standard / Hibernating
CUST01224,98,10,74084.70999999999,3,5,5,Loyal Customers
CUST01225,111,6,15706.2,3,3,1,Standard / Hibernating
CUST01226,25,8,44542.1,5,5,4,Champions
CUST01227,40,10,46867.87,4,5,4,Champions
CUST01228,9,8,63136.66,5,5,5,Champions
CUST01229,169,8,43641.15,2,5,4,Loyal Customers
CUST01230,178,7,37692.83,2,4,3,Loyal Customers
CUST01231,13,9,64636.34,5,5,5,Champions
CUST01232,374,3,43132.67,1,1,4,Standard / Hibernating
CUST01233,101,8,55685.46,3,5,5,Loyal Customers
CUST01234,208,5,39873.05,1,2,3,Standard / Hibernating
CUST01235,106,14,90705.25,3,5,5,Loyal Customers
CUST01236,183,7,58359.990000000005,2,4,5,Loyal Customers
CUST01237,72,5,34960.020000000004,3,2,3,Standard / Hibernating
CUST01238,241,3,29075.730000000003,1,1,2,Standard / Hibernating
CUST01239,209,4,27001.92,1,1,2,Standard / Hibernating
CUST01240,322,5,32122.96,1,2,3,Standard / Hibernating
CUST01241,130,4,19943.36,2,1,1,Standard / Hibernating
CUST01242,222,5,50446.06,1,2,4,Standard / Hibernating
CUST01243,195,6,23155.91,2,3,2,At Risk
CUST01244,560,3,18021.43,1,1,1,Standard / Hibernating
CUST01245,202,5,15992.1,1,2,1,Standard / Hibernating
CUST01246,371,4,22570.25,1,1,1,Standard / Hibernating
CUST01247,145,1,8170.02,2,1,1,Standard / Hibernating
CUST01248,174,6,31551.24,2,3,2,At Risk
CUST01249,170,8,55836.83,2,5,5,Loyal Customers
CUST01250,209,4,29073.54,1,1,2,Standard / Hibernating
CUST01251,18,4,15182.38,5,1,1,Standard / Hibernating
CUST01252,21,9,56195.729999999996,5,5,5,Champions
CUST01253,422,5,32303.18,1,2,3,Standard / Hibernating
CUST01254,59,6,39061.39,4,3,3,Loyal Customers
CUST01255,69,8,24566.04,3,5,2,Standard / Hibernating
CUST01256,333,6,28307.53,1,3,2,At Risk
CUST01257,180,4,28684.72,2,1,2,Standard / Hibernating
CUST01258,96,2,10842.829999999998,3,1,1,Standard / Hibernating
CUST01259,32,5,24461.87,4,2,2,Standard / Hibernating
CUST01260,77,5,15557.130000000001,3,2,1,Standard / Hibernating
CUST01261,188,5,40774.67,2,2,3,Standard / Hibernating
CUST01262,71,10,89117.27,3,5,5,Loyal Customers
CUST01263,106,6,53103.22,3,3,4,Loyal Customers
CUST01264,27,8,32587.38,5,5,3,Loyal Customers
CUST01265,116,7,38881.0,2,4,3,Loyal Customers
CUST01266,23,8,44287.43,5,5,4,Champions
CUST01267,456,4,11397.34,1,1,1,Standard / Hibernating
CUST01268,66,6,35726.33,3,3,3,Loyal Customers
CUST01269,61,6,40413.04,4,3,3,Loyal Customers
CUST01270,561,2,13891.79,1,1,1,Standard / Hibernating
CUST01271,168,5,24057.47,2,2,2,Standard / Hibernating
CUST01272,111,7,30830.07,3,4,2,Standard / Hibernating
CUST01273,55,5,29600.199999999997,4,2,2,Standard / Hibernating
CUST01274,108,5,43538.200000000004,3,2,4,Standard / Hibernating
CUST01275,8,11,62774.66,5,5,5,Champions
CUST01276,178,6,40038.06,2,3,3,Loyal Customers
CUST01277,216,5,24388.64,1,2,2,Standard / Hibernating
CUST01278,198,5,20017.25,2,2,1,Standard / Hibernating
CUST01279,2,7,53417.69,5,4,4,Champions
CUST01280,179,7,74295.05,2,4,5,Loyal Customers
CUST01281,291,4,17660.47,1,1,1,Standard / Hibernating
CUST01282,16,7,77357.95999999999,5,4,5,Champions
CUST01283,33,8,43985.48,4,5,4,Champions
CUST01284,48,5,46585.86,4,2,4,Standard / Hibernating
CUST01285,78,5,32512.97,3,2,3,Standard / Hibernating
CUST01286,39,9,58719.28,4,5,5,Champions
CUST01287,75,8,45847.91,3,5,4,Loyal Customers
CUST01288,69,10,75584.61,3,5,5,Loyal Customers
CUST01289,5,5,32859.43,5,2,3,Standard / Hibernating
CUST01290,22,7,34810.240000000005,5,4,3,Loyal Customers
CUST01291,16,6,70961.62,5,3,5,Loyal Customers
CUST01292,41,5,32062.41,4,2,3,Standard / Hibernating
CUST01293,18,5,31462.72,5,2,2,Standard / Hibernating
CUST01294,296,5,33490.19,1,2,3,Standard / Hibernating
CUST01295,10,7,38354.869999999995,5,4,3,Loyal Customers
CUST01296,114,7,40803.69,3,4,3,Loyal Customers
CUST01297,11,6,51271.340000000004,5,3,4,Loyal Customers
CUST01298,63,6,30275.59,4,3,2,Standard / Hibernating
CUST01299,47,7,38009.45,4,4,3,Loyal Customers
CUST01300,403,2,11503.66,1,1,1,Standard / Hibernating
CUST01301,262,3,10001.119999999999,1,1,1,Standard / Hibernating
CUST01302,8,7,32166.29,5,4,3,Loyal Customers
CUST01303,138,6,24072.79,2,3,2,At Risk
CUST01304,165,2,6727.53,2,1,1,Standard / Hibernating
CUST01305,50,3,37996.06,4,1,3,Standard / Hibernating
CUST01306,15,9,56436.96000000001,5,5,5,Champions
CUST01307,2,7,70869.13,5,4,5,Champions
CUST01308,144,5,19341.98,2,2,1,Standard / Hibernating
CUST01309,172,5,27842.96,2,2,2,Standard / Hibernating
CUST01310,67,6,28187.8,3,3,2,Standard / Hibernating
CUST01311,83,5,34241.340000000004,3,2,3,Standard / Hibernating
CUST01312,22,5,27691.12,5,2,2,Standard / Hibernating
CUST01313,347,6,28743.11,1,3,2,At Risk
CUST01314,181,8,67340.97,2,5,5,Loyal Customers
CUST01315,47,7,87826.23000000001,4,4,5,Champions
CUST01316,48,8,57893.950000000004,4,5,5,Champions
CUST01317,194,3,19823.75,2,1,1,Standard / Hibernating
CUST01318,21,8,47095.62,5,5,4,Champions
CUST01319,35,9,98338.02,4,5,5,Champions
CUST01320,72,4,38445.36,3,1,3,Standard / Hibernating
CUST01321,194,10,59200.01,2,5,5,Loyal Customers
CUST01322,63,6,34270.06,4,3,3,Loyal Customers
CUST01323,132,8,50819.83,2,5,4,Loyal Customers
CUST01324,195,6,66846.04000000001,2,3,5,Loyal Customers
CUST01325,6,6,41568.5,5,3,3,Loyal Customers
CUST01326,103,10,63570.25,3,5,5,Loyal Customers
CUST01327,25,8,67039.62,5,5,5,Champions
CUST01328,106,5,44182.409999999996,3,2,4,Standard / Hibernating
CUST01329,56,9,73316.81,4,5,5,Champions
CUST01330,5,5,12042.61,5,2,1,Standard / Hibernating
CUST01331,74,8,60027.3,3,5,5,Loyal Customers
CUST01332,230,6,76999.08,1,3,5,Loyal Customers
CUST01333,72,12,47949.82,3,5,4,Loyal Customers
CUST01334,47,10,59470.880000000005,4,5,5,Champions
CUST01335,76,5,31296.97,3,2,2,Standard / Hibernating
CUST01336,40,6,18019.739999999998,4,3,1,Standard / Hibernating
CUST01337,91,7,50039.27,3,4,4,Loyal Customers
CUST01338,36,6,39947.49,4,3,3,Loyal Customers
CUST01339,247,4,43882.56,1,1,4,Standard / Hibernating
CUST01340,20,8,47921.51,5,5,4,Champions
CUST01341,84,6,44031.62,3,3,4,Loyal Customers
CUST01342,140,5,24762.87,2,2,2,Standard / Hibernating
CUST01343,146,3,23969.29,2,1,2,Standard / Hibernating
CUST01344,20,7,48762.23,5,4,4,Champions
CUST01345,62,7,47666.880000000005,4,4,4,Champions
CUST01346,83,3,34601.68,3,1,3,Standard / Hibernating
CUST01347,112,9,88141.04,3,5,5,Loyal Customers
CUST01348,43,4,38355.979999999996,4,1,3,Standard / Hibernating
CUST01349,48,7,56212.88,4,4,5,Champions
CUST01350,22,8,68452.08,5,5,5,Champions
CUST01351,214,7,31521.09,1,4,2,At Risk
CUST01352,63,5,26580.78,4,2,2,Standard / Hibernating
CUST01353,62,4,20033.48,4,1,1,Standard / Hibernating
CUST01354,9,7,55145.83,5,4,5,Champions
CUST01355,167,4,25829.09,2,1,2,Standard / Hibernating
CUST01356,9,3,20109.2,5,1,1,Standard / Hibernating
CUST01357,115,5,28548.85,3,2,2,Standard / Hibernating
CUST01358,274,6,47336.98,1,3,4,Loyal Customers
CUST01359,357,4,15843.04,1,1,1,Standard / Hibernating
CUST01360,145,9,74955.23000000001,2,5,5,Loyal Customers
CUST01361,12,9,111721.57,5,5,5,Champions
CUST01362,53,8,50174.98,4,5,4,Champions
CUST01363,22,3,27753.489999999998,5,1,2,Standard / Hibernating
CUST01364,273,5,21895.309999999998,1,2,1,Standard / Hibernating
CUST01365,61,2,12555.07,4,1,1,Standard / Hibernating
CUST01366,172,4,24479.23,2,1,2,Standard / Hibernating
CUST01367,93,10,72070.4,3,5,5,Loyal Customers
CUST01368,92,8,55416.71,3,5,5,Loyal Customers
CUST01369,46,2,7207.49,4,1,1,Standard / Hibernating
CUST01370,30,9,73182.58,4,5,5,Champions
CUST01371,166,8,56677.38,2,5,5,Loyal Customers
CUST01372,233,5,45864.520000000004,1,2,4,Standard / Hibernating
CUST01373,131,4,17659.87,2,1,1,Standard / Hibernating
CUST01374,324,4,26656.57,1,1,2,Standard / Hibernating
CUST01375,50,5,37875.270000000004,4,2,3,Standard / Hibernating
CUST01376,16,6,38821.11,5,3,3,Loyal Customers
CUST01377,159,5,27331.750000000004,2,2,2,Standard / Hibernating
CUST01378,383,4,40023.67,1,1,3,Standard / Hibernating
CUST01379,21,8,50114.520000000004,5,5,4,Champions
CUST01380,69,8,54709.67,3,5,5,Loyal Customers
CUST01381,163,8,62609.54,2,5,5,Loyal Customers
CUST01382,34,6,62791.25,4,3,5,Loyal Customers
CUST01383,103,5,40729.04,3,2,3,Standard / Hibernating
CUST01384,45,6,46555.56,4,3,4,Loyal Customers
CUST01385,25,5,17659.32,5,2,1,Standard / Hibernating
CUST01386,247,3,10571.35,1,1,1,Standard / Hibernating
CUST01387,23,6,32768.78,5,3,3,Loyal Customers
CUST01388,44,4,10736.47,4,1,1,Standard / Hibernating
CUST01389,42,6,44002.16,4,3,4,Loyal Customers
CUST01390,25,6,56963.83,5,3,5,Loyal Customers
CUST01391,66,9,60355.25,3,5,5,Loyal Customers
CUST01392,44,7,40967.51,4,4,3,Loyal Customers
CUST01393,29,6,21383.48,5,3,1,Standard / Hibernating
CUST01394,252,7,50804.76,1,4,4,Loyal Customers
CUST01395,62,4,26762.11,4,1,2,Standard / Hibernating
CUST01396,251,5,43957.53,1,2,4,Standard / Hibernating
CUST01397,220,3,14702.27,1,1,1,Standard / Hibernating
CUST01398,81,7,48432.25,3,4,4,Loyal Customers
CUST01399,430,4,34932.11,1,1,3,Standard / Hibernating
CUST01400,244,4,21880.94,1,1,1,Standard / Hibernating
CUST01401,5,4,38100.57,5,1,3,Standard / Hibernating
CUST01402,58,8,103475.02,4,5,5,Champions
CUST01403,392,6,44107.89,1,3,4,Loyal Customers
CUST01404,95,5,31282.05,3,2,2,Standard / Hibernating
CUST01405,18,12,70432.69,5,5,5,Champions
CUST01406,56,7,36372.32,4,4,3,Loyal Customers
CUST01407,67,2,31388.68,3,1,2,Standard / Hibernating
CUST01408,163,7,52682.8,2,4,4,Loyal Customers
CUST01409,127,5,42411.200000000004,2,2,4,Standard / Hibernating
CUST01410,184,5,34676.810000000005,2,2,3,Standard / Hibernating
CUST01411,195,4,17194.94,2,1,1,Standard / Hibernating
CUST01412,635,1,2162.25,1,1,1,Standard / Hibernating
CUST01413,54,10,62894.130000000005,4,5,5,Champions
CUST01414,153,3,22136.940000000002,2,1,1,Standard / Hibernating
CUST01415,62,4,22346.48,4,1,1,Standard / Hibernating
CUST01416,116,5,30140.93,2,2,2,Standard / Hibernating
CUST01417,112,6,20783.27,3,3,1,Standard / Hibernating
CUST01418,286,4,31387.6,1,1,2,Standard / Hibernating
CUST01419,138,6,34405.29,2,3,3,Loyal Customers
CUST01420,109,4,42952.36,3,1,4,Standard / Hibernating
CUST01421,109,8,58780.52,3,5,5,Loyal Customers
CUST01422,76,3,16278.76,3,1,1,Standard / Hibernating
CUST01423,160,3,18396.41,2,1,1,Standard / Hibernating
CUST01424,33,6,36101.94,4,3,3,Loyal Customers
CUST01425,500,2,7838.370000000001,1,1,1,Standard / Hibernating
CUST01426,76,6,28202.86,3,3,2,Standard / Hibernating
CUST01427,157,3,33460.27,2,1,3,Standard / Hibernating
CUST01428,103,8,56152.33,3,5,5,Loyal Customers
CUST01429,90,5,29975.16,3,2,2,Standard / Hibernating
CUST01430,28,7,29492.839999999997,5,4,2,Standard / Hibernating
CUST01431,138,4,16218.619999999999,2,1,1,Standard / Hibernating
CUST01432,62,8,56992.56,4,5,5,Champions
CUST01433,152,5,36193.14,2,2,3,Standard / Hibernating
CUST01434,523,4,40248.66,1,1,3,Standard / Hibernating
CUST01435,75,7,38099.54,3,4,3,Loyal Customers
CUST01436,151,5,60177.37,2,2,5,Standard / Hibernating
CUST01437,58,6,35891.66,4,3,3,Loyal Customers
CUST01438,206,8,69006.49,1,5,5,Loyal Customers
CUST01439,76,11,65192.78,3,5,5,Loyal Customers
CUST01440,239,7,38955.57,1,4,3,Loyal Customers
CUST01441,108,8,41087.37,3,5,3,Loyal Customers
CUST01442,15,8,48971.94,5,5,4,Champions
CUST01443,237,6,35216.4,1,3,3,Loyal Customers
CUST01444,33,8,37588.28,4,5,3,Loyal Customers
CUST01445,20,5,27437.54,5,2,2,Standard / Hibernating
CUST01446,316,3,18021.51,1,1,1,Standard / Hibernating
CUST01447,113,4,35020.97,3,1,3,Standard / Hibernating
CUST01448,8,5,27647.15,5,2,2,Standard / Hibernating
CUST01449,6,5,36959.11,5,2,3,Standard / Hibernating
CUST01450,4,4,29105.28,5,1,2,Standard / Hibernating
CUST01451,56,9,60521.55,4,5,5,Champions
CUST01452,222,7,32256.94,1,4,3,Loyal Customers
CUST01453,304,5,23532.0,1,2,2,Standard / Hibernating
CUST01454,162,5,23442.35,2,2,2,Standard / Hibernating
CUST01455,31,8,28742.12,4,5,2,Standard / Hibernating
CUST01456,26,10,63480.0,5,5,5,Champions
CUST01457,113,6,31190.57,3,3,2,Standard / Hibernating
CUST01458,4,6,53643.45,5,3,4,Loyal Customers
CUST01459,695,1,4565.31,1,1,1,Standard / Hibernating
CUST01460,8,6,44872.58,5,3,4,Loyal Customers
CUST01461,65,7,62655.01000000001,3,4,5,Loyal Customers
CUST01462,280,6,25364.21,1,3,2,At Risk
CUST01463,21,10,69743.18,5,5,5,Champions
CUST01464,192,8,28412.05,2,5,2,At Risk
CUST01465,174,5,36103.69,2,2,3,Standard / Hibernating
CUST01466,111,5,48268.689999999995,3,2,4,Standard / Hibernating
CUST01467,214,3,21896.5,1,1,1,Standard / Hibernating
CUST01468,92,8,89897.03,3,5,5,Loyal Customers
CUST01469,22,6,49559.68,5,3,4,Loyal Customers
CUST01470,131,4,26491.83,2,1,2,Standard / Hibernating
CUST01471,42,7,39346.71,4,4,3,Loyal Customers
CUST01472,91,2,13816.01,3,1,1,Standard / Hibernating
CUST01473,333,4,34000.88,1,1,3,Standard / Hibernating
CUST01474,8,6,30334.89,5,3,2,Standard / Hibernating
CUST01475,79,6,27992.02,3,3,2,Standard / Hibernating
CUST01476,118,5,27963.16,2,2,2,Standard / Hibernating
CUST01477,32,5,26866.9,4,2,2,Standard / Hibernating
CUST01478,62,6,42200.37,4,3,4,Loyal Customers
CUST01479,114,7,55851.92,3,4,5,Loyal Customers
CUST01480,47,6,39752.8,4,3,3,Loyal Customers
CUST01481,197,6,44196.82,2,3,4,Loyal Customers
CUST01482,62,7,31175.23,4,4,2,Standard / Hibernating
CUST01483,99,7,31581.11,3,4,2,Standard / Hibernating
CUST01484,63,3,21926.46,4,1,1,Standard / Hibernating
CUST01485,27,6,43943.2,5,3,4,Loyal Customers
CUST01486,140,8,45609.21,2,5,4,Loyal Customers
CUST01487,115,4,35263.130000000005,3,1,3,Standard / Hibernating
CUST01488,50,8,74158.81,4,5,5,Champions
CUST01489,4,6,37920.34,5,3,3,Loyal Customers
CUST01490,200,4,28894.36,1,1,2,Standard / Hibernating
CUST01491,29,7,41975.07,5,4,4,Champions
CUST01492,20,3,14056.41,5,1,1,Standard / Hibernating
CUST01493,138,5,19611.85,2,2,1,Standard / Hibernating
CUST01494,162,3,37394.68,2,1,3,Standard / Hibernating
CUST01495,42,5,41149.55,4,2,3,Standard / Hibernating
CUST01496,150,4,20213.74,2,1,1,Standard / Hibernating
CUST01497,51,9,43896.49,4,5,4,Champions
CUST01498,351,4,23863.370000000003,1,1,2,Standard / Hibernating
CUST01499,50,6,34600.69,4,3,3,Loyal Customers
CUST01500,69,5,64142.350000000006,3,2,5,Standard / Hibernating
CUST01501,222,5,21624.98,1,2,1,Standard / Hibernating
CUST01502,5,7,61348.96000000001,5,4,5,Champions
CUST01503,92,9,52125.14,3,5,4,Loyal Customers
CUST01504,41,9,66935.44,4,5,5,Champions
CUST01505,271,4,15813.07,1,1,1,Standard / Hibernating
CUST01506,18,4,15346.41,5,1,1,Standard / Hibernating
CUST01507,62,8,77794.03,4,5,5,Champions
CUST01508,154,5,36702.61,2,2,3,Standard / Hibernating
CUST01509,70,4,22150.219999999998,3,1,1,Standard / Hibernating
CUST01510,301,4,12237.98,1,1,1,Standard / Hibernating
CUST01511,55,5,27557.59,4,2,2,Standard / Hibernating
CUST01512,123,6,65883.58,2,3,5,Loyal Customers
CUST01513,150,6,31400.879999999997,2,3,2,At Risk
CUST01514,38,7,18139.39,4,4,1,Standard / Hibernating
CUST01515,272,6,18830.9,1,3,1,At Risk
CUST01516,82,6,43626.66,3,3,4,Loyal Customers
CUST01517,338,9,41988.369999999995,1,5,4,Loyal Customers
CUST01518,117,6,48598.61,2,3,4,Loyal Customers
CUST01519,99,4,32529.6,3,1,3,Standard / Hibernating
CUST01520,3,8,59426.44,5,5,5,Champions
CUST01521,400,4,25919.379999999997,1,1,2,Standard / Hibernating
CUST01522,338,4,38897.19,1,1,3,Standard / Hibernating
CUST01523,21,6,39901.8,5,3,3,Loyal Customers
CUST01524,15,8,35426.06,5,5,3,Loyal Customers
CUST01525,87,4,12433.74,3,1,1,Standard / Hibernating
CUST01526,155,10,76365.87,2,5,5,Loyal Customers
CUST01527,272,2,11698.94,1,1,1,Standard / Hibernating
CUST01528,34,10,59843.61,4,5,5,Champions
CUST01529,201,8,86625.17000000001,1,5,5,Loyal Customers
CUST01530,208,5,34976.14,1,2,3,Standard / Hibernating
CUST01531,49,6,38715.31,4,3,3,Loyal Customers
CUST01532,66,5,38295.33,3,2,3,Standard / Hibernating
CUST01533,259,3,21144.89,1,1,1,Standard / Hibernating
CUST01534,1,5,23381.71,5,2,2,Standard / Hibernating
CUST01535,264,5,30665.98,1,2,2,Standard / Hibernating
CUST01536,30,7,49288.34,4,4,4,Champions
CUST01537,7,6,67461.09,5,3,5,Loyal Customers
CUST01538,133,4,22225.85,2,1,1,Standard / Hibernating
CUST01539,73,4,21039.86,3,1,1,Standard / Hibernating
CUST01540,207,8,47049.36,1,5,4,Loyal Customers
CUST01541,55,7,44286.880000000005,4,4,4,Champions
CUST01542,79,6,38971.81,3,3,3,Loyal Customers
CUST01543,37,6,39422.53,4,3,3,Loyal Customers
CUST01544,104,7,68873.7,3,4,5,Loyal Customers
CUST01545,100,7,22765.25,3,4,2,Standard / Hibernating
CUST01546,7,7,47800.37,5,4,4,Champions
CUST01547,424,4,27903.760000000002,1,1,2,Standard / Hibernating
CUST01548,25,7,48823.23,5,4,4,Champions
CUST01549,112,5,19175.81,3,2,1,Standard / Hibernating
CUST01550,86,2,24749.68,3,1,2,Standard / Hibernating
CUST01551,277,4,27708.37,1,1,2,Standard / Hibernating
CUST01552,32,14,72564.77,4,5,5,Champions
CUST01553,5,8,53958.479999999996,5,5,4,Champions
CUST01554,101,4,18486.55,3,1,1,Standard / Hibernating
CUST01555,181,5,29644.82,2,2,2,Standard / Hibernating
CUST01556,58,4,28533.77,4,1,2,Standard / Hibernating
CUST01557,7,4,21925.94,5,1,1,Standard / Hibernating
CUST01558,86,5,13409.4,3,2,1,Standard / Hibernating
CUST01559,172,8,62985.990000000005,2,5,5,Loyal Customers
CUST01560,116,7,41118.91,2,4,3,Loyal Customers
CUST01561,10,10,65115.29,5,5,5,Champions
CUST01562,219,6,49242.7,1,3,4,Loyal Customers
CUST01563,53,8,36927.05,4,5,3,Loyal Customers
CUST01564,5,11,56313.69,5,5,5,Champions
CUST01565,41,7,48733.85,4,4,4,Champions
CUST01566,28,6,31189.879999999997,5,3,2,Standard / Hibernating
CUST01567,31,5,26310.97,4,2,2,Standard / Hibernating
CUST01568,32,8,41282.95,4,5,3,Loyal Customers
CUST01569,59,11,59770.4,4,5,5,Champions
CUST01570,161,4,29313.829999999998,2,1,2,Standard / Hibernating
CUST01571,261,5,34631.07,1,2,3,Standard / Hibernating
CUST01572,304,5,35397.22,1,2,3,Standard / Hibernating
CUST01573,15,4,22992.27,5,1,2,Standard / Hibernating
CUST01574,152,4,20724.31,2,1,1,Standard / Hibernating
CUST01575,19,3,36343.91,5,1,3,Standard / Hibernating
CUST01576,36,6,91882.73000000001,4,3,5,Loyal Customers
CUST01577,191,7,52981.71,2,4,4,Loyal Customers
CUST01578,97,4,10886.76,3,1,1,Standard / Hibernating
CUST01579,105,8,57290.37,3,5,5,Loyal Customers
CUST01580,22,10,63374.82,5,5,5,Champions
CUST01581,2,8,56392.41,5,5,5,Champions
CUST01582,131,7,54484.42,2,4,4,Loyal Customers
CUST01583,262,4,19100.54,1,1,1,Standard / Hibernating
CUST01584,235,8,69667.91,1,5,5,Loyal Customers
CUST01585,285,6,44768.020000000004,1,3,4,Loyal Customers
CUST01586,5,8,37363.7,5,5,3,Loyal Customers
CUST01587,70,4,32348.810000000005,3,1,3,Standard / Hibernating
CUST01588,73,7,48718.020000000004,3,4,4,Loyal Customers
CUST01589,164,5,24238.38,2,2,2,Standard / Hibernating
CUST01590,126,3,21115.489999999998,2,1,1,Standard / Hibernating
CUST01591,77,6,52022.46000000001,3,3,4,Loyal Customers
CUST01592,183,5,66801.42,2,2,5,Standard / Hibernating
CUST01593,116,7,36372.69,2,4,3,Loyal Customers
CUST01594,102,7,73199.81,3,4,5,Loyal Customers
CUST01595,118,6,38115.76,2,3,3,Loyal Customers
CUST01596,411,2,5480.95,1,1,1,Standard / Hibernating
CUST01597,163,6,29103.57,2,3,2,At Risk
CUST01598,259,7,65958.72,1,4,5,Loyal Customers
CUST01599,154,4,28999.46,2,1,2,Standard / Hibernating
CUST01600,119,7,48027.42,2,4,4,Loyal Customers
CUST01601,1,7,88488.25,5,4,5,Champions
CUST01602,55,10,67054.99,4,5,5,Champions
CUST01603,64,5,46677.33,4,2,4,Standard / Hibernating
CUST01604,233,7,51751.020000000004,1,4,4,Loyal Customers
CUST01605,100,5,30786.260000000002,3,2,2,Standard / Hibernating
CUST01606,62,7,48747.79,4,4,4,Champions
CUST01607,61,5,40638.41,4,2,3,Standard / Hibernating
CUST01608,104,9,34852.98,3,5,3,Loyal Customers
CUST01609,230,4,23307.31,1,1,2,Standard / Hibernating
CUST01610,148,6,40217.82,2,3,3,Loyal Customers
CUST01611,238,7,49124.22,1,4,4,Loyal Customers
CUST01612,10,5,22586.25,5,2,1,Standard / Hibernating
CUST01613,41,6,30694.35,4,3,2,Standard / Hibernating
CUST01614,233,5,57489.990000000005,1,2,5,Standard / Hibernating
CUST01615,1,5,28819.21,5,2,2,Standard / Hibernating
CUST01616,124,5,27871.47,2,2,2,Standard / Hibernating
CUST01617,122,2,11713.9,2,1,1,Standard / Hibernating
CUST01618,84,7,42800.42,3,4,4,Loyal Customers
CUST01619,8,5,30515.63,5,2,2,Standard / Hibernating
CUST01620,93,5,31852.54,3,2,3,Standard / Hibernating
CUST01621,105,11,95154.52,3,5,5,Loyal Customers
CUST01622,4,9,84102.18,5,5,5,Champions
CUST01623,17,7,49798.61,5,4,4,Champions
CUST01624,71,6,32331.57,3,3,3,Loyal Customers
CUST01625,212,6,53792.66,1,3,4,Loyal Customers
CUST01626,190,3,25440.510000000002,2,1,2,Standard / Hibernating
CUST01627,126,6,34374.1,2,3,3,Loyal Customers
CUST01628,171,5,22586.2,2,2,1,Standard / Hibernating
CUST01629,165,10,64620.28,2,5,5,Loyal Customers
CUST01630,314,4,13754.85,1,1,1,Standard / Hibernating
CUST01631,40,7,40277.8,4,4,3,Loyal Customers
CUST01632,57,7,48056.86,4,4,4,Champions
CUST01633,6,8,40545.770000000004,5,5,3,Loyal Customers
CUST01634,316,5,37048.69,1,2,3,Standard / Hibernating
CUST01635,281,7,55581.46,1,4,5,Loyal Customers
CUST01636,35,7,28261.92,4,4,2,Standard / Hibernating
CUST01637,232,4,15241.67,1,1,1,Standard / Hibernating
CUST01638,51,9,58897.70999999999,4,5,5,Champions
CUST01639,2,8,64126.85,5,5,5,Champions
CUST01640,75,6,24777.79,3,3,2,Standard / Hibernating
CUST01641,186,7,41644.04,2,4,4,Loyal Customers
CUST01642,297,9,84973.21,1,5,5,Loyal Customers
CUST01643,3,6,24687.85,5,3,2,Standard / Hibernating
CUST01644,309,6,37019.34,1,3,3,Loyal Customers
CUST01645,275,6,31672.4,1,3,2,At Risk
CUST01646,63,7,34509.31,4,4,3,Loyal Customers
CUST01647,80,5,45685.520000000004,3,2,4,Standard / Hibernating
CUST01648,138,6,45474.04,2,3,4,Loyal Customers
CUST01649,33,7,51301.41,4,4,4,Champions
CUST01650,105,5,49739.590000000004,3,2,4,Standard / Hibernating
CUST01651,54,5,34436.56,4,2,3,Standard / Hibernating
CUST01652,186,7,30620.350000000002,2,4,2,At Risk
CUST01653,69,4,23667.75,3,1,2,Standard / Hibernating
CUST01654,14,8,40651.06,5,5,3,Loyal Customers
CUST01655,60,6,43130.97,4,3,4,Loyal Customers
CUST01656,96,7,74099.21,3,4,5,Loyal Customers
CUST01657,50,4,17780.12,4,1,1,Standard / Hibernating
CUST01658,128,8,53583.880000000005,2,5,4,Loyal Customers
CUST01659,173,8,63105.630000000005,2,5,5,Loyal Customers
CUST01660,120,5,36869.340000000004,2,2,3,Standard / Hibernating
CUST01661,61,6,34661.28,4,3,3,Loyal Customers
CUST01662,59,6,30935.199999999997,4,3,2,Standard / Hibernating
CUST01663,112,11,56975.99,3,5,5,Loyal Customers
CUST01664,48,8,48446.770000000004,4,5,4,Champions
CUST01665,142,5,21985.45,2,2,1,Standard / Hibernating
CUST01666,212,3,12884.93,1,1,1,Standard / Hibernating
CUST01667,152,10,64920.33,2,5,5,Loyal Customers
CUST01668,524,1,3784.34,1,1,1,Standard / Hibernating
CUST01669,132,2,13185.890000000001,2,1,1,Standard / Hibernating
CUST01670,96,7,56933.17,3,4,5,Loyal Customers
CUST01671,135,6,41208.46,2,3,3,Loyal Customers
CUST01672,49,4,51362.590000000004,4,1,4,Standard / Hibernating
CUST01673,47,9,73287.04000000001,4,5,5,Champions
CUST01674,214,3,15572.220000000001,1,1,1,Standard / Hibernating
CUST01675,186,6,69053.77,2,3,5,Loyal Customers
CUST01676,54,10,56286.65,4,5,5,Champions
CUST01677,356,5,29074.59,1,2,2,Standard / Hibernating
CUST01678,26,6,70074.76000000001,5,3,5,Loyal Customers
CUST01679,167,4,15783.06,2,1,1,Standard / Hibernating
CUST01680,122,4,21324.66,2,1,1,Standard / Hibernating
CUST01681,3,6,56827.53,5,3,5,Loyal Customers
CUST01682,13,3,12644.619999999999,5,1,1,Standard / Hibernating
CUST01683,372,1,1501.33,1,1,1,Standard / Hibernating
CUST01684,10,9,41582.369999999995,5,5,3,Loyal Customers
CUST01685,345,3,13260.38,1,1,1,Standard / Hibernating
CUST01686,66,4,22105.559999999998,3,1,1,Standard / Hibernating
CUST01687,101,3,23188.15,3,1,2,Standard / Hibernating
CUST01688,24,9,39478.35,5,5,3,Loyal Customers
CUST01689,150,4,31447.200000000004,2,1,2,Standard / Hibernating
CUST01690,18,7,49889.64,5,4,4,Champions
CUST01691,38,4,29344.510000000002,4,1,2,Standard / Hibernating
CUST01692,237,5,39933.08,1,2,3,Standard / Hibernating
CUST01693,121,5,24012.47,2,2,2,Standard / Hibernating
CUST01694,140,3,14190.98,2,1,1,Standard / Hibernating
CUST01695,4,4,13334.849999999999,5,1,1,Standard / Hibernating
CUST01696,277,5,43853.12,1,2,4,Standard / Hibernating
CUST01697,109,2,13816.61,3,1,1,Standard / Hibernating
CUST01698,107,6,43416.43,3,3,4,Loyal Customers
CUST01699,54,5,53659.71,4,2,4,Standard / Hibernating
CUST01700,2,5,27031.96,5,2,2,Standard / Hibernating
CUST01701,279,4,23127.670000000002,1,1,2,Standard / Hibernating
CUST01702,8,6,40292.28,5,3,3,Loyal Customers
CUST01703,91,7,53298.52,3,4,4,Loyal Customers
CUST01704,6,10,34222.369999999995,5,5,3,Loyal Customers
CUST01705,110,5,40037.64,3,2,3,Standard / Hibernating
CUST01706,82,2,5479.87,3,1,1,Standard / Hibernating
CUST01707,379,5,27512.52,1,2,2,Standard / Hibernating
CUST01708,78,7,59561.5,3,4,5,Loyal Customers
CUST01709,84,11,64410.57,3,5,5,Loyal Customers
CUST01710,433,3,37860.41,1,1,3,Standard / Hibernating
CUST01711,114,5,24042.12,3,2,2,Standard / Hibernating
CUST01712,147,6,32542.99,2,3,3,Loyal Customers
CUST01713,112,7,44014.76,3,4,4,Loyal Customers
CUST01714,14,5,29284.8,5,2,2,Standard / Hibernating
CUST01715,129,11,87599.75,2,5,5,Loyal Customers
CUST01716,22,11,67787.97,5,5,5,Champions
CUST01717,29,7,55835.81,5,4,5,Champions
CUST01718,45,7,38579.72,4,4,3,Loyal Customers
CUST01719,113,2,5826.36,3,1,1,Standard / Hibernating
CUST01720,43,9,62849.75,4,5,5,Champions
CUST01721,250,4,28353.640000000003,1,1,2,Standard / Hibernating
CUST01722,284,4,28654.57,1,1,2,Standard / Hibernating
CUST01723,116,4,49979.68,2,1,4,Standard / Hibernating
CUST01724,13,6,45398.9,5,3,4,Loyal Customers
CUST01725,94,10,57487.16,3,5,5,Loyal Customers
CUST01726,259,2,23397.88,1,1,2,Standard / Hibernating
CUST01727,446,2,14116.4,1,1,1,Standard / Hibernating
CUST01728,37,4,26581.91,4,1,2,Standard / Hibernating
CUST01729,16,7,56661.7,5,4,5,Champions
CUST01730,28,7,38189.65,5,4,3,Loyal Customers
CUST01731,186,5,39420.78,2,2,3,Standard / Hibernating
CUST01732,135,9,47544.53,2,5,4,Loyal Customers
CUST01733,36,6,30740.57,4,3,2,Standard / Hibernating
CUST01734,138,6,37363.479999999996,2,3,3,Loyal Customers
CUST01735,228,4,27918.670000000002,1,1,2,Standard / Hibernating
CUST01736,208,2,14310.54,1,1,1,Standard / Hibernating
CUST01737,69,6,53118.83,3,3,4,Loyal Customers
CUST01738,40,8,69983.24,4,5,5,Champions
CUST01739,79,5,28188.47,3,2,2,Standard / Hibernating
CUST01740,83,4,21414.66,3,1,1,Standard / Hibernating
CUST01741,55,4,24554.43,4,1,2,Standard / Hibernating
CUST01742,75,5,35442.76,3,2,3,Standard / Hibernating
CUST01743,27,6,24117.57,5,3,2,Standard / Hibernating
CUST01744,267,4,23127.4,1,1,2,Standard / Hibernating
CUST01745,31,4,33413.96,4,1,3,Standard / Hibernating
CUST01746,353,5,18981.7,1,2,1,Standard / Hibernating
CUST01747,80,4,42996.91,3,1,4,Standard / Hibernating
CUST01748,117,6,29763.58,2,3,2,At Risk
CUST01749,105,5,31266.839999999997,3,2,2,Standard / Hibernating
CUST01750,154,9,86788.83,2,5,5,Loyal Customers
CUST01751,228,6,44513.28,1,3,4,Loyal Customers
CUST01752,103,5,38611.8,3,2,3,Standard / Hibernating
CUST01753,18,4,26070.690000000002,5,1,2,Standard / Hibernating
CUST01754,24,5,40277.4,5,2,3,Standard / Hibernating
CUST01755,50,6,37800.200000000004,4,3,3,Loyal Customers
CUST01756,257,6,52698.32,1,3,4,Loyal Customers
CUST01757,202,4,17780.03,1,1,1,Standard / Hibernating
CUST01758,72,3,18952.739999999998,3,1,1,Standard / Hibernating
CUST01759,121,5,35292.119999999995,2,2,3,Standard / Hibernating
CUST01760,67,6,28052.76,3,3,2,Standard / Hibernating
CUST01761,15,6,49619.33,5,3,4,Loyal Customers
CUST01762,171,5,51166.26,2,2,4,Standard / Hibernating
CUST01763,399,4,30336.78,1,1,2,Standard / Hibernating
CUST01764,62,3,25230.78,4,1,2,Standard / Hibernating
CUST01765,42,7,45984.62,4,4,4,Champions
CUST01766,31,5,25559.64,4,2,2,Standard / Hibernating
CUST01767,92,5,21820.32,3,2,1,Standard / Hibernating
CUST01768,121,5,22270.43,2,2,1,Standard / Hibernating
CUST01769,251,5,20979.19,1,2,1,Standard / Hibernating
CUST01770,6,5,28594.03,5,2,2,Standard / Hibernating
CUST01771,55,8,40094.88,4,5,3,Loyal Customers
CUST01772,13,5,26986.399999999998,5,2,2,Standard / Hibernating
CUST01773,87,6,20813.29,3,3,1,Standard / Hibernating
CUST01774,37,8,79774.73,4,5,5,Champions
CUST01775,76,6,24086.99,3,3,2,Standard / Hibernating
CUST01776,213,5,51392.33,1,2,4,Standard / Hibernating
CUST01777,30,4,41750.33,4,1,4,Standard / Hibernating
CUST01778,273,2,8800.17,1,1,1,Standard / Hibernating
CUST01779,27,10,67174.66,5,5,5,Champions
CUST01780,444,3,12838.82,1,1,1,Standard / Hibernating
CUST01781,22,6,32512.84,5,3,3,Loyal Customers
CUST01782,31,14,114631.35,4,5,5,Champions
CUST01783,23,5,47516.65,5,2,4,Standard / Hibernating
CUST01784,4,7,43746.79,5,4,4,Champions
CUST01785,36,10,42363.81,4,5,4,Champions
CUST01786,43,6,44347.9,4,3,4,Loyal Customers
CUST01787,125,9,60176.22,2,5,5,Loyal Customers
CUST01788,46,5,58962.0,4,2,5,Standard / Hibernating
CUST01789,143,8,45699.15,2,5,4,Loyal Customers
CUST01790,22,6,44572.759999999995,5,3,4,Loyal Customers
CUST01791,65,4,21790.77,3,1,1,Standard / Hibernating
CUST01792,46,8,50563.79,4,5,4,Champions
CUST01793,145,4,18426.440000000002,2,1,1,Standard / Hibernating
CUST01794,153,5,22556.18,2,2,1,Standard / Hibernating
CUST01795,81,6,32722.64,3,3,3,Loyal Customers
CUST01796,329,5,28323.59,1,2,2,Standard / Hibernating
CUST01797,214,5,29465.010000000002,1,2,2,Standard / Hibernating
CUST01798,92,4,34075.94,3,1,3,Standard / Hibernating
CUST01799,70,7,25033.47,3,4,2,Standard / Hibernating
CUST01800,119,7,60672.990000000005,2,4,5,Loyal Customers
CUST01801,157,8,69067.14,2,5,5,Loyal Customers
CUST01802,73,6,65899.18000000001,3,3,5,Loyal Customers
CUST01803,138,5,46886.26,2,2,4,Standard / Hibernating
CUST01804,14,5,36868.46,5,2,3,Standard / Hibernating
CUST01805,160,4,24148.750000000004,2,1,2,Standard / Hibernating
CUST01806,27,7,65582.73,5,4,5,Champions
CUST01807,34,10,71650.89,4,5,5,Champions
CUST01808,102,8,71381.23999999999,3,5,5,Loyal Customers
CUST01809,7,4,42606.53,5,1,4,Standard / Hibernating
CUST01810,2,6,26881.14,5,3,2,Standard / Hibernating
CUST01811,101,4,21310.17,3,1,1,Standard / Hibernating
CUST01812,4,6,45234.93,5,3,4,Loyal Customers
CUST01813,114,10,59650.979999999996,3,5,5,Loyal Customers
CUST01814,16,3,16834.98,5,1,1,Standard / Hibernating
CUST01815,78,5,34000.55,3,2,3,Standard / Hibernating
CUST01816,587,2,16880.02,1,1,1,Standard / Hibernating
CUST01817,71,8,41929.42,3,5,4,Loyal Customers
CUST01818,304,4,23728.18,1,1,2,Standard / Hibernating
CUST01819,96,6,38446.06,3,3,3,Loyal Customers
CUST01820,41,5,28443.27,4,2,2,Standard / Hibernating
CUST01821,81,8,52891.42,3,5,4,Loyal Customers
CUST01822,83,7,48657.100000000006,3,4,4,Loyal Customers
CUST01823,85,7,29446.519999999997,3,4,2,Standard / Hibernating
CUST01824,240,2,16219.7,1,1,1,Standard / Hibernating
CUST01825,126,5,23140.9,2,2,2,Standard / Hibernating
CUST01826,53,3,17810.7,4,1,1,Standard / Hibernating
CUST01827,199,5,37094.36,2,2,3,Standard / Hibernating
CUST01828,6,5,36102.59,5,2,3,Standard / Hibernating
CUST01829,302,4,26100.7,1,1,2,Standard / Hibernating
CUST01830,79,5,17118.25,3,2,1,Standard / Hibernating
CUST01831,24,6,22600.760000000002,5,3,1,Standard / Hibernating
CUST01832,203,5,40879.11,1,2,3,Standard / Hibernating
CUST01833,14,5,32408.25,5,2,3,Standard / Hibernating
CUST01834,200,9,70119.51,1,5,5,Loyal Customers
CUST01835,15,8,71937.02,5,5,5,Champions
CUST01836,258,1,3303.66,1,1,1,Standard / Hibernating
CUST01837,119,3,36283.46,2,1,3,Standard / Hibernating
CUST01838,74,10,53505.01,3,5,4,Loyal Customers
CUST01839,3,6,45354.64,5,3,4,Loyal Customers
CUST01840,52,6,37844.729999999996,4,3,3,Loyal Customers
CUST01841,251,6,30920.83,1,3,2,At Risk
CUST01842,140,4,13664.25,2,1,1,Standard / Hibernating
CUST01843,88,6,45279.19,3,3,4,Loyal Customers
CUST01844,461,3,19297.56,1,1,1,Standard / Hibernating
CUST01845,21,6,58029.56,5,3,5,Loyal Customers
CUST01846,43,5,25980.51,4,2,2,Standard / Hibernating
CUST01847,80,8,82419.99,3,5,5,Loyal Customers
CUST01848,21,8,49859.35,5,5,4,Champions
CUST01849,512,1,2973.29,1,1,1,Standard / Hibernating
CUST01850,363,5,38866.68,1,2,3,Standard / Hibernating
CUST01851,341,3,11712.1,1,1,1,Standard / Hibernating
CUST01852,1,7,58359.94,5,4,5,Champions
CUST01853,107,6,46946.51,3,3,4,Loyal Customers
CUST01854,113,2,17571.47,3,1,1,Standard / Hibernating
CUST01855,515,2,10977.38,1,1,1,Standard / Hibernating
CUST01856,226,2,18502.19,1,1,1,Standard / Hibernating
CUST01857,5,7,33804.19,5,4,3,Loyal Customers
CUST01858,300,8,44241.96,1,5,4,Loyal Customers
CUST01859,128,8,34704.47,2,5,3,Loyal Customers
CUST01860,17,6,30530.35,5,3,2,Standard / Hibernating
CUST01861,57,8,62760.72,4,5,5,Champions
CUST01862,98,6,34465.380000000005,3,3,3,Loyal Customers
CUST01863,182,7,42515.08,2,4,4,Loyal Customers
CUST01864,6,12,69334.72,5,5,5,Champions
CUST01865,72,10,58209.57,3,5,5,Loyal Customers
CUST01866,416,4,56168.19,1,1,5,Standard / Hibernating
CUST01867,61,5,22390.4,4,2,1,Standard / Hibernating
CUST01868,15,7,32286.66,5,4,3,Loyal Customers
CUST01869,28,8,54846.03,5,5,5,Champions
CUST01870,102,2,12314.07,3,1,1,Standard / Hibernating
CUST01871,35,3,15498.27,4,1,1,Standard / Hibernating
CUST01872,271,5,38235.44,1,2,3,Standard / Hibernating
CUST01873,115,11,94327.29000000001,3,5,5,Loyal Customers
CUST01874,149,5,27030.88,2,2,2,Standard / Hibernating
CUST01875,84,7,48581.880000000005,3,4,4,Loyal Customers
CUST01876,73,5,30425.68,3,2,2,Standard / Hibernating
CUST01877,204,6,36282.47,1,3,3,Loyal Customers
CUST01878,18,8,58149.34,5,5,5,Champions
CUST01879,23,9,48477.29,5,5,4,Champions
CUST01880,30,9,40920.74,4,5,3,Loyal Customers
CUST01881,63,9,54559.130000000005,4,5,4,Champions
CUST01882,89,6,18290.14,3,3,1,Standard / Hibernating
CUST01883,112,6,37259.04,3,3,3,Loyal Customers
CUST01884,80,8,34928.19,3,5,3,Loyal Customers
CUST01885,38,7,44227.91,4,4,4,Champions
CUST01886,31,5,28068.37,4,2,2,Standard / Hibernating
CUST01887,22,6,39301.61,5,3,3,Loyal Customers
CUST01888,1,8,57639.09,5,5,5,Champions
CUST01889,5,7,30965.87,5,4,2,Standard / Hibernating
CUST01890,2,10,79505.86,5,5,5,Champions
CUST01891,78,8,84042.66,3,5,5,Loyal Customers
CUST01892,146,7,31686.84,2,4,2,At Risk
CUST01893,157,6,32168.04,2,3,3,Loyal Customers
CUST01894,63,7,54726.11,4,4,5,Champions
CUST01895,2,6,42786.1,5,3,4,Loyal Customers
CUST01896,87,7,53042.06,3,4,4,Loyal Customers
CUST01897,103,8,41523.35,3,5,3,Loyal Customers
CUST01898,121,7,60793.630000000005,2,4,5,Loyal Customers
CUST01899,321,5,24328.480000000003,1,2,2,Standard / Hibernating
CUST01900,20,7,44241.35,5,4,4,Champions
CUST01901,43,5,25154.05,4,2,2,Standard / Hibernating
CUST01902,34,11,89101.73000000001,4,5,5,Champions
CUST01903,75,8,52081.520000000004,3,5,4,Loyal Customers
CUST01904,275,2,11698.93,1,1,1,Standard / Hibernating
CUST01905,62,7,40277.41,4,4,3,Loyal Customers
CUST01906,3,9,47484.84,5,5,4,Champions
CUST01907,142,5,26145.81,2,2,2,Standard / Hibernating
CUST01908,150,5,31897.05,2,2,3,Standard / Hibernating
CUST01909,105,10,55984.909999999996,3,5,5,Loyal Customers
CUST01910,292,7,24327.36,1,4,2,At Risk
CUST01911,227,7,60883.69,1,4,5,Loyal Customers
CUST01912,9,9,58990.18,5,5,5,Champions
CUST01913,150,6,53900.51,2,3,4,Loyal Customers
CUST01914,215,7,60298.090000000004,1,4,5,Loyal Customers
CUST01915,62,5,29193.54,4,2,2,Standard / Hibernating
CUST01916,88,4,37665.12,3,1,3,Standard / Hibernating
CUST01917,18,7,30410.129999999997,5,4,2,Standard / Hibernating
CUST01918,24,12,49722.3,5,5,4,Champions
CUST01919,132,3,34842.51,2,1,3,Standard / Hibernating
CUST01920,2,4,26536.350000000002,5,1,2,Standard / Hibernating
CUST01921,58,4,21715.739999999998,4,1,1,Standard / Hibernating
CUST01922,22,13,101506.8,5,5,5,Champions
CUST01923,110,9,38684.07,3,5,3,Loyal Customers
CUST01924,56,5,27167.09,4,2,2,Standard / Hibernating
CUST01925,66,6,47336.350000000006,3,3,4,Loyal Customers
CUST01926,122,6,41989.62,2,3,4,Loyal Customers
CUST01927,5,5,28113.36,5,2,2,Standard / Hibernating
CUST01928,2,6,27812.27,5,3,2,Standard / Hibernating
CUST01929,42,5,15797.67,4,2,1,Standard / Hibernating
CUST01930,75,9,67235.96,3,5,5,Loyal Customers
CUST01931,468,4,26041.34,1,1,2,Standard / Hibernating
CUST01932,17,6,44212.399999999994,5,3,4,Loyal Customers
CUST01933,7,10,54498.95,5,5,4,Champions
CUST01934,169,7,46359.05,2,4,4,Loyal Customers
CUST01935,185,4,23307.31,2,1,2,Standard / Hibernating
CUST01936,382,3,14311.849999999999,1,1,1,Standard / Hibernating
CUST01937,84,2,11563.800000000001,3,1,1,Standard / Hibernating
CUST01938,42,3,31057.660000000003,4,1,2,Standard / Hibernating
CUST01939,85,8,51091.22,3,5,4,Loyal Customers
CUST01940,98,4,42110.91,3,1,4,Standard / Hibernating
CUST01941,104,4,31686.71,3,1,2,Standard / Hibernating
CUST01942,99,6,54846.66,3,3,5,Loyal Customers
CUST01943,388,4,20889.19,1,1,1,Standard / Hibernating
CUST01944,86,9,75494.86,3,5,5,Loyal Customers
CUST01945,17,6,34060.41,5,3,3,Loyal Customers
CUST01946,154,7,39706.65,2,4,3,Loyal Customers
CUST01947,136,6,19281.38,2,3,1,At Risk
CUST01948,1,4,24388.579999999998,5,1,2,Standard / Hibernating
CUST01949,98,3,18261.260000000002,3,1,1,Standard / Hibernating
CUST01950,300,3,16458.870000000003,1,1,1,Standard / Hibernating
CUST01951,48,3,17045.31,4,1,1,Standard / Hibernating
CUST01952,28,5,24928.77,5,2,2,Standard / Hibernating
CUST01953,79,9,59096.0,3,5,5,Loyal Customers
CUST01954,60,4,30577.07,4,1,2,Standard / Hibernating
CUST01955,273,6,15796.88,1,3,1,At Risk
CUST01956,10,4,22796.489999999998,5,1,2,Standard / Hibernating
CUST01957,4,6,46765.08,5,3,4,Loyal Customers
CUST01958,94,5,44798.87,3,2,4,Standard / Hibernating
CUST01959,281,4,29915.61,1,1,2,Standard / Hibernating
CUST01960,18,5,35022.29,5,2,3,Standard / Hibernating
CUST01961,156,6,49812.77,2,3,4,Loyal Customers
CUST01962,37,7,63465.619999999995,4,4,5,Champions
CUST01963,79,5,35487.32,3,2,3,Standard / Hibernating
CUST01964,75,8,58210.01,3,5,5,Loyal Customers
CUST01965,32,3,30036.910000000003,4,1,2,Standard / Hibernating
CUST01966,94,3,19702.690000000002,3,1,1,Standard / Hibernating
CUST01967,13,6,26069.7,5,3,2,Standard / Hibernating
CUST01968,98,6,28893.93,3,3,2,Standard / Hibernating
CUST01969,227,5,68348.32,1,2,5,Standard / Hibernating
CUST01970,344,3,24329.010000000002,1,1,2,Standard / Hibernating
CUST01971,128,5,40893.08,2,2,3,Standard / Hibernating
CUST01972,85,7,66995.8,3,4,5,Loyal Customers
CUST01973,205,5,36088.15,1,2,3,Standard / Hibernating
CUST01974,104,5,20618.65,3,2,1,Standard / Hibernating
CUST01975,240,10,66108.23999999999,1,5,5,Loyal Customers
CUST01976,34,5,53780.17,4,2,4,Standard / Hibernating
CUST01977,152,7,18454.87,2,4,1,At Risk
CUST01978,100,8,48476.55,3,5,4,Loyal Customers
CUST01979,104,6,47306.490000000005,3,3,4,Loyal Customers
CUST01980,176,9,68212.11,2,5,5,Loyal Customers
CUST01981,138,7,54770.75,2,4,5,Loyal Customers
CUST01982,29,6,34676.270000000004,5,3,3,Loyal Customers
CUST01983,66,4,16969.5,3,1,1,Standard / Hibernating
CUST01984,128,6,49333.96,2,3,4,Loyal Customers
CUST01985,124,6,21339.16,2,3,1,At Risk
CUST01986,113,5,38700.159999999996,3,2,3,Standard / Hibernating
CUST01987,58,6,37439.11,4,3,3,Loyal Customers
CUST01988,292,7,47171.82,1,4,4,Loyal Customers
CUST01989,431,3,8213.39,1,1,1,Standard / Hibernating
CUST01990,2,5,25333.6,5,2,2,Standard / Hibernating
CUST01991,78,7,46043.68,3,4,4,Loyal Customers
CUST01992,107,11,65086.63,3,5,5,Loyal Customers
CUST01993,136,6,64396.67,2,3,5,Loyal Customers
CUST01994,77,4,22826.57,3,1,2,Standard / Hibernating
CUST01995,133,7,29028.42,2,4,2,At Risk
CUST01996,105,8,31174.44,3,5,2,Standard / Hibernating
CUST01997,32,4,14776.759999999998,4,1,1,Standard / Hibernating
CUST01998,125,8,39586.46,2,5,3,Loyal Customers
CUST01999,74,7,38398.8,3,4,3,Loyal Customers
CUST02000,193,8,49048.01,2,5,4,Loyal Customers
CUST02001,317,5,34060.93,1,2,3,Standard / Hibernating
CUST02002,167,10,40155.340000000004,2,5,3,Loyal Customers
CUST02003,16,5,26341.09,5,2,2,Standard / Hibernating
CUST02004,124,6,37214.09,2,3,3,Loyal Customers
CUST02005,113,8,46765.81,3,5,4,Loyal Customers
CUST02006,19,9,48551.83,5,5,4,Champions
CUST02007,8,8,59650.14000000001,5,5,5,Champions
CUST02008,178,7,54019.57,2,4,4,Loyal Customers
CUST02009,159,7,38235.12,2,4,3,Loyal Customers
CUST02010,18,9,80600.21,5,5,5,Champions
CUST02011,318,6,63481.71,1,3,5,Loyal Customers
CUST02012,122,5,17569.09,2,2,1,Standard / Hibernating
CUST02013,7,5,25890.54,5,2,2,Standard / Hibernating
CUST02014,146,6,25739.66,2,3,2,At Risk
CUST02015,34,9,55279.84,4,5,5,Champions
CUST02016,115,5,15421.33,3,2,1,Standard / Hibernating
CUST02017,77,6,54726.5,3,3,5,Loyal Customers
CUST02018,147,3,9055.05,2,1,1,Standard / Hibernating
CUST02019,13,5,27452.46,5,2,2,Standard / Hibernating
CUST02020,76,5,42576.36,3,2,4,Standard / Hibernating
CUST02021,123,4,32137.82,2,1,3,Standard / Hibernating
CUST02022,123,4,18005.920000000002,2,1,1,Standard / Hibernating
CUST02023,207,5,21143.14,1,2,1,Standard / Hibernating
CUST02024,112,7,34300.2,3,4,3,Loyal Customers
CUST02025,26,5,24538.74,5,2,2,Standard / Hibernating
CUST02026,136,5,28398.15,2,2,2,Standard / Hibernating
CUST02027,123,7,54725.41,2,4,5,Loyal Customers
CUST02028,82,5,30094.19,3,2,2,Standard / Hibernating
CUST02029,139,4,34601.09,2,1,3,Standard / Hibernating
CUST02030,188,3,20004.07,2,1,1,Standard / Hibernating
CUST02031,26,7,50894.630000000005,5,4,4,Champions
CUST02032,61,8,44332.45,4,5,4,Champions
CUST02033,13,1,2567.74,5,1,1,Standard / Hibernating
CUST02034,47,7,51150.91,4,4,4,Champions
CUST02035,133,3,7778.28,2,1,1,Standard / Hibernating
CUST02036,134,5,33790.61,2,2,3,Standard / Hibernating
CUST02037,66,7,61017.98,3,4,5,Loyal Customers
CUST02038,220,6,34494.37,1,3,3,Loyal Customers
CUST02039,22,8,64607.380000000005,5,5,5,Champions
CUST02040,150,6,34479.9,2,3,3,Loyal Customers
CUST02041,13,8,54920.2,5,5,5,Champions
CUST02042,283,4,24043.66,1,1,2,Standard / Hibernating
CUST02043,8,6,38761.06,5,3,3,Loyal Customers
CUST02044,141,4,35713.16,2,1,3,Standard / Hibernating
CUST02045,138,5,30740.66,2,2,2,Standard / Hibernating
CUST02046,186,8,51855.59,2,5,4,Loyal Customers
CUST02047,177,6,35291.71,2,3,3,Loyal Customers
CUST02048,184,7,42064.12,2,4,4,Loyal Customers
CUST02049,225,2,12374.26,1,1,1,Standard / Hibernating
CUST02050,116,3,17029.66,2,1,1,Standard / Hibernating
CUST02051,192,6,44092.81,2,3,4,Loyal Customers
CUST02052,10,7,58044.89,5,4,5,Champions
CUST02053,391,8,52020.340000000004,1,5,4,Loyal Customers
CUST02054,92,7,41913.36,3,4,4,Loyal Customers
CUST02055,181,6,46060.28,2,3,4,Loyal Customers
CUST02056,149,8,58268.979999999996,2,5,5,Loyal Customers
CUST02057,13,5,37800.270000000004,5,2,3,Standard / Hibernating
CUST02058,12,6,14850.27,5,3,1,Standard / Hibernating
CUST02059,331,4,20769.57,1,1,1,Standard / Hibernating
CUST02060,261,3,6321.44,1,1,1,Standard / Hibernating
CUST02061,51,6,34225.560000000005,4,3,3,Loyal Customers
CUST02062,13,7,38983.56,5,4,3,Loyal Customers
CUST02063,163,5,36733.78,2,2,3,Standard / Hibernating
CUST02064,36,7,31657.0,4,4,2,Standard / Hibernating
CUST02065,31,7,42590.159999999996,4,4,4,Champions
CUST02066,522,3,20349.46,1,1,1,Standard / Hibernating
CUST02067,94,6,49709.47,3,3,4,Loyal Customers
CUST02068,364,1,2702.88,1,1,1,Standard / Hibernating
CUST02069,82,10,65311.94,3,5,5,Loyal Customers
CUST02070,36,6,33292.92,4,3,3,Loyal Customers
CUST02071,89,10,79339.66,3,5,5,Loyal Customers
CUST02072,217,6,42471.17,1,3,4,Loyal Customers
CUST02073,52,4,20783.420000000002,4,1,1,Standard / Hibernating
CUST02074,65,7,46118.17,3,4,4,Loyal Customers
CUST02075,132,3,18547.13,2,1,1,Standard / Hibernating
CUST02076,12,4,31147.39,5,1,2,Standard / Hibernating
CUST02077,357,3,18922.58,1,1,1,Standard / Hibernating
CUST02078,92,6,39315.36,3,3,3,Loyal Customers
CUST02079,140,3,17690.52,2,1,1,Standard / Hibernating
CUST02080,50,6,36088.1,4,3,3,Loyal Customers
CUST02081,172,10,51029.44,2,5,4,Loyal Customers
CUST02082,3,7,50415.37,5,4,4,Champions
CUST02083,29,7,48536.270000000004,5,4,4,Champions
CUST02084,21,5,31416.4,5,2,2,Standard / Hibernating
CUST02085,236,7,45474.05,1,4,4,Loyal Customers
CUST02086,14,10,94703.87,5,5,5,Champions
CUST02087,138,7,43431.270000000004,2,4,4,Loyal Customers
CUST02088,121,4,29269.88,2,1,2,Standard / Hibernating
CUST02089,143,6,41869.92,2,3,4,Loyal Customers
CUST02090,6,6,36613.740000000005,5,3,3,Loyal Customers
CUST02091,276,6,68677.9,1,3,5,Loyal Customers
CUST02092,71,3,22677.48,3,1,1,Standard / Hibernating
CUST02093,385,5,27782.300000000003,1,2,2,Standard / Hibernating
CUST02094,49,7,42890.58,4,4,4,Champions
CUST02095,141,6,59232.28,2,3,5,Loyal Customers
CUST02096,22,5,17509.84,5,2,1,Standard / Hibernating
CUST02097,210,6,33925.18,1,3,3,Loyal Customers
CUST02098,35,7,40486.93,4,4,3,Loyal Customers
CUST02099,24,10,66229.14,5,5,5,Champions
CUST02100,258,2,12074.39,1,1,1,Standard / Hibernating
CUST02101,137,3,22151.86,2,1,1,Standard / Hibernating
CUST02102,61,8,65343.44,4,5,5,Champions
CUST02103,189,4,48463.41,2,1,4,Standard / Hibernating
CUST02104,148,2,5871.4,2,1,1,Standard / Hibernating
CUST02105,324,3,24419.7,1,1,2,Standard / Hibernating
CUST02106,238,3,11412.91,1,1,1,Standard / Hibernating
CUST02107,109,4,29343.440000000002,3,1,2,Standard / Hibernating
CUST02108,1,4,13334.880000000001,5,1,1,Standard / Hibernating
CUST02109,33,7,40472.04,4,4,3,Loyal Customers
CUST02110,129,6,24703.45,2,3,2,At Risk
CUST02111,72,6,48929.57,3,3,4,Loyal Customers
CUST02112,99,6,32602.989999999998,3,3,3,Loyal Customers
CUST02113,55,5,21024.09,4,2,1,Standard / Hibernating
CUST02114,21,6,35757.11,5,3,3,Loyal Customers
CUST02115,14,8,43400.770000000004,5,5,4,Champions
CUST02116,77,5,29345.0,3,2,2,Standard / Hibernating
CUST02117,435,1,7133.62,1,1,1,Standard / Hibernating
CUST02118,51,3,17418.85,4,1,1,Standard / Hibernating
CUST02119,136,3,12103.86,2,1,1,Standard / Hibernating
CUST02120,125,5,27796.28,2,2,2,Standard / Hibernating
CUST02121,116,7,40381.29,2,4,3,Loyal Customers
CUST02122,80,7,49094.25,3,4,4,Loyal Customers
CUST02123,84,5,19011.61,3,2,1,Standard / Hibernating
CUST02124,258,6,51662.380000000005,1,3,4,Loyal Customers
CUST02125,28,4,17270.02,5,1,1,Standard / Hibernating
CUST02126,143,5,59441.87,2,2,5,Standard / Hibernating
CUST02127,53,8,42755.47,4,5,4,Champions
CUST02128,189,3,7793.360000000001,2,1,1,Standard / Hibernating
CUST02129,104,9,50474.91,3,5,4,Loyal Customers
CUST02130,30,6,61664.350000000006,4,3,5,Loyal Customers
CUST02131,61,6,21519.260000000002,4,3,1,Standard / Hibernating
CUST02132,1,6,66620.33,5,3,5,Loyal Customers
CUST02133,173,6,38506.39,2,3,3,Loyal Customers
CUST02134,43,6,42290.46,4,3,4,Loyal Customers
CUST02135,5,5,24808.41,5,2,2,Standard / Hibernating
CUST02136,36,7,44587.81,4,4,4,Champions
CUST02137,108,6,39331.76,3,3,3,Loyal Customers
CUST02138,30,10,73167.3,4,5,5,Champions
CUST02139,13,12,99269.83,5,5,5,Champions
CUST02140,23,7,50521.15,5,4,4,Champions
CUST02141,446,2,7507.87,1,1,1,Standard / Hibernating
CUST02142,3,4,29720.61,5,1,2,Standard / Hibernating
CUST02143,231,6,45895.31,1,3,4,Loyal Customers
CUST02144,39,7,82631.17000000001,4,4,5,Champions
CUST02145,82,6,40067.71,3,3,3,Loyal Customers
CUST02146,30,6,36612.74,4,3,3,Loyal Customers
CUST02147,159,7,53013.22,2,4,4,Loyal Customers
CUST02148,29,5,23201.980000000003,5,2,2,Standard / Hibernating
CUST02149,56,6,43942.64,4,3,4,Loyal Customers
CUST02150,358,2,16144.630000000001,1,1,1,Standard / Hibernating
CUST02151,79,6,34299.06,3,3,3,Loyal Customers
CUST02152,159,5,28458.230000000003,2,2,2,Standard / Hibernating
CUST02153,242,7,46869.97,1,4,4,Loyal Customers
CUST02154,79,10,52006.380000000005,3,5,4,Loyal Customers
CUST02155,197,5,17269.4,2,2,1,Standard / Hibernating
CUST02156,79,3,30637.260000000002,3,1,2,Standard / Hibernating
CUST02157,174,6,33849.060000000005,2,3,3,Loyal Customers
CUST02158,449,1,3303.66,1,1,1,Standard / Hibernating
CUST02159,288,6,31400.83,1,3,2,At Risk
CUST02160,55,6,60010.81,4,3,5,Loyal Customers
CUST02161,173,4,28833.559999999998,2,1,2,Standard / Hibernating
CUST02162,217,3,21445.870000000003,1,1,1,Standard / Hibernating
CUST02163,122,4,28323.68,2,1,2,Standard / Hibernating
CUST02164,399,7,23681.46,1,4,2,At Risk
CUST02165,142,3,28909.95,2,1,2,Standard / Hibernating
CUST02166,12,6,57173.01,5,3,5,Loyal Customers
CUST02167,243,6,36687.83,1,3,3,Loyal Customers
CUST02168,10,5,33382.98,5,2,3,Standard / Hibernating
CUST02169,151,5,55927.990000000005,2,2,5,Standard / Hibernating
CUST02170,10,10,55563.75,5,5,5,Champions
CUST02171,156,7,45999.54,2,4,4,Loyal Customers
CUST02172,11,8,42963.5,5,5,4,Champions
CUST02173,178,3,18562.27,2,1,1,Standard / Hibernating
CUST02174,150,8,57068.95,2,5,5,Loyal Customers
CUST02175,222,6,46931.53,1,3,4,Loyal Customers
CUST02176,89,9,83664.15,3,5,5,Loyal Customers
CUST02177,14,6,44333.0,5,3,4,Loyal Customers
CUST02178,202,10,45878.19,1,5,4,Loyal Customers
CUST02179,241,5,34556.15,1,2,3,Standard / Hibernating
CUST02180,72,5,28413.73,3,2,2,Standard / Hibernating
CUST02181,80,8,46539.75,3,5,4,Loyal Customers
CUST02182,206,3,14926.42,1,1,1,Standard / Hibernating
CUST02183,121,10,84236.03,2,5,5,Loyal Customers
CUST02184,69,5,19940.35,3,2,1,Standard / Hibernating
CUST02185,17,8,49617.5,5,5,4,Champions
CUST02186,91,5,30666.11,3,2,2,Standard / Hibernating
CUST02187,57,8,49498.56,4,5,4,Champions
CUST02188,16,5,42109.59,5,2,4,Standard / Hibernating
CUST02189,68,5,50580.53,3,2,4,Standard / Hibernating
CUST02190,50,9,76561.12,4,5,5,Champions
CUST02191,224,3,23052.46,1,1,2,Standard / Hibernating
CUST02192,47,5,28669.03,4,2,2,Standard / Hibernating
CUST02193,191,10,84791.3,2,5,5,Loyal Customers
CUST02194,110,2,10812.74,3,1,1,Standard / Hibernating
CUST02195,125,4,59141.75,2,1,5,Standard / Hibernating
CUST02196,85,6,31415.86,3,3,2,Standard / Hibernating
CUST02197,16,7,49845.21,5,4,4,Champions
CUST02198,246,3,22016.66,1,1,1,Standard / Hibernating
CUST02199,4,5,30816.15,5,2,2,Standard / Hibernating
CUST02200,58,3,28414.25,4,1,2,Standard / Hibernating
CUST02201,89,3,11247.189999999999,3,1,1,Standard / Hibernating
CUST02202,74,3,21835.33,3,1,1,Standard / Hibernating
CUST02203,406,4,21595.620000000003,1,1,1,Standard / Hibernating
CUST02204,3,8,39975.87,5,5,3,Loyal Customers
CUST02205,147,8,79115.08,2,5,5,Loyal Customers
CUST02206,23,7,53959.950000000004,5,4,4,Champions
CUST02207,255,3,23127.41,1,1,2,Standard / Hibernating
CUST02208,49,6,23710.42,4,3,2,Standard / Hibernating
CUST02209,106,6,43927.68,3,3,4,Loyal Customers
CUST02210,128,7,55611.93,2,4,5,Loyal Customers
CUST02211,224,2,5586.03,1,1,1,Standard / Hibernating
CUST02212,42,3,29466.2,4,1,2,Standard / Hibernating
CUST02213,152,4,16097.869999999999,2,1,1,Standard / Hibernating
CUST02214,139,6,31567.260000000002,2,3,2,At Risk
CUST02215,35,5,35802.69,4,2,3,Standard / Hibernating
CUST02216,214,5,37349.06,1,2,3,Standard / Hibernating
CUST02217,44,9,72447.01000000001,4,5,5,Champions
CUST02218,89,11,74368.16,3,5,5,Loyal Customers
CUST02219,13,8,42409.369999999995,5,5,4,Champions
CUST02220,47,5,24238.05,4,2,2,Standard / Hibernating
CUST02221,279,5,24043.09,1,2,2,Standard / Hibernating
CUST02222,86,9,45966.240000000005,3,5,4,Loyal Customers
CUST02223,30,8,36206.5,4,5,3,Loyal Customers
CUST02224,1,8,39569.63,5,5,3,Loyal Customers
CUST02225,382,5,27916.53,1,2,2,Standard / Hibernating
CUST02226,181,7,49634.32,2,4,4,Loyal Customers
CUST02227,489,3,26221.49,1,1,2,Standard / Hibernating
CUST02228,22,16,118658.14,5,5,5,Champions
CUST02229,119,6,43446.560000000005,2,3,4,Loyal Customers
CUST02230,109,4,12809.220000000001,3,1,1,Standard / Hibernating
CUST02231,194,6,29373.86,2,3,2,At Risk
CUST02232,437,5,37213.95,1,2,3,Standard / Hibernating
CUST02233,228,3,23518.05,1,1,2,Standard / Hibernating
CUST02234,73,4,11682.869999999999,3,1,1,Standard / Hibernating
CUST02235,146,5,25214.05,2,2,2,Standard / Hibernating
CUST02236,5,8,50323.79,5,5,4,Champions
CUST02237,50,6,35006.81,4,3,3,Loyal Customers
CUST02238,191,5,41464.36,2,2,3,Standard / Hibernating
CUST02239,25,6,58315.75,5,3,5,Loyal Customers
CUST02240,167,5,33429.74,2,2,3,Standard / Hibernating
CUST02241,114,4,24344.120000000003,3,1,2,Standard / Hibernating
CUST02242,68,5,37214.48,3,2,3,Standard / Hibernating
CUST02243,254,8,55175.47,1,5,5,Loyal Customers
CUST02244,4,3,23217.559999999998,5,1,2,Standard / Hibernating
CUST02245,40,4,21850.28,4,1,1,Standard / Hibernating
CUST02246,133,4,25755.83,2,1,2,Standard / Hibernating
CUST02247,126,6,42485.76,2,3,4,Loyal Customers
CUST02248,44,5,48749.3,4,2,4,Standard / Hibernating
CUST02249,212,5,18875.85,1,2,1,Standard / Hibernating
CUST02250,40,11,57140.659999999996,4,5,5,Champions
CUST02251,39,4,26430.46,4,1,2,Standard / Hibernating
CUST02252,31,8,61574.05,4,5,5,Champions
CUST02253,6,5,33653.75,5,2,3,Standard / Hibernating
CUST02254,7,9,57519.04,5,5,5,Champions
CUST02255,27,4,33203.29,5,1,3,Standard / Hibernating
CUST02256,341,6,29853.95,1,3,2,At Risk
CUST02257,130,8,50580.03,2,5,4,Loyal Customers
CUST02258,116,6,49347.84,2,3,4,Loyal Customers
CUST02259,42,5,32888.93,4,2,3,Standard / Hibernating
CUST02260,403,2,8258.310000000001,1,1,1,Standard / Hibernating
CUST02261,134,6,35816.59,2,3,3,Loyal Customers
CUST02262,175,8,58299.46,2,5,5,Loyal Customers
CUST02263,447,3,39858.490000000005,1,1,3,Standard / Hibernating
CUST02264,39,5,44604.0,4,2,4,Standard / Hibernating
CUST02265,4,8,37453.55,5,5,3,Loyal Customers
CUST02266,286,4,15257.41,1,1,1,Standard / Hibernating
CUST02267,8,11,91983.65,5,5,5,Champions
CUST02268,374,5,34946.16,1,2,3,Standard / Hibernating
CUST02269,226,4,15707.9,1,1,1,Standard / Hibernating
CUST02270,106,4,35232.5,3,1,3,Standard / Hibernating
CUST02271,103,5,31507.719999999998,3,2,2,Standard / Hibernating
CUST02272,237,6,42470.05,1,3,4,Loyal Customers
CUST02273,72,5,34300.31,3,2,3,Standard / Hibernating
CUST02274,13,9,53148.33,5,5,4,Champions
CUST02275,204,4,23547.53,1,1,2,Standard / Hibernating
CUST02276,155,4,32439.410000000003,2,1,3,Standard / Hibernating
CUST02277,166,12,77626.96,2,5,5,Loyal Customers
CUST02278,159,2,17691.089999999997,2,1,1,Standard / Hibernating
CUST02279,3,4,21159.89,5,1,1,Standard / Hibernating
CUST02280,160,7,20737.7,2,4,1,At Risk
CUST02281,77,5,31447.04,3,2,2,Standard / Hibernating
CUST02282,143,5,32949.06,2,2,3,Standard / Hibernating
CUST02283,297,6,27780.2,1,3,2,At Risk
CUST02284,1,5,28293.58,5,2,2,Standard / Hibernating
CUST02285,107,8,47078.6,3,5,4,Loyal Customers
CUST02286,94,7,33232.79,3,4,3,Loyal Customers
CUST02287,64,8,31385.82,4,5,2,Standard / Hibernating
CUST02288,53,9,64682.670000000006,4,5,5,Champions
CUST02289,272,3,12359.189999999999,1,1,1,Standard / Hibernating
CUST02290,85,4,28354.200000000004,3,1,2,Standard / Hibernating
CUST02291,3,6,24343.010000000002,5,3,2,Standard / Hibernating
CUST02292,7,7,37797.16,5,4,3,Loyal Customers
CUST02293,103,3,27633.81,3,1,2,Standard / Hibernating
CUST02294,45,6,66048.34,4,3,5,Loyal Customers
CUST02295,80,6,30455.13,3,3,2,Standard / Hibernating
CUST02296,27,4,9684.560000000001,5,1,1,Standard / Hibernating
CUST02297,77,5,26371.08,3,2,2,Standard / Hibernating
CUST02298,38,3,15543.259999999998,4,1,1,Standard / Hibernating
CUST02299,56,8,63481.08,4,5,5,Champions
CUST02300,175,5,37093.850000000006,2,2,3,Standard / Hibernating
CUST02301,33,9,67939.25,4,5,5,Champions
CUST02302,53,7,37242.84,4,4,3,Loyal Customers
CUST02303,2,8,43882.12,5,5,4,Champions
CUST02304,171,6,38115.7,2,3,3,Loyal Customers
CUST02305,354,3,12073.22,1,1,1,Standard / Hibernating
CUST02306,90,6,27767.29,3,3,2,Standard / Hibernating
CUST02307,13,7,52712.259999999995,5,4,4,Champions
CUST02308,22,7,45112.86,5,4,4,Champions
CUST02309,28,3,21926.46,5,1,1,Standard / Hibernating
CUST02310,166,10,49406.68,2,5,4,Loyal Customers
CUST02311,158,4,63257.98,2,1,5,Standard / Hibernating
CUST02312,40,5,46840.71,4,2,4,Standard / Hibernating
CUST02313,9,5,35036.83,5,2,3,Standard / Hibernating
CUST02314,310,8,52817.28999999999,1,5,4,Loyal Customers
CUST02315,501,4,30126.01,1,1,2,Standard / Hibernating
CUST02316,371,5,30665.949999999997,1,2,2,Standard / Hibernating
CUST02317,38,4,22346.55,4,1,1,Standard / Hibernating
CUST02318,308,6,70886.1,1,3,5,Loyal Customers
CUST02319,8,5,35576.95,5,2,3,Standard / Hibernating
CUST02320,34,8,109016.86,4,5,5,Champions
CUST02321,7,4,18515.96,5,1,1,Standard / Hibernating
CUST02322,109,5,24358.0,3,2,2,Standard / Hibernating
CUST02323,152,4,39573.18,2,1,3,Standard / Hibernating
CUST02324,425,3,20379.64,1,1,1,Standard / Hibernating
CUST02325,147,5,14265.57,2,2,1,Standard / Hibernating
CUST02326,111,4,18891.5,3,1,1,Standard / Hibernating
CUST02327,109,6,36447.99,3,3,3,Loyal Customers
CUST02328,162,3,14957.66,2,1,1,Standard / Hibernating
CUST02329,310,7,60628.189999999995,1,4,5,Loyal Customers
CUST02330,25,9,50189.52,5,5,4,Champions
CUST02331,167,7,41224.08,2,4,3,Loyal Customers
CUST02332,19,9,64276.450000000004,5,5,5,Champions
CUST02333,62,8,69232.94,4,5,5,Champions
CUST02334,161,4,26101.3,2,1,2,Standard / Hibernating
CUST02335,187,8,53943.11,2,5,4,Loyal Customers
CUST02336,196,6,31191.71,2,3,2,At Risk
CUST02337,155,4,38041.18,2,1,3,Standard / Hibernating
CUST02338,23,5,30019.62,5,2,2,Standard / Hibernating
CUST02339,68,4,21986.08,3,1,1,Standard / Hibernating
CUST02340,99,8,44001.479999999996,3,5,4,Loyal Customers
CUST02341,489,2,22257.510000000002,1,1,1,Standard / Hibernating
CUST02342,162,2,13815.41,2,1,1,Standard / Hibernating
CUST02343,243,4,25846.03,1,1,2,Standard / Hibernating
CUST02344,171,5,18305.68,2,2,1,Standard / Hibernating
CUST02345,211,8,37723.47,1,5,3,Loyal Customers
CUST02346,8,7,48972.96,5,4,4,Champions
CUST02347,70,4,28383.69,3,1,2,Standard / Hibernating
CUST02348,79,4,22346.489999999998,3,1,1,Standard / Hibernating
CUST02349,61,4,30666.719999999998,4,1,2,Standard / Hibernating
CUST02350,78,9,53401.38,3,5,4,Loyal Customers
CUST02351,284,3,13455.630000000001,1,1,1,Standard / Hibernating
CUST02352,52,5,39510.74,4,2,3,Standard / Hibernating
CUST02353,222,3,15918.72,1,1,1,Standard / Hibernating
CUST02354,359,2,27303.57,1,1,2,Standard / Hibernating
CUST02355,187,7,37378.509999999995,2,4,3,Loyal Customers
CUST02356,49,6,43851.98,4,3,4,Loyal Customers
CUST02357,32,8,42800.66,4,5,4,Champions
CUST02358,62,3,18757.4,4,1,1,Standard / Hibernating
CUST02359,56,7,54800.520000000004,4,4,5,Champions
CUST02360,106,2,18622.800000000003,3,1,1,Standard / Hibernating
CUST02361,305,5,35051.7,1,2,3,Standard / Hibernating
CUST02362,99,8,64457.91,3,5,5,Loyal Customers
CUST02363,5,9,45232.520000000004,5,5,4,Champions
CUST02364,118,11,54393.17,2,5,4,Loyal Customers
CUST02365,296,4,10826.17,1,1,1,Standard / Hibernating
CUST02366,74,10,107125.68000000001,3,5,5,Loyal Customers
CUST02367,46,11,67593.58,4,5,5,Champions
CUST02368,13,6,44108.490000000005,5,3,4,Loyal Customers
CUST02369,25,2,18472.13,5,1,1,Standard / Hibernating
CUST02370,115,3,14552.099999999999,3,1,1,Standard / Hibernating
CUST02371,112,5,23637.55,3,2,2,Standard / Hibernating
CUST02372,81,11,96281.46,3,5,5,Loyal Customers
CUST02373,67,3,10060.14,3,1,1,Standard / Hibernating
CUST02374,37,7,41930.06,4,4,4,Champions
CUST02375,36,6,31686.809999999998,4,3,2,Standard / Hibernating
CUST02376,31,6,50010.07,4,3,4,Loyal Customers
CUST02377,7,1,8109.91,5,1,1,Standard / Hibernating
CUST02378,97,9,50624.600000000006,3,5,4,Loyal Customers
CUST02379,35,5,19341.02,4,2,1,Standard / Hibernating
CUST02380,197,5,41449.55,2,2,3,Standard / Hibernating
CUST02381,76,8,73829.40000000001,3,5,5,Loyal Customers
CUST02382,194,5,38566.34,2,2,3,Standard / Hibernating
CUST02383,382,2,4444.62,1,1,1,Standard / Hibernating
CUST02384,97,4,24989.989999999998,3,1,2,Standard / Hibernating
CUST02385,255,3,22332.07,1,1,1,Standard / Hibernating
CUST02386,53,6,32467.88,4,3,3,Loyal Customers
CUST02387,58,6,34790.34,4,3,3,Loyal Customers
CUST02388,16,6,41463.34,5,3,3,Loyal Customers
CUST02389,96,8,43415.16,3,5,4,Loyal Customers
CUST02390,95,9,68420.71,3,5,5,Loyal Customers
CUST02391,124,7,64532.32,2,4,5,Loyal Customers
CUST02392,22,9,69862.81,5,5,5,Champions
CUST02393,326,6,42320.43,1,3,4,Loyal Customers
CUST02394,13,3,14732.3,5,1,1,Standard / Hibernating
CUST02395,410,4,14175.98,1,1,1,Standard / Hibernating
CUST02396,250,7,38353.76,1,4,3,Loyal Customers
CUST02397,56,6,34856.56,4,3,3,Loyal Customers
CUST02398,40,7,26474.55,4,4,2,Standard / Hibernating
CUST02399,24,7,92841.7,5,4,5,Champions
CUST02400,127,8,42905.69,2,5,4,Loyal Customers
CUST02401,170,7,33803.82,2,4,3,Loyal Customers
CUST02402,44,11,62682.68,4,5,5,Champions
CUST02403,45,5,36328.3,4,2,3,Standard / Hibernating
CUST02404,453,1,1276.13,1,1,1,Standard / Hibernating
CUST02405,77,9,67069.63,3,5,5,Loyal Customers
CUST02406,244,2,13125.78,1,1,1,Standard / Hibernating
CUST02407,52,6,27947.14,4,3,2,Standard / Hibernating
CUST02408,96,8,64036.75,3,5,5,Loyal Customers
CUST02409,362,3,9009.82,1,1,1,Standard / Hibernating
CUST02410,164,5,14054.27,2,2,1,Standard / Hibernating
CUST02411,83,8,48462.32,3,5,4,Loyal Customers
CUST02412,61,8,50608.77,4,5,4,Champions
CUST02413,204,5,35892.71,1,2,3,Standard / Hibernating
CUST02414,228,3,8574.279999999999,1,1,1,Standard / Hibernating
CUST02415,70,5,43537.78,3,2,4,Standard / Hibernating
CUST02416,85,5,21054.2,3,2,1,Standard / Hibernating
CUST02417,335,6,40413.520000000004,1,3,3,Loyal Customers
CUST02418,170,5,35862.43,2,2,3,Standard / Hibernating
CUST02419,33,6,90455.28,4,3,5,Loyal Customers
CUST02420,339,5,33009.66,1,2,3,Standard / Hibernating
CUST02421,187,7,54215.81,2,4,4,Loyal Customers
CUST02422,70,12,100184.44,3,5,5,Loyal Customers
CUST02423,45,10,66437.38,4,5,5,Champions
CUST02424,9,6,32663.64,5,3,3,Loyal Customers
CUST02425,59,7,44962.66,4,4,4,Champions
CUST02426,89,12,96731.68,3,5,5,Loyal Customers
CUST02427,16,5,31086.53,5,2,2,Standard / Hibernating
CUST02428,18,8,54498.93,5,5,4,Champions
CUST02429,213,6,62130.45,1,3,5,Loyal Customers
CUST02430,223,7,32136.19,1,4,3,Loyal Customers
CUST02431,163,10,79745.23,2,5,5,Loyal Customers
CUST02432,21,7,59200.93,5,4,5,Champions
CUST02433,189,5,37603.79,2,2,3,Standard / Hibernating
CUST02434,76,5,33895.18,3,2,3,Standard / Hibernating
CUST02435,36,5,19807.23,4,2,1,Standard / Hibernating
CUST02436,10,5,31987.700000000004,5,2,3,Standard / Hibernating
CUST02437,58,3,20725.0,4,1,1,Standard / Hibernating
CUST02438,87,7,46405.3,3,4,4,Loyal Customers
CUST02439,100,5,23757.07,3,2,2,Standard / Hibernating
CUST02440,23,9,60266.38,5,5,5,Champions
CUST02441,226,3,18547.14,1,1,1,Standard / Hibernating
CUST02442,151,6,53900.060000000005,2,3,4,Loyal Customers
CUST02443,438,2,12434.86,1,1,1,Standard / Hibernating
CUST02444,129,6,43026.55,2,3,4,Loyal Customers
CUST02445,94,3,18141.760000000002,3,1,1,Standard / Hibernating
CUST02446,329,6,43070.86,1,3,4,Loyal Customers
CUST02447,41,4,22074.9,4,1,1,Standard / Hibernating
CUST02448,7,5,29224.71,5,2,2,Standard / Hibernating
CUST02449,189,4,22226.25,2,1,1,Standard / Hibernating
CUST02450,273,3,21475.93,1,1,1,Standard / Hibernating
CUST02451,128,4,38717.23,2,1,3,Standard / Hibernating
CUST02452,61,6,38220.18,4,3,3,Loyal Customers
CUST02453,70,10,70702.84,3,5,5,Loyal Customers
CUST02454,133,3,14972.55,2,1,1,Standard / Hibernating
CUST02455,532,2,7343.289999999999,1,1,1,Standard / Hibernating
CUST02456,82,8,44465.9,3,5,4,Loyal Customers
CUST02457,27,7,45337.64,5,4,4,Champions
CUST02458,105,5,44258.71000000001,3,2,4,Standard / Hibernating
CUST02459,28,7,62580.39,5,4,5,Champions
CUST02460,44,6,27571.579999999998,4,3,2,Standard / Hibernating
CUST02461,245,6,28863.86,1,3,2,At Risk
CUST02462,144,4,13815.41,2,1,1,Standard / Hibernating
CUST02463,2,7,61558.69,5,4,5,Champions
CUST02464,282,5,17119.07,1,2,1,Standard / Hibernating
CUST02465,63,6,25574.58,4,3,2,Standard / Hibernating
CUST02466,29,10,54873.9,5,5,5,Champions
CUST02467,112,8,40245.630000000005,3,5,3,Loyal Customers
CUST02468,57,8,45894.43,4,5,4,Champions
CUST02469,51,6,20017.4,4,3,1,Standard / Hibernating
CUST02470,71,8,41537.62,3,5,3,Loyal Customers
CUST02471,256,7,62580.43,1,4,5,Loyal Customers
CUST02472,51,6,44797.21,4,3,4,Loyal Customers
CUST02473,35,12,90424.03,4,5,5,Champions
CUST02474,68,4,25079.98,3,1,2,Standard / Hibernating
CUST02475,159,9,100261.3,2,5,5,Loyal Customers
CUST02476,38,4,27031.15,4,1,2,Standard / Hibernating
CUST02477,481,2,20664.9,1,1,1,Standard / Hibernating
CUST02478,509,8,76725.82,1,5,5,Loyal Customers
CUST02479,168,6,32678.03,2,3,3,Loyal Customers
CUST02480,279,4,30065.77,1,1,2,Standard / Hibernating
CUST02481,151,3,16834.42,2,1,1,Standard / Hibernating
CUST02482,14,7,35921.7,5,4,3,Loyal Customers
CUST02483,1,6,45129.229999999996,5,3,4,Loyal Customers
CUST02484,1,8,53779.09,5,5,4,Champions
CUST02485,23,3,19373.199999999997,5,1,1,Standard / Hibernating
CUST02486,55,7,73437.87,4,4,5,Champions
CUST02487,338,3,18050.949999999997,1,1,1,Standard / Hibernating
CUST02488,163,5,38535.560000000005,2,2,3,Standard / Hibernating
CUST02489,49,3,12344.19,4,1,1,Standard / Hibernating
CUST02490,49,3,19403.29,4,1,1,Standard / Hibernating
CUST02491,74,7,81670.09,3,4,5,Loyal Customers
CUST02492,21,7,16201.119999999999,5,4,1,Standard / Hibernating
CUST02493,237,6,38355.33,1,3,3,Loyal Customers
CUST02494,91,6,46494.799999999996,3,3,4,Loyal Customers
CUST02495,68,6,36056.9,3,3,3,Loyal Customers
CUST02496,144,4,57910.8,2,1,5,Standard / Hibernating
CUST02497,109,5,30276.2,3,2,2,Standard / Hibernating
CUST02498,207,6,21068.739999999998,1,3,1,At Risk
CUST02499,321,6,32768.18,1,3,3,Loyal Customers
CUST02500,643,4,10420.509999999998,1,1,1,Standard / Hibernating
CUST02501,11,5,22375.32,5,2,1,Standard / Hibernating
CUST02502,20,6,33879.55,5,3,3,Loyal Customers
CUST02503,203,5,30064.850000000002,1,2,2,Standard / Hibernating
CUST02504,44,9,58297.18000000001,4,5,5,Champions
CUST02505,204,7,53403.72,1,4,4,Loyal Customers
CUST02506,142,5,38040.06,2,2,3,Standard / Hibernating
CUST02507,252,3,32288.85,1,1,3,Standard / Hibernating
CUST02508,120,4,23891.629999999997,2,1,2,Standard / Hibernating
CUST02509,83,6,25543.239999999998,3,3,2,Standard / Hibernating
CUST02510,119,9,63825.49,2,5,5,Loyal Customers
CUST02511,181,4,14641.65,2,1,1,Standard / Hibernating
CUST02512,162,7,40968.8,2,4,3,Loyal Customers
CUST02513,57,8,41583.44,4,5,3,Loyal Customers
CUST02514,146,7,60597.850000000006,2,4,5,Loyal Customers
CUST02515,113,6,53028.090000000004,3,3,4,Loyal Customers
CUST02516,81,5,42997.5,3,2,4,Standard / Hibernating
CUST02517,180,7,49784.51,2,4,4,Loyal Customers
CUST02518,44,6,50159.25,4,3,4,Loyal Customers
CUST02519,32,4,19042.18,4,1,1,Standard / Hibernating
CUST02520,141,4,20949.120000000003,2,1,1,Standard / Hibernating
CUST02521,32,3,8934.259999999998,4,1,1,Standard / Hibernating
CUST02522,55,5,37259.57,4,2,3,Standard / Hibernating
CUST02523,158,8,62594.630000000005,2,5,5,Loyal Customers
CUST02524,132,5,26896.210000000003,2,2,2,Standard / Hibernating
CUST02525,268,3,29645.33,1,1,2,Standard / Hibernating
CUST02526,56,4,21354.75,4,1,1,Standard / Hibernating
CUST02527,46,6,29689.91,4,3,2,Standard / Hibernating
CUST02528,115,4,19447.7,3,1,1,Standard / Hibernating
CUST02529,14,3,33009.630000000005,5,1,3,Standard / Hibernating
CUST02530,301,6,45354.01,1,3,4,Loyal Customers
CUST02531,11,7,55145.94,5,4,5,Champions
CUST02532,55,3,12389.260000000002,4,1,1,Standard / Hibernating
CUST02533,233,7,44286.909999999996,1,4,4,Loyal Customers
CUST02534,212,6,55958.15,1,3,5,Loyal Customers
CUST02535,53,7,62655.67,4,4,5,Champions
CUST02536,183,6,40712.25,2,3,3,Loyal Customers
CUST02537,123,4,40399.12,2,1,3,Standard / Hibernating
CUST02538,12,5,22796.52,5,2,2,Standard / Hibernating
CUST02539,50,4,41599.44,4,1,3,Standard / Hibernating
CUST02540,33,8,71456.18000000001,4,5,5,Champions
CUST02541,40,4,16879.48,4,1,1,Standard / Hibernating
CUST02542,126,5,40518.740000000005,2,2,3,Standard / Hibernating
CUST02543,56,5,38416.05,4,2,3,Standard / Hibernating
CUST02544,135,4,16143.439999999999,2,1,1,Standard / Hibernating
CUST02545,238,4,25921.03,1,1,2,Standard / Hibernating
CUST02546,178,8,78003.58,2,5,5,Loyal Customers
CUST02547,78,5,26326.14,3,2,2,Standard / Hibernating
CUST02548,80,5,34915.29,3,2,3,Standard / Hibernating
CUST02549,92,9,54798.64,3,5,5,Loyal Customers
CUST02550,146,7,26069.1,2,4,2,At Risk
CUST02551,9,4,24058.68,5,1,2,Standard / Hibernating
CUST02552,16,6,31417.03,5,3,2,Standard / Hibernating
CUST02553,140,7,37302.93,2,4,3,Loyal Customers
CUST02554,8,8,39570.810000000005,5,5,3,Loyal Customers
CUST02555,9,5,28728.75,5,2,2,Standard / Hibernating
CUST02556,92,6,34991.64,3,3,3,Loyal Customers
CUST02557,361,2,13245.9,1,1,1,Standard / Hibernating
CUST02558,319,2,10512.34,1,1,1,Standard / Hibernating
CUST02559,144,4,18636.8,2,1,1,Standard / Hibernating
CUST02560,44,5,17479.55,4,2,1,Standard / Hibernating
CUST02561,38,6,73483.98,4,3,5,Loyal Customers
CUST02562,53,5,25034.41,4,2,2,Standard / Hibernating
CUST02563,52,9,58673.69,4,5,5,Champions
CUST02564,202,3,15077.75,1,1,1,Standard / Hibernating
CUST02565,512,5,38204.58,1,2,3,Standard / Hibernating
CUST02566,113,11,48760.97,3,5,4,Loyal Customers
CUST02567,156,3,19238.15,2,1,1,Standard / Hibernating
CUST02568,69,6,41915.07,3,3,4,Loyal Customers
CUST02569,73,4,17945.82,3,1,1,Standard / Hibernating
CUST02570,177,6,24793.67,2,3,2,At Risk
CUST02571,70,8,53298.97,3,5,4,Loyal Customers
CUST02572,119,6,32286.989999999998,2,3,3,Loyal Customers
CUST02573,131,5,21399.780000000002,2,2,1,Standard / Hibernating
CUST02574,10,6,24793.44,5,3,2,Standard / Hibernating
CUST02575,38,5,19910.9,4,2,1,Standard / Hibernating
CUST02576,77,9,52712.81,3,5,4,Loyal Customers
CUST02577,276,6,38685.270000000004,1,3,3,Loyal Customers
CUST02578,237,6,34780.68,1,3,3,Loyal Customers
CUST02579,397,2,14056.380000000001,1,1,1,Standard / Hibernating
CUST02580,20,4,31463.18,5,1,2,Standard / Hibernating
CUST02581,192,9,42108.47,2,5,4,Loyal Customers
CUST02582,57,4,40518.11,4,1,3,Standard / Hibernating
CUST02583,205,4,37153.979999999996,1,1,3,Standard / Hibernating
CUST02584,20,7,49949.979999999996,5,4,4,Champions
CUST02585,54,7,53764.759999999995,4,4,4,Champions
CUST02586,334,4,27963.1,1,1,2,Standard / Hibernating
CUST02587,41,5,37905.49,4,2,3,Standard / Hibernating
CUST02588,78,6,51737.54,3,3,4,Loyal Customers
CUST02589,87,4,19597.94,3,1,1,Standard / Hibernating
CUST02590,23,3,46467.09,5,1,4,Standard / Hibernating
CUST02591,149,4,38190.92,2,1,3,Standard / Hibernating
CUST02592,4,4,14641.52,5,1,1,Standard / Hibernating
CUST02593,61,6,32874.07,4,3,3,Loyal Customers
CUST02594,305,6,40607.83,1,3,3,Loyal Customers
CUST02595,12,4,20123.53,5,1,1,Standard / Hibernating
CUST02596,438,5,48958.42,1,2,4,Standard / Hibernating
CUST02597,422,4,27212.160000000003,1,1,2,Standard / Hibernating
CUST02598,14,7,29313.78,5,4,2,Standard / Hibernating
CUST02599,99,4,35982.89,3,1,3,Standard / Hibernating
CUST02600,134,5,25109.620000000003,2,2,2,Standard / Hibernating
CUST02601,13,9,52306.66,5,5,4,Champions
CUST02602,218,2,4564.74,1,1,1,Standard / Hibernating
CUST02603,291,4,37935.38,1,1,3,Standard / Hibernating
CUST02604,37,7,50205.020000000004,4,4,4,Champions
CUST02605,52,9,61888.41,4,5,5,Champions
CUST02606,31,9,51570.020000000004,4,5,4,Champions
CUST02607,66,5,33759.45,3,2,3,Standard / Hibernating
CUST02608,24,5,28096.79,5,2,2,Standard / Hibernating
CUST02609,33,5,24748.41,4,2,2,Standard / Hibernating
CUST02610,65,3,11653.27,3,1,1,Standard / Hibernating
CUST02611,158,2,12419.900000000001,2,1,1,Standard / Hibernating
CUST02612,66,7,59005.38,3,4,5,Loyal Customers
CUST02613,304,7,44271.29,1,4,4,Loyal Customers
CUST02614,48,5,19732.61,4,2,1,Standard / Hibernating
CUST02615,94,7,65989.94,3,4,5,Loyal Customers
CUST02616,177,5,22886.19,2,2,2,Standard / Hibernating
CUST02617,67,10,50803.479999999996,3,5,4,Loyal Customers
CUST02618,207,3,14956.94,1,1,1,Standard / Hibernating
CUST02619,44,4,18095.5,4,1,1,Standard / Hibernating
CUST02620,145,7,56617.630000000005,2,4,5,Loyal Customers
CUST02621,450,4,29015.08,1,1,2,Standard / Hibernating
CUST02622,33,7,44347.64,4,4,4,Champions
CUST02623,14,8,65777.95,5,5,5,Champions
CUST02624,57,8,62820.37,4,5,5,Champions
CUST02625,39,7,34269.01,4,4,3,Loyal Customers
CUST02626,224,7,41884.39,1,4,4,Loyal Customers
CUST02627,59,4,25981.23,4,1,2,Standard / Hibernating
CUST02628,336,3,32409.52,1,1,3,Standard / Hibernating
CUST02629,191,7,29118.48,2,4,2,At Risk
CUST02630,181,5,28158.41,2,2,2,Standard / Hibernating
CUST02631,215,5,34346.41,1,2,3,Standard / Hibernating
CUST02632,297,5,35186.24,1,2,3,Standard / Hibernating
CUST02633,26,5,24628.86,5,2,2,Standard / Hibernating
CUST02634,412,4,32980.19,1,1,3,Standard / Hibernating
CUST02635,106,5,33775.729999999996,3,2,3,Standard / Hibernating
CUST02636,159,8,48026.2,2,5,4,Loyal Customers
CUST02637,34,12,123300.51000000001,4,5,5,Champions
CUST02638,10,7,50384.72,5,4,4,Champions
CUST02639,386,5,31326.21,1,2,2,Standard / Hibernating
CUST02640,33,4,15422.62,4,1,1,Standard / Hibernating
CUST02641,13,5,16052.869999999999,5,2,1,Standard / Hibernating
CUST02642,176,9,49062.62,2,5,4,Loyal Customers
CUST02643,45,3,8138.799999999999,4,1,1,Standard / Hibernating
CUST02644,298,5,27812.91,1,2,2,Standard / Hibernating
CUST02645,82,8,76127.47,3,5,5,Loyal Customers
CUST02646,62,4,56859.92,4,1,5,Standard / Hibernating
CUST02647,22,7,52068.03,5,4,4,Champions
CUST02648,296,7,41672.5,1,4,4,Loyal Customers
CUST02649,20,5,35847.69,5,2,3,Standard / Hibernating
CUST02650,44,10,68871.81,4,5,5,Champions
CUST02651,10,4,32318.69,5,1,3,Standard / Hibernating
CUST02652,178,5,27691.719999999998,2,2,2,Standard / Hibernating
CUST02653,1,7,55520.729999999996,5,4,5,Champions
CUST02654,133,5,23967.38,2,2,2,Standard / Hibernating
CUST02655,94,7,56541.66,3,4,5,Loyal Customers
CUST02656,122,5,32092.949999999997,2,2,3,Standard / Hibernating
CUST02657,515,2,11954.36,1,1,1,Standard / Hibernating
CUST02658,49,4,30801.4,4,1,2,Standard / Hibernating
CUST02659,150,6,55446.18,2,3,5,Loyal Customers
CUST02660,260,3,14747.27,1,1,1,Standard / Hibernating
CUST02661,129,7,42876.14,2,4,4,Loyal Customers
CUST02662,305,2,34091.03,1,1,3,Standard / Hibernating
CUST02663,39,8,40876.83,4,5,3,Loyal Customers
CUST02664,38,6,55835.85,4,3,5,Loyal Customers
CUST02665,241,4,25635.88,1,1,2,Standard / Hibernating
CUST02666,116,9,55714.759999999995,2,5,5,Loyal Customers
CUST02667,87,5,26971.38,3,2,2,Standard / Hibernating
CUST02668,56,4,33009.73,4,1,3,Standard / Hibernating
CUST02669,20,4,47412.65,5,2,4,Standard / Hibernating
CUST02670,152,5,32994.04,2,2,3,Standard / Hibernating
CUST02671,86,7,34524.94,3,4,3,Loyal Customers
CUST02672,145,6,52638.15,2,3,4,Loyal Customers
CUST02673,13,7,51887.85,5,4,4,Champions
CUST02674,31,7,39436.21,4,4,3,Loyal Customers
CUST02675,4,6,51525.729999999996,5,3,4,Loyal Customers
CUST02676,50,3,18921.98,4,1,1,Standard / Hibernating
CUST02677,18,11,61151.18,5,5,5,Champions
CUST02678,160,7,48732.65,2,4,4,Loyal Customers
CUST02679,69,3,14777.33,3,1,1,Standard / Hibernating
CUST02680,56,7,27060.23,4,4,2,Standard / Hibernating
CUST02681,45,4,34331.94,4,2,3,Standard / Hibernating
CUST02682,64,8,42439.56,4,5,4,Champions
CUST02683,81,6,32527.94,3,3,3,Loyal Customers
CUST02684,306,3,6997.24,1,1,1,Standard / Hibernating
CUST02685,133,8,102004.33,2,5,5,Loyal Customers
CUST02686,70,10,85288.32,3,5,5,Loyal Customers
CUST02687,80,8,46149.83,3,5,4,Loyal Customers
CUST02688,76,9,47815.77,3,5,4,Loyal Customers
CUST02689,201,6,33788.93,1,3,3,Loyal Customers
CUST02690,7,5,17960.230000000003,5,2,1,Standard / Hibernating
CUST02691,3,9,62624.33,5,5,5,Champions
CUST02692,30,3,14145.92,4,1,1,Standard / Hibernating
CUST02693,57,4,26656.39,4,2,2,Standard / Hibernating
CUST02694,100,5,25634.05,3,2,2,Standard / Hibernating
CUST02695,60,8,53073.130000000005,4,5,4,Champions
CUST02696,20,7,46343.97,5,4,4,Champions
CUST02697,98,4,28023.15,3,2,2,Standard / Hibernating
CUST02698,28,7,36613.16,5,4,3,Loyal Customers
CUST02699,10,7,46554.72,5,4,4,Champions
CUST02700,76,7,70660.16,3,4,5,Loyal Customers
CUST02701,34,5,23425.98,4,2,2,Standard / Hibernating
CUST02702,40,10,56690.79,4,5,5,Champions
CUST02703,50,7,85785.01000000001,4,4,5,Champions
CUST02704,201,2,10512.41,1,1,1,Standard / Hibernating
CUST02705,188,4,31236.78,2,2,2,Standard / Hibernating
CUST02706,349,4,18501.559999999998,1,2,1,Standard / Hibernating
CUST02707,72,8,52577.64,3,5,4,Loyal Customers
CUST02708,444,4,22586.74,1,2,1,Standard / Hibernating
CUST02709,46,10,74773.3,4,5,5,Champions
CUST02710,23,4,33430.18,5,2,3,Standard / Hibernating
CUST02711,12,7,44257.530000000006,5,4,4,Champions
CUST02712,28,11,86276.48000000001,5,5,5,Champions
CUST02713,236,5,37558.51,1,2,3,Standard / Hibernating
CUST02714,163,6,44168.020000000004,2,3,4,Loyal Customers
CUST02715,202,6,23667.07,1,3,2,At Risk
CUST02716,110,4,25620.67,3,2,2,Standard / Hibernating
CUST02717,22,5,30305.61,5,2,2,Standard / Hibernating
CUST02718,52,8,78213.87,4,5,5,Champions
CUST02719,7,9,46869.57,5,5,4,Champions
CUST02720,182,6,36402.87,2,3,3,Loyal Customers
CUST02721,175,12,90033.59,2,5,5,Loyal Customers
CUST02722,153,9,58012.770000000004,2,5,5,Loyal Customers
CUST02723,121,7,31010.519999999997,2,4,2,At Risk
CUST02724,313,2,16098.44,1,1,1,Standard / Hibernating
CUST02725,13,7,33894.619999999995,5,4,3,Loyal Customers
CUST02726,153,6,51362.0,2,3,4,Loyal Customers
CUST02727,25,4,29134.72,5,2,2,Standard / Hibernating
CUST02728,217,4,14191.0,1,2,1,Standard / Hibernating
CUST02729,143,6,60433.96000000001,2,3,5,Loyal Customers
CUST02730,10,4,30666.550000000003,5,2,2,Standard / Hibernating
CUST02731,108,4,26310.57,3,2,2,Standard / Hibernating
CUST02732,40,6,52832.99,4,3,4,Loyal Customers
CUST02733,171,8,73318.2,2,5,5,Loyal Customers
CUST02734,25,13,68315.09,5,5,5,Champions
CUST02735,29,6,43942.520000000004,5,3,4,Loyal Customers
CUST02736,111,3,9054.98,3,1,1,Standard / Hibernating
CUST02737,94,8,45952.84,3,5,4,Loyal Customers
CUST02738,50,11,73467.65,4,5,5,Champions
CUST02739,123,9,64230.8,2,5,5,Loyal Customers
CUST02740,93,4,40444.240000000005,3,2,3,Standard / Hibernating
CUST02741,110,5,23006.11,3,2,2,Standard / Hibernating
CUST02742,50,8,80286.49,4,5,5,Champions
CUST02743,115,5,18786.3,3,2,1,Standard / Hibernating
CUST02744,3,9,61798.36,5,5,5,Champions
CUST02745,92,7,31101.08,3,4,2,Standard / Hibernating
CUST02746,45,11,75328.55,4,5,5,Champions
CUST02747,262,7,33894.78,1,4,3,Loyal Customers
CUST02748,89,8,40142.26,3,5,3,Loyal Customers
CUST02749,280,6,29223.16,1,3,2,At Risk
CUST02750,359,3,25320.92,1,1,2,Standard / Hibernating
CUST02751,185,2,37966.56,2,1,3,Standard / Hibernating
CUST02752,84,4,55177.630000000005,3,2,5,Standard / Hibernating
CUST02753,89,5,37424.7,3,2,3,Standard / Hibernating
CUST02754,148,8,71396.20999999999,2,5,5,Loyal Customers
CUST02755,166,4,16038.380000000001,2,2,1,Standard / Hibernating
CUST02756,3,7,61903.42,5,4,5,Champions
CUST02757,41,6,43775.81,4,3,4,Loyal Customers
CUST02758,127,9,39224.81,2,5,3,Loyal Customers
CUST02759,23,8,61078.130000000005,5,5,5,Champions
CUST02760,325,1,3574.1,1,1,1,Standard / Hibernating
CUST02761,332,5,54650.78,1,2,5,Standard / Hibernating
CUST02762,186,11,76605.68,2,5,5,Loyal Customers
CUST02763,25,7,57429.51,5,4,5,Champions
CUST02764,223,3,13695.939999999999,1,1,1,Standard / Hibernating
CUST02765,17,7,41268.13,5,4,3,Loyal Customers
CUST02766,67,7,54408.76,3,4,4,Loyal Customers
CUST02767,34,7,51600.92,4,4,4,Champions
CUST02768,50,6,29193.72,4,3,2,Standard / Hibernating
CUST02769,2,4,21264.5,5,2,1,Standard / Hibernating
CUST02770,87,4,20363.47,3,2,1,Standard / Hibernating
CUST02771,367,5,57459.29,1,2,5,Standard / Hibernating
CUST02772,236,8,44631.130000000005,1,5,4,Loyal Customers
CUST02773,359,5,17359.57,1,2,1,Standard / Hibernating
CUST02774,139,11,77672.69,2,5,5,Loyal Customers
CUST02775,102,10,112667.19,3,5,5,Loyal Customers
CUST02776,55,8,40591.04,4,5,3,Loyal Customers
CUST02777,351,3,23428.09,1,1,2,Standard / Hibernating
CUST02778,68,11,103098.52,3,5,5,Loyal Customers
CUST02779,1,4,30967.53,5,2,2,Standard / Hibernating
CUST02780,16,9,39901.11,5,5,3,Loyal Customers
CUST02781,103,5,22871.63,3,2,2,Standard / Hibernating
CUST02782,26,5,25094.42,5,2,2,Standard / Hibernating
CUST02783,233,7,42575.479999999996,1,4,4,Loyal Customers
CUST02784,5,11,58989.09,5,5,5,Champions
CUST02785,325,7,50880.45,1,4,4,Loyal Customers
CUST02786,57,7,46601.020000000004,4,4,4,Champions
CUST02787,291,4,25019.54,1,2,2,Standard / Hibernating
CUST02788,31,4,16562.239999999998,4,2,1,Standard / Hibernating
CUST02789,9,7,47231.95,5,4,4,Champions
CUST02790,130,8,66664.5,2,5,5,Loyal Customers
CUST02791,136,3,36524.25,2,1,3,Standard / Hibernating
CUST02792,164,6,52518.15,2,3,4,Loyal Customers
CUST02793,169,7,35409.36,2,4,3,Loyal Customers
CUST02794,67,6,60087.89,3,3,5,Loyal Customers
CUST02795,442,1,19223.58,1,1,1,Standard / Hibernating
CUST02796,51,2,11939.21,4,1,1,Standard / Hibernating
CUST02797,295,4,32604.17,1,2,3,Standard / Hibernating
CUST02798,237,8,58434.42,1,5,5,Loyal Customers
CUST02799,130,6,37588.32,2,3,3,Loyal Customers
CUST02800,105,5,29794.94,3,2,2,Standard / Hibernating
CUST02801,110,5,35425.94,3,2,3,Standard / Hibernating
CUST02802,297,5,59021.96,1,2,5,Standard / Hibernating
CUST02803,537,4,25891.09,1,2,2,Standard / Hibernating
CUST02804,131,6,43927.5,2,3,4,Loyal Customers
CUST02805,196,6,43732.020000000004,2,3,4,Loyal Customers
CUST02806,284,5,20618.670000000002,1,2,1,Standard / Hibernating
CUST02807,94,5,23562.0,3,2,2,Standard / Hibernating
CUST02808,488,5,18260.11,1,2,1,Standard / Hibernating
CUST02809,19,5,27812.45,5,2,2,Standard / Hibernating
CUST02810,122,8,60313.17,2,5,5,Loyal Customers
CUST02811,258,3,43703.41,1,1,4,Standard / Hibernating
CUST02812,249,3,14777.33,1,1,1,Standard / Hibernating
CUST02813,64,6,27271.84,4,3,2,Standard / Hibernating
CUST02814,126,3,8708.83,2,1,1,Standard / Hibernating
CUST02815,86,5,33760.590000000004,3,2,3,Standard / Hibernating
CUST02816,150,5,30291.22,2,2,2,Standard / Hibernating
CUST02817,16,14,54962.21,5,5,5,Champions
CUST02818,15,5,50204.579999999994,5,2,4,Standard / Hibernating
CUST02819,150,5,29540.21,2,2,2,Standard / Hibernating
CUST02820,68,10,53838.0,3,5,4,Loyal Customers
CUST02821,119,6,51752.56,2,3,4,Loyal Customers
CUST02822,64,3,26822.440000000002,4,1,2,Standard / Hibernating
CUST02823,28,6,25603.98,5,3,2,Standard / Hibernating
CUST02824,22,6,33699.95,5,3,3,Loyal Customers
CUST02825,110,5,24764.09,3,2,2,Standard / Hibernating
CUST02826,168,4,22976.85,2,2,2,Standard / Hibernating
CUST02827,5,3,20544.79,5,1,1,Standard / Hibernating
CUST02828,10,10,86024.5,5,5,5,Champions
CUST02829,8,6,46856.45,5,3,4,Loyal Customers
CUST02830,75,5,26371.08,3,2,2,Standard / Hibernating
CUST02831,121,7,47651.35,2,4,4,Loyal Customers
CUST02832,104,4,15873.32,3,2,1,Standard / Hibernating
CUST02833,160,6,49663.33,2,3,4,Loyal Customers
CUST02834,56,9,93518.66,4,5,5,Champions
CUST02835,16,10,40351.19,5,5,3,Loyal Customers
CUST02836,39,7,47562.380000000005,4,4,4,Champions
CUST02837,119,7,52201.94,2,4,4,Loyal Customers
CUST02838,195,4,17675.52,2,2,1,Standard / Hibernating
CUST02839,127,4,55598.090000000004,2,2,5,Standard / Hibernating
CUST02840,43,6,50025.490000000005,4,3,4,Loyal Customers
CUST02841,75,7,33442.43,3,4,3,Loyal Customers
CUST02842,22,6,29344.440000000002,5,3,2,Standard / Hibernating
CUST02843,4,8,40487.08,5,5,3,Loyal Customers
CUST02844,71,4,36282.86,3,2,3,Standard / Hibernating
CUST02845,60,5,50311.33,4,2,4,Standard / Hibernating
CUST02846,145,6,34869.91,2,3,3,Loyal Customers
CUST02847,156,6,60523.229999999996,2,3,5,Loyal Customers
CUST02848,2,4,29811.100000000002,5,2,2,Standard / Hibernating
CUST02849,155,5,61094.740000000005,2,2,5,Standard / Hibernating
CUST02850,105,8,53778.58,3,5,4,Loyal Customers
CUST02851,219,5,35668.17,1,2,3,Standard / Hibernating
CUST02852,89,7,44512.86,3,4,4,Loyal Customers
CUST02853,52,7,33443.509999999995,4,4,3,Loyal Customers
CUST02854,234,7,47410.97,1,4,4,Loyal Customers
CUST02855,130,8,48536.94,2,5,4,Loyal Customers
CUST02856,143,6,31672.37,2,3,2,At Risk
CUST02857,29,3,34376.33,5,1,3,Standard / Hibernating
CUST02858,96,7,41103.39,3,4,3,Loyal Customers
CUST02859,17,3,19072.36,5,1,1,Standard / Hibernating
CUST02860,10,7,26969.510000000002,5,4,2,Standard / Hibernating
CUST02861,184,4,29013.98,2,2,2,Standard / Hibernating
CUST02862,86,7,49588.78,3,4,4,Loyal Customers
CUST02863,100,6,41478.81,3,3,3,Loyal Customers
CUST02864,163,2,5556.0199999999995,2,1,1,Standard / Hibernating
CUST02865,44,3,20589.82,4,1,1,Standard / Hibernating
CUST02866,25,5,18996.559999999998,5,2,1,Standard / Hibernating
CUST02867,39,7,34104.4,4,4,3,Loyal Customers
CUST02868,57,10,79370.62,4,5,5,Champions
CUST02869,53,6,42276.03,4,3,4,Loyal Customers
CUST02870,259,5,34494.14,1,2,3,Standard / Hibernating
CUST02871,40,6,41734.17,4,3,4,Loyal Customers
CUST02872,38,7,42875.11,4,4,4,Champions
CUST02873,82,8,42274.35,3,5,4,Loyal Customers
CUST02874,65,6,35741.93,3,3,3,Loyal Customers
CUST02875,34,5,33144.770000000004,4,2,3,Standard / Hibernating
CUST02876,12,7,54680.33,5,4,5,Champions
CUST02877,268,8,59049.27,1,5,5,Loyal Customers
CUST02878,88,6,26383.87,3,3,2,Standard / Hibernating
CUST02879,159,10,108955.16,2,5,5,Loyal Customers
CUST02880,410,5,25349.129999999997,1,2,2,Standard / Hibernating
CUST02881,135,5,22465.440000000002,2,2,1,Standard / Hibernating
CUST02882,49,7,37918.32,4,4,3,Loyal Customers
CUST02883,50,5,39287.19,4,2,3,Standard / Hibernating
CUST02884,140,2,18833.190000000002,2,1,1,Standard / Hibernating
CUST02885,154,6,44032.12,2,3,4,Loyal Customers
CUST02886,166,7,40532.68,2,4,3,Loyal Customers
CUST02887,38,5,41943.740000000005,4,2,4,Standard / Hibernating
CUST02888,86,5,19537.44,3,2,1,Standard / Hibernating
CUST02889,9,5,24883.59,5,2,2,Standard / Hibernating
CUST02890,70,6,29192.579999999998,3,3,2,Standard / Hibernating
CUST02891,345,3,19042.260000000002,1,1,1,Standard / Hibernating
CUST02892,76,7,57833.44,3,4,5,Loyal Customers
CUST02893,71,5,42291.06,3,2,4,Standard / Hibernating
CUST02894,53,12,76260.71,4,5,5,Champions
CUST02895,3,4,23878.43,5,2,2,Standard / Hibernating
CUST02896,65,7,50911.05,3,4,4,Loyal Customers
CUST02897,194,3,10376.66,2,1,1,Standard / Hibernating
CUST02898,207,3,14491.970000000001,1,1,1,Standard / Hibernating
CUST02899,24,8,38759.67,5,5,3,Loyal Customers
CUST02900,78,5,27843.010000000002,3,2,2,Standard / Hibernating
CUST02901,92,7,47817.17,3,4,4,Loyal Customers
CUST02902,19,6,32123.010000000002,5,3,3,Loyal Customers
CUST02903,59,4,26657.04,4,2,2,Standard / Hibernating
CUST02904,18,11,83063.48,5,5,5,Champions
CUST02905,41,5,28654.010000000002,4,2,2,Standard / Hibernating
CUST02906,51,6,43642.28,4,3,4,Loyal Customers
CUST02907,319,8,68001.54000000001,1,5,5,Loyal Customers
CUST02908,231,5,18756.35,1,2,1,Standard / Hibernating
CUST02909,3,4,44604.61,5,2,4,Standard / Hibernating
CUST02910,124,6,63000.590000000004,2,3,5,Loyal Customers
CUST02911,89,6,59381.399999999994,3,3,5,Loyal Customers
CUST02912,174,5,27766.77,2,2,2,Standard / Hibernating
CUST02913,57,5,24943.63,4,2,2,Standard / Hibernating
CUST02914,313,5,25935.539999999997,1,2,2,Standard / Hibernating
CUST02915,277,5,33158.68,1,2,3,Standard / Hibernating
CUST02916,75,6,21864.21,3,3,1,Standard / Hibernating
CUST02917,20,6,18260.02,5,3,1,Standard / Hibernating
CUST02918,46,5,27662.82,4,2,2,Standard / Hibernating
CUST02919,63,10,79774.11,4,5,5,Champions
CUST02920,9,6,42694.89,5,3,4,Loyal Customers
CUST02921,8,6,24792.329999999998,5,3,2,Standard / Hibernating
CUST02922,7,4,21429.72,5,2,1,Standard / Hibernating
CUST02923,58,6,40442.68,4,3,3,Loyal Customers
CUST02924,138,10,62113.78,2,5,5,Loyal Customers
CUST02925,10,4,12028.17,5,2,1,Standard / Hibernating
CUST02926,11,4,39167.66,5,2,3,Standard / Hibernating
CUST02927,4,8,54710.259999999995,5,5,5,Champions
CUST02928,276,4,18395.91,1,2,1,Standard / Hibernating
CUST02929,9,9,68466.95,5,5,5,Champions
CUST02930,24,5,30755.52,5,2,2,Standard / Hibernating
CUST02931,100,3,30937.54,3,1,2,Standard / Hibernating
CUST02932,56,3,24705.09,4,1,2,Standard / Hibernating
CUST02933,192,5,35502.22,2,2,3,Standard / Hibernating
CUST02934,50,3,17495.84,4,1,1,Standard / Hibernating
CUST02935,332,1,8650.61,1,1,1,Standard / Hibernating
CUST02936,200,5,24838.62,1,2,2,Standard / Hibernating
CUST02937,29,4,18621.59,5,2,1,Standard / Hibernating
CUST02938,5,8,98685.35,5,5,5,Champions
CUST02939,7,5,25560.09,5,2,2,Standard / Hibernating
CUST02940,70,6,44032.020000000004,3,3,4,Loyal Customers
CUST02941,313,4,64308.29000000001,1,2,5,Standard / Hibernating
CUST02942,166,3,10090.64,2,1,1,Standard / Hibernating
CUST02943,97,8,43760.6,3,5,4,Loyal Customers
CUST02944,55,4,18351.28,4,2,1,Standard / Hibernating
CUST02945,58,7,52336.72,4,4,4,Champions
CUST02946,263,4,16097.92,1,2,1,Standard / Hibernating
CUST02947,45,15,116507.86,4,5,5,Champions
CUST02948,56,6,63918.35,4,3,5,Loyal Customers
CUST02949,34,5,38461.17,4,2,3,Standard / Hibernating
CUST02950,39,3,33910.77,4,1,3,Standard / Hibernating
CUST02951,45,7,37018.71,4,4,3,Loyal Customers
CUST02952,12,5,40622.4,5,2,3,Standard / Hibernating
CUST02953,112,5,25214.550000000003,3,2,2,Standard / Hibernating
CUST02954,8,5,23381.71,5,2,2,Standard / Hibernating
CUST02955,302,10,40621.71,1,5,3,Loyal Customers
CUST02956,4,5,29944.660000000003,5,2,2,Standard / Hibernating
CUST02957,15,9,60792.14,5,5,5,Champions
CUST02958,381,2,21400.87,1,1,1,Standard / Hibernating
CUST02959,297,5,20843.35,1,2,1,Standard / Hibernating
CUST02960,121,5,53524.89,2,2,4,Standard / Hibernating
CUST02961,190,5,28683.54,2,2,2,Standard / Hibernating
CUST02962,223,4,14145.919999999998,1,2,1,Standard / Hibernating
CUST02963,7,4,35472.26,5,2,3,Standard / Hibernating
CUST02964,11,7,29583.84,5,4,2,Standard / Hibernating
CUST02965,119,4,23112.440000000002,2,2,2,Standard / Hibernating
CUST02966,9,3,16669.22,5,1,1,Standard / Hibernating
CUST02967,136,6,53584.979999999996,2,3,4,Loyal Customers
CUST02968,25,5,24658.92,5,2,2,Standard / Hibernating
CUST02969,207,8,50188.33,1,5,4,Loyal Customers
CUST02970,397,3,6290.92,1,1,1,Standard / Hibernating
CUST02971,60,6,25874.85,4,3,2,Standard / Hibernating
CUST02972,141,3,11503.06,2,1,1,Standard / Hibernating
CUST02973,52,5,30034.11,4,2,2,Standard / Hibernating
CUST02974,2,7,37168.96,5,4,3,Loyal Customers
CUST02975,177,5,40473.65,2,2,3,Standard / Hibernating
CUST02976,118,7,31505.89,2,4,2,At Risk
CUST02977,171,3,18802.53,2,1,1,Standard / Hibernating
CUST02978,52,7,41523.96,4,4,3,Loyal Customers
CUST02979,133,7,50548.73,2,4,4,Loyal Customers
CUST02980,103,3,23413.55,3,1,2,Standard / Hibernating
CUST02981,116,7,38324.770000000004,2,4,3,Loyal Customers
CUST02982,2,5,29344.4,5,2,2,Standard / Hibernating
CUST02983,486,1,7568.67,1,1,1,Standard / Hibernating
CUST02984,197,8,58734.47,2,5,5,Loyal Customers
CUST02985,15,6,43220.0,5,3,4,Loyal Customers
CUST02986,135,7,34044.240000000005,2,4,3,Loyal Customers
CUST02987,233,10,39494.479999999996,1,5,3,Loyal Customers
CUST02988,53,9,74097.44,4,5,5,Champions
CUST02989,162,6,43747.42,2,3,4,Loyal Customers
CUST02990,56,4,15707.36,4,2,1,Standard / Hibernating
CUST02991,84,4,50161.23,3,2,4,Standard / Hibernating
CUST02992,31,8,57908.79,4,5,5,Champions
CUST02993,48,2,26897.480000000003,4,1,2,Standard / Hibernating
CUST02994,232,4,33685.53,1,2,3,Standard / Hibernating
CUST02995,20,3,27272.870000000003,5,1,2,Standard / Hibernating
CUST02996,145,7,30589.32,2,4,2,At Risk
CUST02997,97,6,43251.18,3,3,4,Loyal Customers
CUST02998,8,5,26760.91,5,2,2,Standard / Hibernating
CUST02999,256,5,33099.8,1,2,3,Standard / Hibernating
CUST03000,119,8,74880.83,2,5,5,Loyal Customers
CUST03001,365,5,51240.909999999996,1,2,4,Standard / Hibernating
CUST03002,73,5,52128.11,3,2,4,Standard / Hibernating
CUST03003,66,6,31626.82,3,3,2,Standard / Hibernating
CUST03004,104,5,25500.01,3,2,2,Standard / Hibernating
CUST03005,74,5,33173.28,3,2,3,Standard / Hibernating
CUST03006,23,5,24988.789999999997,5,2,2,Standard / Hibernating
CUST03007,102,4,22962.269999999997,3,2,2,Standard / Hibernating
CUST03008,61,6,34465.39,4,3,3,Loyal Customers
CUST03009,123,4,22331.47,2,2,1,Standard / Hibernating
CUST03010,75,4,25064.92,3,2,2,Standard / Hibernating
CUST03011,34,8,48056.74,4,5,4,Champions
CUST03012,49,5,20046.800000000003,4,2,1,Standard / Hibernating
CUST03013,4,9,45638.66,5,5,4,Champions
CUST03014,77,6,24973.12,3,3,2,Standard / Hibernating
CUST03015,24,5,30996.97,5,2,2,Standard / Hibernating
CUST03016,21,6,55055.299999999996,5,3,5,Loyal Customers
CUST03017,65,7,45022.75,3,4,4,Loyal Customers
CUST03018,28,8,46480.3,5,5,4,Champions
CUST03019,57,8,48282.04,4,5,4,Champions
CUST03020,112,6,55237.240000000005,3,3,5,Loyal Customers
CUST03021,99,6,47622.270000000004,3,3,4,Loyal Customers
CUST03022,30,7,43941.380000000005,4,4,4,Champions
CUST03023,496,4,10150.779999999999,1,2,1,Standard / Hibernating
CUST03024,147,5,53314.93,2,2,4,Standard / Hibernating
CUST03025,97,6,41629.75,3,3,3,Loyal Customers
CUST03026,19,8,69742.41,5,5,5,Champions
CUST03027,31,6,57608.509999999995,4,3,5,Loyal Customers
CUST03028,58,8,55220.899999999994,4,5,5,Champions
CUST03029,23,7,41388.07,5,4,3,Loyal Customers
CUST03030,146,5,35171.84,2,2,3,Standard / Hibernating
CUST03031,156,5,43102.020000000004,2,2,4,Standard / Hibernating
CUST03032,175,6,34885.27,2,3,3,Loyal Customers
CUST03033,308,5,39813.36,1,2,3,Standard / Hibernating
CUST03034,133,4,46256.2,2,2,4,Standard / Hibernating
CUST03035,146,11,118869.01000000001,2,5,5,Loyal Customers
CUST03036,89,7,67657.20999999999,3,4,5,Loyal Customers
CUST03037,9,9,50098.24,5,5,4,Champions
CUST03038,131,4,37154.399999999994,2,2,3,Standard / Hibernating
CUST03039,88,4,25305.4,3,2,2,Standard / Hibernating
CUST03040,103,7,19895.31,3,4,1,Standard / Hibernating
CUST03041,216,3,15768.55,1,1,1,Standard / Hibernating
CUST03042,26,8,51600.15,5,5,4,Champions
CUST03043,220,4,40834.11,1,2,3,Standard / Hibernating
CUST03044,76,6,36612.72,3,3,3,Loyal Customers
CUST03045,83,4,23591.989999999998,3,2,2,Standard / Hibernating
CUST03046,53,8,72868.15000000001,4,5,5,Champions
CUST03047,150,5,20363.42,2,2,1,Standard / Hibernating
CUST03048,424,4,29885.14,1,2,2,Standard / Hibernating
CUST03049,25,7,61574.740000000005,5,4,5,Champions
CUST03050,162,10,60640.18,2,5,5,Loyal Customers
CUST03051,39,10,63735.229999999996,4,5,5,Champions
CUST03052,53,11,78754.20000000001,4,5,5,Champions
CUST03053,10,8,57683.61,5,5,5,Champions
CUST03054,245,3,31463.17,1,1,2,Standard / Hibernating
CUST03055,192,7,47396.63,2,4,4,Loyal Customers
CUST03056,122,3,16459.56,2,1,1,Standard / Hibernating
CUST03057,303,6,39796.76,1,3,3,Loyal Customers
CUST03058,18,6,16442.73,5,3,1,Standard / Hibernating
CUST03059,31,4,42171.41,4,2,4,Standard / Hibernating
CUST03060,77,8,40531.6,3,5,3,Loyal Customers
CUST03061,47,7,35411.74,4,4,3,Loyal Customers
CUST03062,87,5,29164.61,3,2,2,Standard / Hibernating
CUST03063,43,7,46163.17,4,4,4,Champions
CUST03064,120,8,47817.05,2,5,4,Loyal Customers
CUST03065,102,6,43551.78,3,3,4,Loyal Customers
CUST03066,66,5,48868.55,3,2,4,Standard / Hibernating
CUST03067,12,9,53042.02,5,5,4,Champions
CUST03068,36,4,23187.59,4,2,2,Standard / Hibernating
CUST03069,37,3,15211.7,4,1,1,Standard / Hibernating
CUST03070,30,3,16579.079999999998,4,1,1,Standard / Hibernating
CUST03071,165,4,32348.36,2,2,3,Standard / Hibernating
CUST03072,48,4,33670.57,4,2,3,Standard / Hibernating
CUST03073,138,5,20919.05,2,2,1,Standard / Hibernating
CUST03074,16,4,17074.79,5,2,1,Standard / Hibernating
CUST03075,15,3,9520.68,5,1,1,Standard / Hibernating
CUST03076,141,7,64442.36,2,4,5,Loyal Customers
CUST03077,205,4,22421.010000000002,1,2,1,Standard / Hibernating
CUST03078,8,3,9819.779999999999,5,1,1,Standard / Hibernating
CUST03079,103,7,71185.04000000001,3,4,5,Loyal Customers
CUST03080,14,8,69653.59,5,5,5,Champions
CUST03081,289,5,15526.07,1,2,1,Standard / Hibernating
CUST03082,220,8,60312.51,1,5,5,Loyal Customers
CUST03083,39,9,27089.65,4,5,2,Standard / Hibernating
CUST03084,85,10,82973.95,3,5,5,Loyal Customers
CUST03085,25,5,23501.809999999998,5,2,2,Standard / Hibernating
CUST03086,17,4,34241.270000000004,5,2,3,Standard / Hibernating
CUST03087,205,4,37964.79,1,2,3,Standard / Hibernating
CUST03088,132,5,27525.760000000002,2,2,2,Standard / Hibernating
CUST03089,68,4,24013.03,3,2,2,Standard / Hibernating
CUST03090,7,4,18756.79,5,2,1,Standard / Hibernating
CUST03091,88,6,56797.96000000001,3,3,5,Loyal Customers
CUST03092,94,1,3994.58,3,1,1,Standard / Hibernating
CUST03093,113,7,47817.67,3,4,4,Loyal Customers
CUST03094,6,7,61498.55,5,4,5,Champions
CUST03095,97,6,38024.89,3,3,3,Loyal Customers
CUST03096,18,5,37890.05,5,2,3,Standard / Hibernating
CUST03097,187,3,18727.45,2,1,1,Standard / Hibernating
CUST03098,164,5,27841.47,2,2,2,Standard / Hibernating
CUST03099,34,7,42289.93,4,4,4,Champions
CUST03100,174,3,29540.770000000004,2,1,2,Standard / Hibernating
CUST03101,145,6,41585.14,2,3,3,Loyal Customers
CUST03102,201,4,43252.26,1,2,4,Standard / Hibernating
CUST03103,22,7,35921.159999999996,5,4,3,Loyal Customers
CUST03104,3,4,21445.41,5,2,1,Standard / Hibernating
CUST03105,70,4,29495.14,3,2,2,Standard / Hibernating
CUST03106,7,5,31446.98,5,2,2,Standard / Hibernating
CUST03107,134,11,72611.56,2,5,5,Loyal Customers
CUST03108,237,4,16143.44,1,2,1,Standard / Hibernating
CUST03109,30,6,46676.11,4,3,4,Loyal Customers
CUST03110,76,6,31581.079999999998,3,3,2,Standard / Hibernating
CUST03111,9,11,68992.06,5,5,5,Champions
CUST03112,24,4,48704.38,5,2,4,Standard / Hibernating
CUST03113,25,7,67221.38,5,4,5,Champions
CUST03114,332,8,42694.75,1,5,4,Loyal Customers
CUST03115,66,11,64095.87,3,5,5,Loyal Customers
CUST03116,5,8,46478.09,5,5,4,Champions
CUST03117,171,5,29178.079999999998,2,2,2,Standard / Hibernating
CUST03118,17,9,74054.69,5,5,5,Champions
CUST03119,11,5,33970.3,5,2,3,Standard / Hibernating
CUST03120,163,5,44753.62,2,2,4,Standard / Hibernating
CUST03121,68,10,71230.53,3,5,5,Loyal Customers
CUST03122,262,3,24344.07,1,1,2,Standard / Hibernating
CUST03123,123,5,35052.39,2,2,3,Standard / Hibernating
CUST03124,17,8,32361.71,5,5,3,Loyal Customers
CUST03125,199,7,65419.270000000004,2,4,5,Loyal Customers
CUST03126,23,10,70193.29000000001,5,5,5,Champions
CUST03127,35,7,42349.97,4,4,4,Champions
CUST03128,291,3,9700.73,1,1,1,Standard / Hibernating
CUST03129,66,7,31880.829999999998,3,4,3,Loyal Customers
CUST03130,40,8,58569.85,4,5,5,Champions
CUST03131,155,4,19387.72,2,2,1,Standard / Hibernating
CUST03132,5,6,38070.67,5,3,3,Loyal Customers
CUST03133,125,5,16128.06,2,2,1,Standard / Hibernating
CUST03134,79,7,36583.04,3,4,3,Loyal Customers
CUST03135,62,7,42515.89,4,4,4,Champions
CUST03136,33,7,23260.89,4,4,2,Standard / Hibernating
CUST03137,66,5,37514.270000000004,3,2,3,Standard / Hibernating
CUST03138,9,6,33038.68,5,3,3,Loyal Customers
CUST03139,121,6,56648.520000000004,2,3,5,Loyal Customers
CUST03140,43,7,56254.92,4,4,5,Champions
CUST03141,175,7,63091.600000000006,2,4,5,Loyal Customers
CUST03142,16,3,12133.3,5,1,1,Standard / Hibernating
CUST03143,39,10,50414.29,4,5,4,Champions
CUST03144,278,3,19147.31,1,1,1,Standard / Hibernating
CUST03145,62,3,8649.439999999999,4,1,1,Standard / Hibernating
CUST03146,197,10,66287.3,2,5,5,Loyal Customers
CUST03147,192,4,34345.34,2,2,3,Standard / Hibernating
CUST03148,75,7,44437.17,3,4,4,Loyal Customers
CUST03149,84,8,46088.78,3,5,4,Loyal Customers
CUST03150,102,8,48147.42,3,5,4,Loyal Customers
CUST03151,4,6,19490.510000000002,5,3,1,Standard / Hibernating
CUST03152,34,4,28083.86,4,2,2,Standard / Hibernating
CUST03153,133,5,22285.36,2,2,1,Standard / Hibernating
CUST03154,107,4,14686.77,3,2,1,Standard / Hibernating
CUST03155,365,3,24119.370000000003,1,1,2,Standard / Hibernating
CUST03156,125,6,32497.82,2,3,3,Loyal Customers
CUST03157,94,8,65944.21,3,5,5,Loyal Customers
CUST03158,50,3,15318.0,4,1,1,Standard / Hibernating
CUST03159,13,11,67443.84,5,5,5,Champions
CUST03160,422,5,24357.94,1,2,2,Standard / Hibernating
CUST03161,184,6,40142.8,2,3,3,Loyal Customers
CUST03162,164,4,22346.54,2,2,1,Standard / Hibernating
CUST03163,227,8,37903.21,1,5,3,Loyal Customers
CUST03164,225,7,65838.62,1,4,5,Loyal Customers
CUST03165,248,4,40459.060000000005,1,2,3,Standard / Hibernating
CUST03166,8,5,41358.89,5,2,3,Standard / Hibernating
CUST03167,8,9,36491.29,5,5,3,Loyal Customers
CUST03168,61,6,42741.13,4,3,4,Loyal Customers
CUST03169,12,7,29703.81,5,4,2,Standard / Hibernating
CUST03170,300,6,47097.31,1,3,4,Loyal Customers
CUST03171,332,5,52894.11,1,2,4,Standard / Hibernating
CUST03172,6,4,26612.08,5,2,2,Standard / Hibernating
CUST03173,111,6,18318.989999999998,3,3,1,Standard / Hibernating
CUST03174,30,8,43896.32,4,5,4,Champions
CUST03175,61,7,46855.58,4,4,4,Champions
CUST03176,537,2,17120.870000000003,1,1,1,Standard / Hibernating
CUST03177,91,6,51496.78,3,3,4,Loyal Customers
CUST03178,44,4,32439.02,4,2,3,Standard / Hibernating
CUST03179,111,6,34045.39,3,3,3,Loyal Customers
CUST03180,138,4,29779.36,2,2,2,Standard / Hibernating
CUST03181,187,5,29945.320000000003,2,2,2,Standard / Hibernating
CUST03182,208,4,24989.89,1,2,2,Standard / Hibernating
CUST03183,4,5,27167.04,5,2,2,Standard / Hibernating
CUST03184,427,4,23082.47,1,2,2,Standard / Hibernating
CUST03185,31,6,62775.71,4,3,5,Loyal Customers
CUST03186,268,3,21085.440000000002,1,1,1,Standard / Hibernating
CUST03187,348,2,12314.670000000002,1,1,1,Standard / Hibernating
CUST03188,5,8,58870.14,5,5,5,Champions
CUST03189,143,8,33593.68,2,5,3,Loyal Customers
CUST03190,186,6,42290.51,2,3,4,Loyal Customers
CUST03191,30,6,44437.62,4,3,4,Loyal Customers
CUST03192,89,5,23337.2,3,2,2,Standard / Hibernating
CUST03193,143,5,30936.47,2,2,2,Standard / Hibernating
CUST03194,198,4,13500.09,2,2,1,Standard / Hibernating
CUST03195,9,9,39645.89,5,5,3,Loyal Customers
CUST03196,169,5,22796.63,2,2,2,Standard / Hibernating
CUST03197,4,8,46945.97,5,5,4,Champions
CUST03198,209,6,37364.04,1,3,3,Loyal Customers
CUST03199,172,4,36449.090000000004,2,2,3,Standard / Hibernating
CUST03200,118,9,45653.01,2,5,4,Loyal Customers
CUST03201,145,4,20168.68,2,2,1,Standard / Hibernating
CUST03202,12,7,36913.58,5,4,3,Loyal Customers
CUST03203,54,6,54095.61,4,3,4,Loyal Customers
CUST03204,148,5,28758.14,2,2,2,Standard / Hibernating
CUST03205,63,6,49439.72,4,3,4,Loyal Customers
CUST03206,155,5,23170.71,2,2,2,Standard / Hibernating
CUST03207,78,4,17208.64,3,2,1,Standard / Hibernating
CUST03208,105,6,36583.66,3,3,3,Loyal Customers
CUST03209,51,4,24583.77,4,2,2,Standard / Hibernating
CUST03210,24,9,73724.99,5,5,5,Champions
CUST03211,97,7,52697.8,3,4,4,Loyal Customers
CUST03212,34,7,52607.72,4,4,4,Champions
CUST03213,488,2,6442.129999999999,1,1,1,Standard / Hibernating
CUST03214,154,3,19448.38,2,1,1,Standard / Hibernating
CUST03215,32,6,59755.520000000004,4,3,5,Loyal Customers
CUST03216,90,6,27512.059999999998,3,3,2,Standard / Hibernating
CUST03217,353,5,56243.51,1,2,5,Standard / Hibernating
CUST03218,87,6,28337.519999999997,3,3,2,Standard / Hibernating
CUST03219,5,11,71905.26,5,5,5,Champions
CUST03220,41,9,59591.090000000004,4,5,5,Champions
CUST03221,131,7,35351.63,2,4,3,Loyal Customers
CUST03222,1,8,62278.880000000005,5,5,5,Champions
CUST03223,95,9,54169.189999999995,3,5,4,Loyal Customers
CUST03224,123,6,33760.18,2,3,3,Loyal Customers
CUST03225,4,5,38220.9,5,2,3,Standard / Hibernating
CUST03226,280,5,30666.54,1,2,2,Standard / Hibernating
CUST03227,12,6,50761.43,5,3,4,Loyal Customers
CUST03228,417,1,11414.11,1,1,1,Standard / Hibernating
CUST03229,13,9,47784.81,5,5,4,Champions
CUST03230,102,5,41014.45,3,2,3,Standard / Hibernating
CUST03231,38,10,70027.75,4,5,5,Champions
CUST03232,320,5,41855.39,1,2,4,Standard / Hibernating
CUST03233,11,5,38340.46,5,2,3,Standard / Hibernating
CUST03234,38,6,47126.09,4,3,4,Loyal Customers
CUST03235,17,7,36099.99,5,4,3,Loyal Customers
CUST03236,508,4,18276.46,1,2,1,Standard / Hibernating
CUST03237,127,7,38473.71,2,4,3,Loyal Customers
CUST03238,86,6,56048.280000000006,3,3,5,Loyal Customers
CUST03239,136,10,80135.09,2,5,5,Loyal Customers
CUST03240,83,6,33609.93,3,3,3,Loyal Customers
CUST03241,419,3,12914.84,1,1,1,Standard / Hibernating
CUST03242,13,9,60716.56,5,5,5,Champions
CUST03243,77,5,32693.63,3,2,3,Standard / Hibernating
CUST03244,191,5,48778.71000000001,2,2,4,Standard / Hibernating
CUST03245,117,7,66304.59,2,4,5,Loyal Customers
CUST03246,88,6,48628.8,3,3,4,Loyal Customers
CUST03247,116,6,41269.11,2,3,3,Loyal Customers
CUST03248,469,5,20272.22,1,2,1,Standard / Hibernating
CUST03249,82,8,49963.25,3,5,4,Loyal Customers
CUST03250,3,6,33728.94,5,3,3,Loyal Customers
CUST03251,87,9,53297.880000000005,3,5,4,Loyal Customers
CUST03252,25,6,32377.14,5,3,3,Loyal Customers
CUST03253,139,5,29357.879999999997,2,2,2,Standard / Hibernating
CUST03254,174,7,43040.94,2,4,4,Loyal Customers
CUST03255,18,3,28534.49,5,1,2,Standard / Hibernating
CUST03256,4,6,41209.11,5,3,3,Loyal Customers
CUST03257,160,4,33761.14,2,2,3,Standard / Hibernating
CUST03258,327,6,48343.770000000004,1,3,4,Loyal Customers
CUST03259,152,7,31204.46,2,4,2,At Risk
CUST03260,103,2,11939.310000000001,3,1,1,Standard / Hibernating
CUST03261,30,3,24253.410000000003,4,1,2,Standard / Hibernating
CUST03262,27,10,88966.28,5,5,5,Champions
CUST03263,71,6,48416.74,3,3,4,Loyal Customers
CUST03264,106,4,38867.36,3,2,3,Standard / Hibernating
CUST03265,106,5,26911.95,3,2,2,Standard / Hibernating
CUST03266,134,4,20588.3,2,2,1,Standard / Hibernating
CUST03267,41,6,63976.869999999995,4,3,5,Loyal Customers
CUST03268,13,6,37106.979999999996,5,3,3,Loyal Customers
CUST03269,8,4,37004.15,5,2,3,Standard / Hibernating
CUST03270,174,2,7537.98,2,1,1,Standard / Hibernating
CUST03271,289,7,29462.85,1,4,2,At Risk
CUST03272,242,3,15047.649999999998,1,1,1,Standard / Hibernating
CUST03273,101,8,44092.31,3,5,4,Loyal Customers
CUST03274,87,12,86126.73,3,5,5,Loyal Customers
CUST03275,119,6,46510.92,2,3,4,Loyal Customers
CUST03276,36,8,52863.5,4,5,4,Champions
CUST03277,71,5,78726.39,3,2,5,Standard / Hibernating
CUST03278,124,4,21745.09,2,2,1,Standard / Hibernating
CUST03279,103,8,52349.369999999995,3,5,4,Loyal Customers
CUST03280,32,5,13754.869999999999,4,2,1,Standard / Hibernating
CUST03281,233,4,19958.440000000002,1,2,1,Standard / Hibernating
CUST03282,337,1,2162.25,1,1,1,Standard / Hibernating
CUST03283,233,3,29435.54,1,1,2,Standard / Hibernating
CUST03284,75,3,23428.48,3,1,2,Standard / Hibernating
CUST03285,173,3,23337.95,2,1,2,Standard / Hibernating
CUST03286,77,5,31477.7,3,2,2,Standard / Hibernating
CUST03287,37,6,51030.490000000005,4,3,4,Loyal Customers
CUST03288,112,8,24146.57,3,5,2,Standard / Hibernating
CUST03289,175,5,50386.43,2,2,4,Standard / Hibernating
CUST03290,20,11,73332.11,5,5,5,Champions
CUST03291,54,9,76456.39,4,5,5,Champions
CUST03292,6,9,67911.1,5,5,5,Champions
CUST03293,136,6,21759.0,2,3,1,At Risk
CUST03294,144,4,29735.32,2,2,2,Standard / Hibernating
CUST03295,59,2,14627.74,4,1,1,Standard / Hibernating
CUST03296,216,3,22106.27,1,1,1,Standard / Hibernating
CUST03297,73,11,55848.35,3,5,5,Loyal Customers
CUST03298,32,6,37079.29,4,3,3,Loyal Customers
CUST03299,23,4,39496.83,5,2,3,Standard / Hibernating
CUST03300,59,11,70884.45,4,5,5,Champions
CUST03301,47,6,38414.91,4,3,3,Loyal Customers
CUST03302,73,8,40112.08,3,5,3,Loyal Customers
CUST03303,10,7,28547.91,5,4,2,Standard / Hibernating
CUST03304,28,9,70089.09000000001,5,5,5,Champions
CUST03305,175,6,43431.26,2,3,4,Loyal Customers
CUST03306,3,7,68137.08,5,4,5,Champions
CUST03307,46,6,34750.170000000006,4,3,3,Loyal Customers
CUST03308,56,4,46917.11,4,2,4,Standard / Hibernating
CUST03309,19,4,25108.96,5,2,2,Standard / Hibernating
CUST03310,409,5,26445.690000000002,1,2,2,Standard / Hibernating
CUST03311,63,6,51271.51,4,3,4,Loyal Customers
CUST03312,336,4,10676.539999999999,1,2,1,Standard / Hibernating
CUST03313,233,3,12433.74,1,1,1,Standard / Hibernating
CUST03314,224,4,39512.53,1,2,3,Standard / Hibernating
CUST03315,31,10,56420.35,4,5,5,Champions
CUST03316,52,5,36298.42,4,2,3,Standard / Hibernating
CUST03317,86,5,24613.83,3,2,2,Standard / Hibernating
CUST03318,143,8,67446.94,2,5,5,Loyal Customers
CUST03319,460,3,13936.19,1,1,1,Standard / Hibernating
CUST03320,73,7,29824.4,3,4,2,Standard / Hibernating
CUST03321,311,4,17809.98,1,2,1,Standard / Hibernating
CUST03322,286,6,21188.86,1,3,1,At Risk
CUST03323,22,10,72654.8,5,5,5,Champions
CUST03324,94,8,49934.28,3,5,4,Loyal Customers
CUST03325,88,5,26430.600000000002,3,2,2,Standard / Hibernating
CUST03326,314,5,50251.25,1,2,4,Standard / Hibernating
CUST03327,155,7,33263.880000000005,2,4,3,Loyal Customers
CUST03328,293,3,17661.02,1,1,1,Standard / Hibernating
CUST03329,115,4,25710.32,3,2,2,Standard / Hibernating
CUST03330,5,5,52218.28,5,2,4,Standard / Hibernating
CUST03331,29,8,54543.409999999996,5,5,4,Champions
CUST03332,258,3,9054.96,1,1,1,Standard / Hibernating
CUST03333,283,4,37305.17,1,2,3,Standard / Hibernating
CUST03334,363,1,16340.04,1,1,1,Standard / Hibernating
CUST03335,71,8,46103.62,3,5,4,Loyal Customers
CUST03336,79,8,49423.72,3,5,4,Loyal Customers
CUST03337,171,5,20919.14,2,2,1,Standard / Hibernating
CUST03338,218,8,60823.37,1,5,5,Loyal Customers
CUST03339,179,7,56873.79,2,4,5,Loyal Customers
CUST03340,32,5,27962.46,4,2,2,Standard / Hibernating
CUST03341,266,5,31627.85,1,2,2,Standard / Hibernating
CUST03342,131,6,27857.34,2,3,2,At Risk
CUST03343,135,3,31869.300000000003,2,1,3,Standard / Hibernating
CUST03344,26,8,50625.78,5,5,4,Champions
CUST03345,346,3,22827.620000000003,1,1,2,Standard / Hibernating
CUST03346,128,3,30201.559999999998,2,1,2,Standard / Hibernating
CUST03347,96,8,59095.93,3,5,5,Loyal Customers
CUST03348,4,8,55987.12,5,5,5,Champions
CUST03349,188,4,36043.45,2,2,3,Standard / Hibernating
CUST03350,218,10,60281.38,1,5,5,Loyal Customers
CUST03351,41,8,56196.11,4,5,5,Champions
CUST03352,117,6,27826.3,2,3,2,At Risk
CUST03353,63,3,18021.43,4,1,1,Standard / Hibernating
CUST03354,405,6,57128.4,1,3,5,Loyal Customers
CUST03355,314,5,28578.47,1,2,2,Standard / Hibernating
CUST03356,107,2,15408.69,3,1,1,Standard / Hibernating
CUST03357,29,8,46043.130000000005,5,5,4,Champions
CUST03358,414,4,17059.07,1,2,1,Standard / Hibernating
CUST03359,428,1,2567.74,1,1,1,Standard / Hibernating
CUST03360,81,6,35320.6,3,3,3,Loyal Customers
CUST03361,556,1,9611.19,1,1,1,Standard / Hibernating
CUST03362,107,7,44918.15,3,4,4,Loyal Customers
CUST03363,168,8,57532.72,2,5,5,Loyal Customers
CUST03364,147,5,28864.29,2,2,2,Standard / Hibernating
CUST03365,5,4,16714.44,5,2,1,Standard / Hibernating
CUST03366,5,6,41959.4,5,3,4,Loyal Customers
CUST03367,134,4,32003.34,2,2,3,Standard / Hibernating
CUST03368,46,9,44466.76,4,5,4,Champions
CUST03369,92,3,15408.12,3,1,1,Standard / Hibernating
CUST03370,133,6,48131.82,2,3,4,Loyal Customers
CUST03371,241,7,68033.32,1,4,5,Loyal Customers
CUST03372,102,8,54724.23,3,5,5,Loyal Customers
CUST03373,275,5,29553.59,1,2,2,Standard / Hibernating
CUST03374,14,4,20889.67,5,2,1,Standard / Hibernating
CUST03375,198,9,57983.45,2,5,5,Loyal Customers
CUST03376,155,9,56120.43,2,5,5,Loyal Customers
CUST03377,59,5,28743.56,4,2,2,Standard / Hibernating
CUST03378,273,5,68376.88,1,2,5,Standard / Hibernating
CUST03379,105,5,22946.690000000002,3,2,2,Standard / Hibernating
CUST03380,84,3,17766.15,3,1,1,Standard / Hibernating
CUST03381,153,3,18186.73,2,1,1,Standard / Hibernating
CUST03382,152,2,39227.74,2,1,3,Standard / Hibernating
CUST03383,1,6,45985.17,5,3,4,Loyal Customers
CUST03384,116,6,33399.47,2,3,3,Loyal Customers
CUST03385,2,5,27151.0,5,2,2,Standard / Hibernating
CUST03386,318,7,48101.71,1,4,4,Loyal Customers
CUST03387,4,7,61393.42,5,4,5,Champions
CUST03388,30,4,27452.09,4,2,2,Standard / Hibernating
CUST03389,60,6,18064.82,4,3,1,Standard / Hibernating
CUST03390,246,5,37199.52,1,2,3,Standard / Hibernating
CUST03391,32,6,25769.12,4,3,2,Standard / Hibernating
CUST03392,330,6,38596.229999999996,1,3,3,Loyal Customers
CUST03393,218,7,65689.38,1,4,5,Loyal Customers
CUST03394,341,2,30877.48,1,1,2,Standard / Hibernating
CUST03395,236,7,42710.99,1,4,4,Loyal Customers
CUST03396,186,5,27933.120000000003,2,2,2,Standard / Hibernating
CUST03397,54,6,43221.8,4,3,4,Loyal Customers
CUST03398,29,8,44557.17,5,5,4,Champions
CUST03399,15,10,60956.8,5,5,5,Champions
CUST03400,111,6,43732.42,3,3,4,Loyal Customers
CUST03401,37,3,11037.45,4,1,1,Standard / Hibernating
CUST03402,290,6,29885.0,1,3,2,At Risk
CUST03403,551,1,9131.2,1,1,1,Standard / Hibernating
CUST03404,67,4,21685.13,3,2,1,Standard / Hibernating
CUST03405,69,4,27797.92,3,2,2,Standard / Hibernating
CUST03406,161,11,99899.35,2,5,5,Loyal Customers
CUST03407,15,8,51149.79,5,5,4,Champions
CUST03408,9,5,51331.41,5,2,4,Standard / Hibernating
CUST03409,198,5,33218.8,2,2,3,Standard / Hibernating
CUST03410,387,2,22527.35,1,1,1,Standard / Hibernating
CUST03411,54,10,34251.75,4,5,3,Loyal Customers
CUST03412,307,3,38566.740000000005,1,1,3,Standard / Hibernating
CUST03413,221,4,26085.77,1,2,2,Standard / Hibernating
CUST03414,128,3,9670.69,2,1,1,Standard / Hibernating
CUST03415,18,8,52457.99,5,5,4,Champions
CUST03416,236,6,40923.72,1,3,3,Loyal Customers
CUST03417,73,4,34000.47,3,2,3,Standard / Hibernating
CUST03418,74,11,79894.98,3,5,5,Loyal Customers
CUST03419,250,3,16519.49,1,1,1,Standard / Hibernating
CUST03420,154,5,32393.33,2,2,3,Standard / Hibernating
CUST03421,28,6,46181.03,5,3,4,Loyal Customers
CUST03422,56,5,36658.240000000005,4,3,3,Loyal Customers
CUST03423,483,2,11864.119999999999,1,1,1,Standard / Hibernating
CUST03424,39,5,46435.46000000001,4,3,4,Loyal Customers
CUST03425,119,7,45969.56,2,4,4,Loyal Customers
CUST03426,11,4,28189.120000000003,5,2,2,Standard / Hibernating
CUST03427,40,8,50369.78,4,5,4,Champions
CUST03428,71,2,17691.06,3,1,1,Standard / Hibernating
CUST03429,281,8,50023.72,1,5,4,Loyal Customers
CUST03430,309,5,26701.03,1,3,2,At Risk
CUST03431,287,5,54410.53,1,3,4,Loyal Customers
CUST03432,48,10,67084.0,4,5,5,Champions
CUST03433,83,6,50130.61,3,3,4,Loyal Customers
CUST03434,64,8,29568.53,4,5,2,Standard / Hibernating
CUST03435,272,3,12448.189999999999,1,1,1,Standard / Hibernating
CUST03436,3,4,22376.55,5,2,1,Standard / Hibernating
CUST03437,95,7,47727.55,3,4,4,Loyal Customers
CUST03438,145,7,72417.84,2,4,5,Loyal Customers
CUST03439,9,12,65778.0,5,5,5,Champions
CUST03440,99,5,26791.55,3,3,2,Standard / Hibernating
CUST03441,464,2,36344.44,1,1,3,Standard / Hibernating
CUST03442,43,8,75931.58,4,5,5,Champions
CUST03443,274,5,28353.059999999998,1,3,2,At Risk
CUST03444,102,4,35067.23,3,2,3,Standard / Hibernating
CUST03445,203,9,56496.99,1,5,5,Loyal Customers
CUST03446,315,5,66380.75,1,3,5,Loyal Customers
CUST03447,21,4,48582.87,5,2,4,Standard / Hibernating
CUST03448,27,5,32332.23,5,3,3,Loyal Customers
CUST03449,105,9,42679.4,3,5,4,Loyal Customers
CUST03450,41,6,54696.65,4,3,5,Loyal Customers
CUST03451,168,5,38837.2,2,3,3,Loyal Customers
CUST03452,9,6,59186.69,5,3,5,Loyal Customers
CUST03453,24,5,41719.8,5,3,4,Loyal Customers
CUST03454,339,5,20318.36,1,3,1,At Risk
CUST03455,1,7,49767.96,5,4,4,Champions
CUST03456,58,6,52922.93,4,3,4,Loyal Customers
CUST03457,77,5,27722.940000000002,3,3,2,Standard / Hibernating
CUST03458,39,4,34392.19,4,2,3,Standard / Hibernating
CUST03459,264,3,24419.7,1,1,2,Standard / Hibernating
CUST03460,207,7,40952.090000000004,1,4,3,Loyal Customers
CUST03461,15,5,43552.29,5,3,4,Loyal Customers
CUST03462,22,5,22751.5,5,3,2,Standard / Hibernating
CUST03463,5,7,43491.4,5,4,4,Champions
CUST03464,155,3,21084.84,2,1,1,Standard / Hibernating
CUST03465,14,7,49259.52,5,4,4,Champions
CUST03466,13,11,72581.03,5,5,5,Champions
CUST03467,69,4,10270.89,3,2,1,Standard / Hibernating
CUST03468,175,4,14296.09,2,2,1,Standard / Hibernating
CUST03469,60,5,29614.33,4,3,2,Standard / Hibernating
CUST03470,52,9,55460.41,4,5,5,Champions
CUST03471,54,5,24899.2,4,3,2,Standard / Hibernating
CUST03472,121,8,39991.97,2,5,3,Loyal Customers
CUST03473,81,5,36583.61,3,3,3,Loyal Customers
CUST03474,42,8,43836.22,4,5,4,Champions
CUST03475,201,7,50204.97,1,4,4,Loyal Customers
CUST03476,290,5,11486.289999999999,1,3,1,At Risk
CUST03477,106,7,45639.3,3,4,4,Loyal Customers
CUST03478,408,4,24989.86,1,2,2,Standard / Hibernating
CUST03479,193,8,59590.54,2,5,5,Loyal Customers
CUST03480,6,5,29690.379999999997,5,3,2,Standard / Hibernating
CUST03481,324,2,8199.4,1,1,1,Standard / Hibernating
CUST03482,22,6,32797.25,5,3,3,Loyal Customers
CUST03483,2,8,45579.22,5,5,4,Champions
CUST03484,25,7,46239.979999999996,5,4,4,Champions
CUST03485,38,7,25032.14,4,4,2,Standard / Hibernating
CUST03486,12,3,10376.01,5,1,1,Standard / Hibernating
CUST03487,152,9,37483.08,2,5,3,Loyal Customers
CUST03488,140,2,12224.710000000001,2,1,1,Standard / Hibernating
CUST03489,20,4,14175.42,5,2,1,Standard / Hibernating
CUST03490,39,6,43671.48,4,3,4,Loyal Customers
CUST03491,1,4,15212.48,5,2,1,Standard / Hibernating
CUST03492,72,10,65643.45,3,5,5,Loyal Customers
CUST03493,50,8,63495.32,4,5,5,Champions
CUST03494,446,4,26866.72,1,2,2,Standard / Hibernating
CUST03495,114,8,36431.15,3,5,3,Loyal Customers
CUST03496,116,4,40744.15,2,2,3,Standard / Hibernating
CUST03497,57,9,68528.05,4,5,5,Champions
CUST03498,203,5,33579.76,1,3,3,Loyal Customers
CUST03499,60,2,18622.800000000003,4,1,1,Standard / Hibernating
CUST03500,35,6,20227.74,4,3,1,Standard / Hibernating
CUST03501,141,7,63795.93,2,4,5,Loyal Customers
CUST03502,172,5,21639.95,2,3,1,At Risk
CUST03503,24,6,46540.42,5,3,4,Loyal Customers
CUST03504,127,5,17553.6,2,3,1,At Risk
CUST03505,119,5,39648.28,2,3,3,Loyal Customers
CUST03506,272,5,22420.98,1,3,1,At Risk
CUST03507,45,7,57969.55,4,4,5,Champions
CUST03508,145,4,32379.39,2,2,3,Standard / Hibernating
CUST03509,15,9,43459.66,5,5,4,Champions
CUST03510,40,7,33096.979999999996,4,4,3,Loyal Customers
CUST03511,17,4,15858.25,5,2,1,Standard / Hibernating
CUST03512,132,5,23847.28,2,3,2,At Risk
CUST03513,237,4,26204.92,1,2,2,Standard / Hibernating
CUST03514,134,4,34090.96,2,2,3,Standard / Hibernating
CUST03515,78,4,17299.36,3,2,1,Standard / Hibernating
CUST03516,172,5,32438.89,2,3,3,Loyal Customers
CUST03517,94,9,78093.72,3,5,5,Loyal Customers
CUST03518,175,11,98923.27,2,5,5,Loyal Customers
CUST03519,67,8,69863.04000000001,3,5,5,Loyal Customers
CUST03520,137,8,41208.12,2,5,3,Loyal Customers
CUST03521,68,4,35187.47,3,2,3,Standard / Hibernating
CUST03522,139,5,30906.42,2,3,2,At Risk
CUST03523,363,2,21265.7,1,1,1,Standard / Hibernating
CUST03524,25,5,36313.880000000005,5,3,3,Loyal Customers
CUST03525,24,6,51512.45,5,3,4,Loyal Customers
CUST03526,244,9,78979.96,1,5,5,Loyal Customers
CUST03527,425,4,22226.24,1,2,1,Standard / Hibernating
CUST03528,223,5,54635.229999999996,1,3,5,Loyal Customers
CUST03529,168,6,35667.61,2,3,3,Loyal Customers
CUST03530,13,8,78692.75,5,5,5,Champions
CUST03531,86,7,61977.52,3,4,5,Loyal Customers
CUST03532,70,7,41704.09,3,4,4,Loyal Customers
CUST03533,126,9,51029.35,2,5,4,Loyal Customers
CUST03534,14,6,48973.630000000005,5,3,4,Loyal Customers
CUST03535,208,7,28202.36,1,4,2,At Risk
CUST03536,26,10,103551.09,5,5,5,Champions
CUST03537,254,4,16218.5,1,2,1,Standard / Hibernating
CUST03538,128,6,37725.32,2,3,3,Loyal Customers
CUST03539,97,4,20484.03,3,2,1,Standard / Hibernating
CUST03540,358,4,12178.32,1,2,1,Standard / Hibernating
CUST03541,463,4,25214.25,1,2,2,Standard / Hibernating
CUST03542,51,6,17764.47,4,3,1,Standard / Hibernating
CUST03543,1,5,33925.3,5,3,3,Loyal Customers
CUST03544,75,2,6156.83,3,1,1,Standard / Hibernating
CUST03545,92,9,55145.59,3,5,5,Loyal Customers
CUST03546,13,6,23051.17,5,3,2,Standard / Hibernating
CUST03547,77,5,50985.95,3,3,4,Loyal Customers
CUST03548,167,7,56768.57,2,4,5,Loyal Customers
CUST03549,172,4,22436.03,2,2,1,Standard / Hibernating
CUST03550,59,4,19583.04,4,2,1,Standard / Hibernating
CUST03551,17,8,66304.93,5,5,5,Champions
CUST03552,153,7,50084.770000000004,2,4,4,Loyal Customers
CUST03553,12,7,49738.31,5,4,4,Champions
CUST03554,84,6,21849.62,3,3,1,Standard / Hibernating
CUST03555,77,7,56181.02,3,4,5,Loyal Customers
CUST03556,41,6,23140.3,4,3,2,Standard / Hibernating
CUST03557,13,6,54065.48,5,3,4,Loyal Customers
CUST03558,54,9,90318.84,4,5,5,Champions
CUST03559,28,8,46825.66,5,5,4,Champions
CUST03560,7,5,39182.05,5,3,3,Loyal Customers
CUST03561,77,6,35125.84,3,3,3,Loyal Customers
CUST03562,51,11,80854.4,4,5,5,Champions
CUST03563,12,4,25755.91,5,2,2,Standard / Hibernating
CUST03564,10,11,70281.27,5,5,5,Champions
CUST03565,9,4,15166.76,5,2,1,Standard / Hibernating
CUST03566,162,3,15528.349999999999,2,1,1,Standard / Hibernating
CUST03567,115,6,28533.41,3,3,2,Standard / Hibernating
CUST03568,172,4,39827.25,2,2,3,Standard / Hibernating
CUST03569,72,8,61932.88,3,5,5,Loyal Customers
CUST03570,84,4,27752.4,3,2,2,Standard / Hibernating
CUST03571,241,3,16008.91,1,1,1,Standard / Hibernating
CUST03572,45,6,23997.0,4,3,2,Standard / Hibernating
CUST03573,18,10,79806.42,5,5,5,Champions
CUST03574,15,8,59801.25,5,5,5,Champions
CUST03575,32,5,35622.64,4,3,3,Loyal Customers
CUST03576,28,9,86729.41,5,5,5,Champions
CUST03577,126,5,30155.36,2,3,2,At Risk
CUST03578,90,3,17721.13,3,1,1,Standard / Hibernating
CUST03579,11,5,18785.73,5,3,1,Standard / Hibernating
CUST03580,264,4,30066.370000000003,1,2,2,Standard / Hibernating
CUST03581,52,11,55774.88,4,5,5,Champions
CUST03582,5,4,21565.0,5,2,1,Standard / Hibernating
CUST03583,65,8,63677.46,3,5,5,Loyal Customers
CUST03584,14,8,35726.34,5,5,3,Loyal Customers
CUST03585,5,6,36941.75,5,3,3,Loyal Customers
CUST03586,41,7,39767.25,4,4,3,Loyal Customers
CUST03587,192,4,36208.76,2,2,3,Standard / Hibernating
CUST03588,4,7,37663.88,5,4,3,Loyal Customers
CUST03589,42,9,125762.41,4,5,5,Champions
CUST03590,96,7,42365.12,3,4,4,Loyal Customers
CUST03591,36,5,30094.86,4,3,2,Standard / Hibernating
CUST03592,217,7,67715.56,1,4,5,Loyal Customers
CUST03593,16,6,22555.7,5,3,1,Standard / Hibernating
CUST03594,371,1,2402.5,1,1,1,Standard / Hibernating
CUST03595,171,3,23547.68,2,1,2,Standard / Hibernating
CUST03596,144,5,46945.880000000005,2,3,4,Loyal Customers
CUST03597,139,8,31746.31,2,5,2,At Risk
CUST03598,33,3,40399.81,4,1,3,Standard / Hibernating
CUST03599,96,6,59231.740000000005,3,3,5,Loyal Customers
CUST03600,33,10,56631.72,4,5,5,Champions
CUST03601,483,4,21325.129999999997,1,2,1,Standard / Hibernating
CUST03602,58,7,33728.97,4,4,3,Loyal Customers
CUST03603,35,4,25605.68,4,2,2,Standard / Hibernating
CUST03604,27,4,40879.33,5,2,3,Standard / Hibernating
CUST03605,2,10,85391.52,5,5,5,Champions
CUST03606,5,10,69443.29000000001,5,5,5,Champions
CUST03607,102,2,5285.67,3,1,1,Standard / Hibernating
CUST03608,30,7,33203.11,4,4,3,Loyal Customers
CUST03609,82,8,43399.01,3,5,4,Loyal Customers
CUST03610,406,4,17178.6,1,2,1,Standard / Hibernating
CUST03611,179,6,45024.04,2,3,4,Loyal Customers
CUST03612,192,5,26099.67,2,3,2,At Risk
CUST03613,158,3,24298.97,2,1,2,Standard / Hibernating
CUST03614,48,5,21504.870000000003,4,3,1,Standard / Hibernating
CUST03615,52,7,42197.31,4,4,4,Champions
CUST03616,96,4,31597.36,3,2,2,Standard / Hibernating
CUST03617,145,6,28668.08,2,3,2,At Risk
CUST03618,54,4,30366.879999999997,4,2,2,Standard / Hibernating
CUST03619,9,6,25018.77,5,3,2,Standard / Hibernating
CUST03620,32,10,58072.31,4,5,5,Champions
CUST03621,283,3,7838.389999999999,1,1,1,Standard / Hibernating
CUST03622,21,5,27692.78,5,3,2,Standard / Hibernating
CUST03623,4,5,24073.239999999998,5,3,2,Standard / Hibernating
CUST03624,18,7,35231.26,5,4,3,Loyal Customers
CUST03625,14,6,28533.47,5,3,2,Standard / Hibernating
CUST03626,249,2,11938.61,1,1,1,Standard / Hibernating
CUST03627,138,10,79429.36,2,5,5,Loyal Customers
CUST03628,155,6,58030.05,2,3,5,Loyal Customers
CUST03629,149,5,19071.07,2,3,1,At Risk
CUST03630,39,8,36295.93,4,5,3,Loyal Customers
CUST03631,230,6,35607.47,1,3,3,Loyal Customers
CUST03632,171,7,38233.7,2,4,3,Loyal Customers
CUST03633,25,7,51481.74,5,4,4,Champions
CUST03634,19,6,34014.28,5,3,3,Loyal Customers
CUST03635,66,6,33864.61,3,3,3,Loyal Customers
CUST03636,7,7,41373.95,5,4,3,Loyal Customers
CUST03637,45,7,62159.310000000005,4,4,5,Champions
CUST03638,128,5,29555.15,2,3,2,At Risk
CUST03639,21,4,22658.98,5,2,1,Standard / Hibernating
CUST03640,85,11,63374.64,3,5,5,Loyal Customers
CUST03641,113,7,21759.07,3,4,1,Standard / Hibernating
CUST03642,105,8,41628.58,3,5,3,Loyal Customers
CUST03643,323,5,29344.34,1,3,2,At Risk
CUST03644,89,11,84219.88,3,5,5,Loyal Customers
CUST03645,28,7,37859.16,5,4,3,Loyal Customers
CUST03646,12,5,41390.04,5,3,3,Loyal Customers
CUST03647,43,8,50728.99,4,5,4,Champions
CUST03648,77,9,45711.97,3,5,4,Loyal Customers
CUST03649,23,5,25980.760000000002,5,3,2,Standard / Hibernating
CUST03650,84,6,37002.98,3,3,3,Loyal Customers
CUST03651,175,6,19401.05,2,3,1,At Risk
CUST03652,233,3,13771.0,1,1,1,Standard / Hibernating
CUST03653,35,8,48116.84,4,5,4,Champions
CUST03654,176,6,27254.31,2,3,2,At Risk
CUST03655,203,6,30184.25,1,3,2,At Risk
CUST03656,49,8,71350.74,4,5,5,Champions
CUST03657,7,10,53988.32,5,5,4,Champions
CUST03658,168,3,19117.33,2,1,1,Standard / Hibernating
CUST03659,235,4,35833.28,1,2,3,Standard / Hibernating
CUST03660,150,6,45399.39,2,3,4,Loyal Customers
CUST03661,342,7,34254.59,1,4,3,Loyal Customers
CUST03662,146,7,52801.600000000006,2,4,4,Loyal Customers
CUST03663,21,5,28533.31,5,3,2,Standard / Hibernating
CUST03664,92,4,49289.6,3,2,4,Standard / Hibernating
CUST03665,12,7,37018.14,5,4,3,Loyal Customers
CUST03666,42,7,45804.5,4,4,4,Champions
CUST03667,470,4,32107.850000000002,1,2,3,Standard / Hibernating
CUST03668,1,9,43985.36,5,5,4,Champions
CUST03669,700,1,2432.6,1,1,1,Standard / Hibernating
CUST03670,137,8,72838.23,2,5,5,Loyal Customers
CUST03671,103,10,83425.56,3,5,5,Loyal Customers
CUST03672,57,7,49063.61,4,4,4,Champions
CUST03673,14,5,41103.33,5,3,3,Loyal Customers
CUST03674,47,8,43444.1,4,5,4,Champions
CUST03675,24,5,18786.43,5,3,1,Standard / Hibernating
CUST03676,32,5,19731.92,4,3,1,Standard / Hibernating
CUST03677,107,8,52426.770000000004,3,5,4,Loyal Customers
CUST03678,54,5,47337.17,4,3,4,Loyal Customers
CUST03679,77,6,41959.47,3,3,4,Loyal Customers
CUST03680,44,11,72564.75,4,5,5,Champions
CUST03681,28,4,23576.91,5,2,2,Standard / Hibernating
CUST03682,42,9,49498.53,4,5,4,Champions
CUST03683,27,7,84222.63,5,4,5,Champions
CUST03684,131,3,20799.67,2,1,1,Standard / Hibernating
CUST03685,95,8,63421.0,3,5,5,Loyal Customers
CUST03686,300,4,11036.86,1,2,1,Standard / Hibernating
CUST03687,311,4,20078.559999999998,1,2,1,Standard / Hibernating
CUST03688,230,4,15482.699999999999,1,2,1,Standard / Hibernating
CUST03689,284,4,34767.43,1,2,3,Standard / Hibernating
CUST03690,93,9,31340.35,3,5,2,Standard / Hibernating
CUST03691,47,7,40698.0,4,4,3,Loyal Customers
CUST03692,144,6,39947.490000000005,2,3,3,Loyal Customers
CUST03693,107,10,46989.26,3,5,4,Loyal Customers
CUST03694,60,5,21834.7,4,3,1,Standard / Hibernating
CUST03695,145,6,45262.58,2,3,4,Loyal Customers
CUST03696,73,11,82311.99,3,5,5,Loyal Customers
CUST03697,102,5,42681.5,3,3,4,Loyal Customers
CUST03698,101,8,50234.490000000005,3,5,4,Loyal Customers
CUST03699,110,3,16129.07,3,1,1,Standard / Hibernating
CUST03700,157,5,32212.98,2,3,3,Loyal Customers
CUST03701,82,4,18890.9,3,2,1,Standard / Hibernating
CUST03702,3,8,54184.12,5,5,4,Champions
CUST03703,120,5,32121.929999999997,2,3,3,Loyal Customers
CUST03704,100,5,25349.88,3,3,2,Standard / Hibernating
CUST03705,20,11,93201.51000000001,5,5,5,Champions
CUST03706,39,4,27722.88,4,2,2,Standard / Hibernating
CUST03707,183,7,32752.07,2,4,3,Loyal Customers
CUST03708,135,5,40908.700000000004,2,3,3,Loyal Customers
CUST03709,346,5,28081.42,1,3,2,At Risk
CUST03710,104,7,56797.93,3,4,5,Loyal Customers
CUST03711,161,2,6306.92,2,1,1,Standard / Hibernating
CUST03712,5,12,99314.97,5,5,5,Champions
CUST03713,258,5,33325.06,1,3,3,Loyal Customers
CUST03714,59,3,23879.04,4,1,2,Standard / Hibernating
CUST03715,175,5,42051.31,2,3,4,Loyal Customers
CUST03716,28,6,46825.600000000006,5,3,4,Loyal Customers
CUST03717,477,2,13215.83,1,1,1,Standard / Hibernating
CUST03718,131,6,35832.18,2,3,3,Loyal Customers
CUST03719,30,8,79145.01000000001,4,5,5,Champions
CUST03720,40,10,98502.7,4,5,5,Champions
CUST03721,73,5,29825.56,3,3,2,Standard / Hibernating
CUST03722,81,3,9941.08,3,1,1,Standard / Hibernating
CUST03723,75,5,26460.609999999997,3,3,2,Standard / Hibernating
CUST03724,69,9,49737.42,3,5,4,Loyal Customers
CUST03725,8,3,14250.99,5,1,1,Standard / Hibernating
CUST03726,78,6,30095.42,3,3,2,Standard / Hibernating
CUST03727,561,5,36657.57,1,3,3,Loyal Customers
CUST03728,180,6,42845.68,2,3,4,Loyal Customers
CUST03729,55,6,40727.2,4,3,3,Loyal Customers
CUST03730,4,6,39436.78999999999,5,3,3,Loyal Customers
CUST03731,213,4,37019.86,1,2,3,Standard / Hibernating
CUST03732,356,5,45428.86,1,3,4,Loyal Customers
CUST03733,63,8,43236.11,4,5,4,Champions
CUST03734,286,4,28774.83,1,2,2,Standard / Hibernating
CUST03735,85,6,73259.26,3,3,5,Loyal Customers
CUST03736,84,7,51179.840000000004,3,4,4,Loyal Customers
CUST03737,92,5,38401.7,3,3,3,Loyal Customers
CUST03738,42,4,25980.629999999997,4,2,2,Standard / Hibernating
CUST03739,446,6,36236.46,1,3,3,Loyal Customers
CUST03740,36,9,75360.70000000001,4,5,5,Champions
CUST03741,124,3,13981.25,2,1,1,Standard / Hibernating
CUST03742,76,7,32992.93,3,4,3,Loyal Customers
CUST03743,182,6,32888.93,2,3,3,Loyal Customers
CUST03744,37,8,59905.979999999996,4,5,5,Champions
CUST03745,101,5,40637.950000000004,3,3,3,Loyal Customers
CUST03746,309,4,20514.07,1,2,1,Standard / Hibernating
CUST03747,1,4,30365.66,5,2,2,Standard / Hibernating
CUST03748,323,4,29060.08,1,2,2,Standard / Hibernating
CUST03749,13,10,91956.07,5,5,5,Champions
CUST03750,71,4,43251.54,3,2,4,Standard / Hibernating
CUST03751,346,4,22736.47,1,2,2,Standard / Hibernating
CUST03752,23,7,37408.53,5,4,3,Loyal Customers
CUST03753,326,5,49920.2,1,3,4,Loyal Customers
CUST03754,268,5,51543.01,1,3,4,Loyal Customers
CUST03755,3,9,53523.22,5,5,4,Champions
CUST03756,239,6,38310.26,1,3,3,Loyal Customers
CUST03757,25,7,47847.520000000004,5,4,4,Champions
CUST03758,32,7,44362.479999999996,4,4,4,Champions
CUST03759,16,6,50459.76,5,3,4,Loyal Customers
CUST03760,38,5,29824.480000000003,4,3,2,Standard / Hibernating
CUST03761,150,6,34270.28,2,3,3,Loyal Customers
CUST03762,11,12,63899.44,5,5,5,Champions
CUST03763,196,2,17932.06,2,1,1,Standard / Hibernating
CUST03764,338,7,44421.49,1,4,4,Loyal Customers
CUST03765,213,5,36658.85,1,3,3,Loyal Customers
CUST03766,242,6,29823.870000000003,1,3,2,At Risk
CUST03767,158,10,52891.32,2,5,4,Loyal Customers
CUST03768,168,5,34420.97,2,3,3,Loyal Customers
CUST03769,51,4,45340.05,4,2,4,Standard / Hibernating
CUST03770,4,4,23833.01,5,2,2,Standard / Hibernating
CUST03771,132,5,29870.64,2,3,2,At Risk
CUST03772,332,6,41298.67,1,3,3,Loyal Customers
CUST03773,20,7,45412.88,5,4,4,Champions
CUST03774,90,5,25619.45,3,3,2,Standard / Hibernating
CUST03775,217,5,11261.57,1,3,1,At Risk
CUST03776,83,7,53657.37,3,4,4,Loyal Customers
CUST03777,301,6,19476.59,1,3,1,At Risk
CUST03778,132,10,70824.39,2,5,5,Loyal Customers
CUST03779,18,6,33759.590000000004,5,3,3,Loyal Customers
CUST03780,711,2,2927.6,1,1,1,Standard / Hibernating
CUST03781,49,8,47905.5,4,5,4,Champions
CUST03782,156,5,27301.82,2,3,2,At Risk
CUST03783,182,8,40590.91,2,5,3,Loyal Customers
CUST03784,212,5,32798.73,1,3,3,Loyal Customers
CUST03785,30,3,14867.38,4,1,1,Standard / Hibernating
CUST03786,98,5,43972.69,3,3,4,Loyal Customers
CUST03787,79,5,27062.02,3,3,2,Standard / Hibernating
CUST03788,204,8,43957.079999999994,1,5,4,Loyal Customers
CUST03789,157,2,17781.81,2,1,1,Standard / Hibernating
CUST03790,49,7,30454.71,4,4,2,Standard / Hibernating
CUST03791,210,4,17480.28,1,2,1,Standard / Hibernating
CUST03792,84,9,63885.29,3,5,5,Loyal Customers
CUST03793,27,6,49258.81,5,3,4,Loyal Customers
CUST03794,322,5,26339.260000000002,1,3,2,At Risk
CUST03795,56,9,77178.45,4,5,5,Champions
CUST03796,80,5,33323.86,3,3,3,Loyal Customers
CUST03797,41,9,76953.6,4,5,5,Champions
CUST03798,72,5,17644.379999999997,3,3,1,Standard / Hibernating
CUST03799,558,1,10272.7,1,1,1,Standard / Hibernating
CUST03800,41,13,104374.08,4,5,5,Champions
CUST03801,11,8,37483.73,5,5,3,Loyal Customers
CUST03802,107,9,57909.01,3,5,5,Loyal Customers
CUST03803,35,5,40052.21,4,3,3,Loyal Customers
CUST03804,101,9,60476.69,3,5,5,Loyal Customers
CUST03805,363,2,17211.07,1,1,1,Standard / Hibernating
CUST03806,131,4,24508.61,2,2,2,Standard / Hibernating
CUST03807,76,6,58238.61,3,3,5,Loyal Customers
CUST03808,41,10,41868.08,4,5,4,Champions
CUST03809,121,6,34794.71,2,3,3,Loyal Customers
CUST03810,151,7,39870.58,2,4,3,Loyal Customers
CUST03811,73,4,16669.13,3,2,1,Standard / Hibernating
CUST03812,197,11,67640.25,2,5,5,Loyal Customers
CUST03813,1,11,83754.37,5,5,5,Champions
CUST03814,104,5,23532.48,3,3,2,Standard / Hibernating
CUST03815,406,4,24178.82,1,2,2,Standard / Hibernating
CUST03816,491,2,14416.78,1,1,1,Standard / Hibernating
CUST03817,48,6,30965.88,4,3,2,Standard / Hibernating
CUST03818,1,12,85616.04,5,5,5,Champions
CUST03819,130,7,43145.88,2,4,4,Loyal Customers
CUST03820,249,5,18966.65,1,3,1,At Risk
CUST03821,328,6,35817.68,1,3,3,Loyal Customers
CUST03822,173,3,16038.449999999999,2,1,1,Standard / Hibernating
CUST03823,82,6,31897.12,3,3,3,Loyal Customers
CUST03824,24,5,23006.73,5,3,2,Standard / Hibernating
CUST03825,348,6,47066.060000000005,1,3,4,Loyal Customers
CUST03826,16,6,54305.94,5,3,4,Loyal Customers
CUST03827,230,8,60071.82,1,5,5,Loyal Customers
CUST03828,93,7,49214.350000000006,3,4,4,Loyal Customers
CUST03829,30,8,39315.63,4,5,3,Loyal Customers
CUST03830,59,8,56016.51,4,5,5,Champions
CUST03831,186,7,52441.72,2,4,4,Loyal Customers
CUST03832,43,2,8544.970000000001,4,1,1,Standard / Hibernating
CUST03833,194,7,43912.15,2,4,4,Loyal Customers
CUST03834,109,5,37258.4,3,3,3,Loyal Customers
CUST03835,4,4,37574.9,5,2,3,Standard / Hibernating
CUST03836,61,10,71093.72,4,5,5,Champions
CUST03837,100,3,8934.14,3,1,1,Standard / Hibernating
CUST03838,135,5,20859.12,2,3,1,At Risk
CUST03839,68,3,14191.580000000002,3,1,1,Standard / Hibernating
CUST03840,7,8,103354.8,5,5,5,Champions
CUST03841,86,4,23456.54,3,2,2,Standard / Hibernating
CUST03842,71,5,31386.98,3,3,2,Standard / Hibernating
CUST03843,282,6,40051.43,1,3,3,Loyal Customers
CUST03844,117,5,19071.04,2,3,1,At Risk
CUST03845,37,2,24389.690000000002,4,1,2,Standard / Hibernating
CUST03846,153,3,19778.870000000003,2,1,1,Standard / Hibernating
CUST03847,35,5,46676.11,4,3,4,Loyal Customers
CUST03848,288,4,24628.75,1,2,2,Standard / Hibernating
CUST03849,199,3,12959.970000000001,2,1,1,Standard / Hibernating
CUST03850,109,4,12282.92,3,2,1,Standard / Hibernating
CUST03851,58,7,25483.309999999998,4,4,2,Standard / Hibernating
CUST03852,169,4,20889.670000000002,2,2,1,Standard / Hibernating
CUST03853,74,5,49199.3,3,3,4,Loyal Customers
CUST03854,53,6,33204.28,4,3,3,Loyal Customers
CUST03855,126,4,14086.0,2,2,1,Standard / Hibernating
CUST03856,160,8,60793.03999999999,2,5,5,Loyal Customers
CUST03857,58,6,30665.64,4,3,2,Standard / Hibernating
CUST03858,75,6,33144.3,3,3,3,Loyal Customers
CUST03859,121,8,53013.25,2,5,4,Loyal Customers
CUST03860,290,7,37678.96,1,4,3,Loyal Customers
CUST03861,293,5,37830.45,1,3,3,Loyal Customers
CUST03862,253,5,31326.87,1,3,2,At Risk
CUST03863,41,4,21430.34,4,2,1,Standard / Hibernating
CUST03864,118,5,21700.14,2,3,1,At Risk
CUST03865,113,5,17749.98,3,3,1,Standard / Hibernating
CUST03866,107,5,22991.87,3,3,2,Standard / Hibernating
CUST03867,272,5,48388.91,1,3,4,Loyal Customers
CUST03868,115,7,41930.17,3,4,4,Loyal Customers
CUST03869,86,7,61753.86,3,4,5,Loyal Customers
CUST03870,75,5,15211.81,3,3,1,Standard / Hibernating
CUST03871,254,7,53237.91,1,4,4,Loyal Customers
CUST03872,245,7,35141.39,1,4,3,Loyal Customers
CUST03873,131,5,33594.24,2,3,3,Loyal Customers
CUST03874,34,6,42741.01,4,3,4,Loyal Customers
CUST03875,248,3,23188.11,1,1,2,Standard / Hibernating
CUST03876,320,6,46644.99,1,3,4,Loyal Customers
CUST03877,20,9,56092.130000000005,5,5,5,Champions
CUST03878,145,7,38055.11,2,4,3,Loyal Customers
CUST03879,278,4,11412.4,1,2,1,Standard / Hibernating
CUST03880,37,5,24507.05,4,3,2,Standard / Hibernating
CUST03881,151,4,15692.32,2,2,1,Standard / Hibernating
CUST03882,71,5,24959.38,3,3,2,Standard / Hibernating
CUST03883,162,7,40516.990000000005,2,4,3,Loyal Customers
CUST03884,85,5,45983.4,3,3,4,Loyal Customers
CUST03885,277,5,33024.729999999996,1,3,3,Loyal Customers
CUST03886,56,6,27857.49,4,3,2,Standard / Hibernating
CUST03887,216,4,41013.990000000005,1,2,3,Standard / Hibernating
CUST03888,63,4,29916.24,4,2,2,Standard / Hibernating
CUST03889,101,5,25995.2,3,3,2,Standard / Hibernating
CUST03890,18,5,51482.39,5,3,4,Loyal Customers
CUST03891,28,7,50069.85,5,4,4,Champions
CUST03892,137,6,39241.64,2,3,3,Loyal Customers
CUST03893,27,7,57743.74,5,4,5,Champions
CUST03894,227,7,60628.48,1,4,5,Loyal Customers
CUST03895,225,3,23998.02,1,1,2,Standard / Hibernating
CUST03896,20,5,46376.29,5,3,4,Loyal Customers
CUST03897,401,4,60643.479999999996,1,2,5,Standard / Hibernating
CUST03898,103,8,59651.68,3,5,5,Loyal Customers
CUST03899,37,5,19370.98,4,3,1,Standard / Hibernating
CUST03900,168,7,56738.59,2,4,5,Loyal Customers
CUST03901,38,7,45204.3,4,4,4,Champions
CUST03902,45,5,30455.770000000004,4,3,2,Standard / Hibernating
CUST03903,35,9,103190.43000000001,4,5,5,Champions
CUST03904,284,7,39526.38,1,4,3,Loyal Customers
CUST03905,4,9,51976.19,5,5,4,Champions
CUST03906,76,6,37454.22,3,3,3,Loyal Customers
CUST03907,84,7,46795.869999999995,3,4,4,Loyal Customers
CUST03908,16,2,8199.4,5,1,1,Standard / Hibernating
CUST03909,186,4,51197.41,2,2,4,Standard / Hibernating
CUST03910,12,5,25229.61,5,3,2,Standard / Hibernating
CUST03911,8,10,66363.20999999999,5,5,5,Champions
CUST03912,53,4,34076.1,4,2,3,Standard / Hibernating
CUST03913,43,6,24943.16,4,3,2,Standard / Hibernating
CUST03914,91,4,13485.029999999999,3,2,1,Standard / Hibernating
CUST03915,50,4,34707.42,4,2,3,Standard / Hibernating
CUST03916,376,4,34796.97,1,2,3,Standard / Hibernating
CUST03917,108,10,47034.91,3,5,4,Loyal Customers
CUST03918,234,3,29946.43,1,1,2,Standard / Hibernating
CUST03919,8,5,23020.23,5,3,2,Standard / Hibernating
CUST03920,8,4,25530.11,5,2,2,Standard / Hibernating
CUST03921,98,6,25139.1,3,3,2,Standard / Hibernating
CUST03922,54,6,20887.97,4,3,1,Standard / Hibernating
CUST03923,32,6,46989.2,4,3,4,Loyal Customers
CUST03924,53,4,43072.15,4,2,4,Standard / Hibernating
CUST03925,25,2,20424.59,5,1,1,Standard / Hibernating
CUST03926,81,11,63178.35,3,5,5,Loyal Customers
CUST03927,6,5,16743.66,5,3,1,Standard / Hibernating
CUST03928,93,3,10046.17,3,1,1,Standard / Hibernating
CUST03929,269,4,27332.34,1,2,2,Standard / Hibernating
CUST03930,32,4,16954.63,4,2,1,Standard / Hibernating
CUST03931,306,3,33340.659999999996,1,1,3,Standard / Hibernating
CUST03932,232,6,39632.17,1,3,3,Loyal Customers
CUST03933,29,4,20228.129999999997,5,2,1,Standard / Hibernating
CUST03934,41,6,29102.38,4,3,2,Standard / Hibernating
CUST03935,100,5,31176.120000000003,3,3,2,Standard / Hibernating
CUST03936,230,4,40969.909999999996,1,2,3,Standard / Hibernating
CUST03937,34,6,44242.91,4,3,4,Loyal Customers
CUST03938,123,4,47547.920000000006,2,2,4,Standard / Hibernating
CUST03939,65,5,40518.86,3,3,3,Loyal Customers
CUST03940,12,6,63857.68000000001,5,3,5,Loyal Customers
CUST03941,105,1,3138.47,3,1,1,Standard / Hibernating
CUST03942,20,6,33549.16,5,3,3,Loyal Customers
CUST03943,30,5,39046.18,4,3,3,Loyal Customers
CUST03944,91,4,27843.010000000002,3,2,2,Standard / Hibernating
CUST03945,173,6,47456.52,2,3,4,Loyal Customers
CUST03946,139,4,48929.729999999996,2,2,4,Standard / Hibernating
CUST03947,8,8,45652.94,5,5,4,Champions
CUST03948,135,3,10420.560000000001,2,1,1,Standard / Hibernating
CUST03949,187,4,42021.3,2,2,4,Standard / Hibernating
CUST03950,303,7,45488.97,1,4,4,Loyal Customers
CUST03951,6,6,52772.29,5,3,4,Loyal Customers
CUST03952,68,5,25288.519999999997,3,3,2,Standard / Hibernating
CUST03953,350,3,47758.62,1,1,4,Standard / Hibernating
CUST03954,165,4,31176.85,2,2,2,Standard / Hibernating
CUST03955,25,10,73120.49,5,5,5,Champions
CUST03956,257,10,82058.32,1,5,5,Loyal Customers
CUST03957,324,4,19191.97,1,2,1,Standard / Hibernating
CUST03958,77,6,30531.08,3,3,2,Standard / Hibernating
CUST03959,102,6,25529.510000000002,3,3,2,Standard / Hibernating
CUST03960,20,9,77372.78,5,5,5,Champions
CUST03961,25,2,27212.74,5,1,2,Standard / Hibernating
CUST03962,142,3,35954.06,2,1,3,Standard / Hibernating
CUST03963,13,10,88441.97,5,5,5,Champions
CUST03964,6,5,28291.76,5,3,2,Standard / Hibernating
CUST03965,66,9,77312.15000000001,3,5,5,Loyal Customers
CUST03966,63,9,67761.42,4,5,5,Champions
CUST03967,122,6,56903.89,2,3,5,Loyal Customers
CUST03968,243,3,27753.4,1,1,2,Standard / Hibernating
CUST03969,141,11,89778.43000000001,2,5,5,Loyal Customers
CUST03970,224,3,14476.98,1,1,1,Standard / Hibernating
CUST03971,89,2,21116.1,3,1,1,Standard / Hibernating
CUST03972,178,5,34691.32,2,3,3,Loyal Customers
CUST03973,539,2,9160.689999999999,1,1,1,Standard / Hibernating
CUST03974,49,4,37665.57,4,2,3,Standard / Hibernating
CUST03975,179,4,17463.97,2,2,1,Standard / Hibernating
CUST03976,70,8,66739.16,3,5,5,Loyal Customers
CUST03977,106,8,63676.94,3,5,5,Loyal Customers
CUST03978,25,8,61077.92,5,5,5,Champions
CUST03979,167,3,14582.08,2,1,1,Standard / Hibernating
CUST03980,9,5,36794.12,5,3,3,Loyal Customers
CUST03981,61,6,35111.24,4,3,3,Loyal Customers
CUST03982,147,5,27001.440000000002,2,3,2,At Risk
CUST03983,4,8,43986.62,5,5,4,Champions
CUST03984,23,8,34119.41,5,5,3,Loyal Customers
CUST03985,10,5,26205.920000000002,5,3,2,Standard / Hibernating
CUST03986,154,5,20903.51,2,3,1,At Risk
CUST03987,22,8,41117.25,5,5,3,Loyal Customers
CUST03988,117,4,34151.67,2,2,3,Standard / Hibernating
CUST03989,381,5,24251.879999999997,1,3,2,At Risk
CUST03990,2,7,68151.56,5,4,5,Champions
CUST03991,31,5,44153.3,4,3,4,Loyal Customers
CUST03992,127,8,54153.95,2,5,4,Loyal Customers
CUST03993,88,4,17869.07,3,2,1,Standard / Hibernating
CUST03994,11,3,36164.24,5,1,3,Standard / Hibernating
CUST03995,306,7,48508.020000000004,1,4,4,Loyal Customers
CUST03996,97,6,40382.96,3,3,3,Loyal Customers
CUST03997,241,5,26400.61,1,3,2,At Risk
CUST03998,289,3,20949.75,1,1,1,Standard / Hibernating
CUST03999,8,5,47952.96,5,3,4,Loyal Customers
CUST04000,150,7,99886.44,2,4,5,Loyal Customers
CUST04001,219,6,57489.44,1,3,5,Loyal Customers
CUST04002,73,6,26085.29,3,3,2,Standard / Hibernating
CUST04003,90,6,38475.69,3,3,3,Loyal Customers
CUST04004,25,2,7568.68,5,1,1,Standard / Hibernating
CUST04005,36,9,73631.92,4,5,5,Champions
CUST04006,30,5,35606.97,4,3,3,Loyal Customers
CUST04007,92,7,34315.26,3,4,3,Loyal Customers
CUST04008,146,12,43743.86,2,5,4,Loyal Customers
CUST04009,310,5,35773.23,1,3,3,Loyal Customers
CUST04010,51,7,50580.5,4,4,4,Champions
CUST04011,235,4,46841.98,1,2,4,Standard / Hibernating
CUST04012,30,5,25513.87,4,3,2,Standard / Hibernating
CUST04013,38,9,40305.270000000004,4,5,3,Loyal Customers
CUST04014,62,9,62158.23,4,5,5,Champions
CUST04015,69,5,30876.38,3,3,2,Standard / Hibernating
CUST04016,19,7,20842.78,5,4,1,Standard / Hibernating
CUST04017,24,5,20393.37,5,3,1,Standard / Hibernating
CUST04018,15,7,24550.739999999998,5,4,2,Standard / Hibernating
CUST04019,229,4,15527.69,1,2,1,Standard / Hibernating
CUST04020,157,3,24478.61,2,1,2,Standard / Hibernating
CUST04021,143,7,69308.56,2,4,5,Loyal Customers
CUST04022,61,9,63209.520000000004,4,5,5,Champions
CUST04023,38,7,28472.61,4,4,2,Standard / Hibernating
CUST04024,11,7,45774.93,5,4,4,Champions
CUST04025,273,4,28534.489999999998,1,2,2,Standard / Hibernating
CUST04026,39,7,37631.53,4,4,3,Loyal Customers
CUST04027,83,7,53162.84,3,4,4,Loyal Customers
CUST04028,91,6,22840.93,3,3,2,Standard / Hibernating
CUST04029,197,6,24988.72,2,3,2,At Risk
CUST04030,103,5,27450.15,3,3,2,Standard / Hibernating
CUST04031,99,6,58749.83,3,3,5,Loyal Customers
CUST04032,127,6,62865.78,2,3,5,Loyal Customers
CUST04033,29,5,28082.170000000002,5,3,2,Standard / Hibernating
CUST04034,123,4,16548.989999999998,2,2,1,Standard / Hibernating
CUST04035,71,5,42710.090000000004,3,3,4,Loyal Customers
CUST04036,400,6,50173.56,1,3,4,Loyal Customers
CUST04037,46,6,55431.16,4,3,5,Loyal Customers
CUST04038,168,9,46809.51,2,5,4,Loyal Customers
CUST04039,42,5,53765.22,4,3,4,Loyal Customers
CUST04040,3,6,35742.11,5,3,3,Loyal Customers
CUST04041,6,3,13814.92,5,1,1,Standard / Hibernating
CUST04042,153,8,76742.48,2,5,5,Loyal Customers
CUST04043,182,4,17705.68,2,2,1,Standard / Hibernating
CUST04044,51,7,51226.44,4,4,4,Champions
CUST04045,21,6,65344.5,5,4,5,Champions
CUST04046,141,5,28623.98,2,3,2,At Risk
CUST04047,233,8,31805.75,1,5,3,Loyal Customers
CUST04048,62,7,34179.34,4,4,3,Loyal Customers
CUST04049,326,3,9775.83,1,1,1,Standard / Hibernating
CUST04050,122,5,28023.15,2,3,2,At Risk
CUST04051,408,6,25438.85,1,4,2,At Risk
CUST04052,24,4,28594.510000000002,5,2,2,Standard / Hibernating
CUST04053,193,5,22570.6,2,3,1,At Risk
CUST04054,253,3,8859.77,1,1,1,Standard / Hibernating
CUST04055,325,5,33955.96,1,3,3,Loyal Customers
CUST04056,20,4,25349.79,5,2,2,Standard / Hibernating
CUST04057,25,8,43550.869999999995,5,5,4,Champions
CUST04058,144,8,62249.55,2,5,5,Loyal Customers
CUST04059,89,9,66123.72,3,5,5,Loyal Customers
CUST04060,349,3,14642.130000000001,1,1,1,Standard / Hibernating
CUST04061,18,5,18666.18,5,3,1,Standard / Hibernating
CUST04062,73,5,19582.37,3,3,1,Standard / Hibernating
CUST04063,24,7,52863.04,5,4,4,Champions
CUST04064,1,5,44318.66,5,3,4,Loyal Customers
CUST04065,42,4,19492.87,4,2,1,Standard / Hibernating
CUST04066,51,6,36568.200000000004,4,4,3,Loyal Customers
CUST04067,97,6,32422.190000000002,3,4,3,Loyal Customers
CUST04068,252,5,50731.4,1,3,4,Loyal Customers
CUST04069,31,6,29627.91,4,4,2,Standard / Hibernating
CUST04070,117,6,32226.969999999998,2,4,3,Loyal Customers
CUST04071,207,4,26386.660000000003,1,2,2,Standard / Hibernating
CUST04072,197,3,24389.21,2,1,2,Standard / Hibernating
CUST04073,202,5,35020.64,1,3,3,Loyal Customers
CUST04074,276,6,44107.21,1,4,4,Loyal Customers
CUST04075,16,12,110801.96,5,5,5,Champions
CUST04076,234,7,53569.92,1,4,4,Loyal Customers
CUST04077,64,9,93456.77,4,5,5,Champions
CUST04078,34,3,13741.08,4,1,1,Standard / Hibernating
CUST04079,158,8,52336.12,2,5,4,Loyal Customers
CUST04080,161,6,65898.88,2,4,5,Loyal Customers
CUST04081,35,11,83394.14,4,5,5,Champions
CUST04082,193,3,20995.34,2,1,1,Standard / Hibernating
CUST04083,182,8,63315.869999999995,2,5,5,Loyal Customers
CUST04084,195,6,22164.5,2,4,1,At Risk
CUST04085,77,5,37319.86,3,3,3,Loyal Customers
CUST04086,33,10,101266.38,4,5,5,Champions
CUST04087,249,5,43251.54,1,3,4,Loyal Customers
CUST04088,165,5,49710.490000000005,2,3,4,Loyal Customers
CUST04089,11,7,49033.12,5,4,4,Champions
CUST04090,40,5,37168.880000000005,4,3,3,Loyal Customers
CUST04091,8,11,49645.34,5,5,4,Champions
CUST04092,42,7,41599.53,4,4,3,Loyal Customers
CUST04093,215,2,8800.17,1,1,1,Standard / Hibernating
CUST04094,28,5,31492.04,5,3,2,Standard / Hibernating
CUST04095,14,8,56587.24,5,5,5,Champions
CUST04096,177,4,19717.53,2,2,1,Standard / Hibernating
CUST04097,115,7,28112.18,3,4,2,Standard / Hibernating
CUST04098,71,7,37588.75,3,4,3,Loyal Customers
CUST04099,62,5,27167.14,4,3,2,Standard / Hibernating
CUST04100,72,6,55234.880000000005,3,4,5,Loyal Customers
CUST04101,82,7,45773.67,3,4,4,Loyal Customers
CUST04102,391,3,27363.489999999998,1,1,2,Standard / Hibernating
CUST04103,278,5,19387.0,1,3,1,At Risk
CUST04104,155,4,23427.91,2,2,2,Standard / Hibernating
CUST04105,94,5,42590.840000000004,3,3,4,Loyal Customers
CUST04106,40,4,15557.130000000001,4,2,1,Standard / Hibernating
CUST04107,67,7,27376.32,3,4,2,Standard / Hibernating
CUST04108,101,7,45413.16,3,4,4,Loyal Customers
CUST04109,13,6,36252.06,5,4,3,Loyal Customers
CUST04110,24,3,11893.55,5,1,1,Standard / Hibernating
CUST04111,34,5,35292.659999999996,4,3,3,Loyal Customers
CUST04112,217,7,24220.510000000002,1,4,2,At Risk
CUST04113,169,4,18066.030000000002,2,2,1,Standard / Hibernating
CUST04114,159,6,29029.05,2,4,2,At Risk
CUST04115,81,5,29644.239999999998,3,3,2,Standard / Hibernating
CUST04116,163,5,40398.009999999995,2,3,3,Loyal Customers
CUST04117,40,5,24493.7,4,3,2,Standard / Hibernating
CUST04118,92,6,50250.840000000004,3,4,4,Loyal Customers
CUST04119,35,6,42530.22,4,4,4,Champions
CUST04120,197,5,36959.14,2,3,3,Loyal Customers
CUST04121,18,9,72027.19,5,5,5,Champions
CUST04122,88,5,28082.35,3,3,2,Standard / Hibernating
CUST04123,391,4,20288.33,1,2,1,Standard / Hibernating
CUST04124,224,3,17405.72,1,1,1,Standard / Hibernating
CUST04125,129,4,20693.870000000003,2,2,1,Standard / Hibernating
CUST04126,127,4,16428.88,2,2,1,Standard / Hibernating
CUST04127,159,7,48777.880000000005,2,4,4,Loyal Customers
CUST04128,19,7,61318.9,5,4,5,Champions
CUST04129,32,8,46915.729999999996,4,5,4,Champions
CUST04130,87,5,32558.99,3,3,3,Loyal Customers
CUST04131,42,6,28293.11,4,4,2,Standard / Hibernating
CUST04132,23,6,24086.989999999998,5,4,2,Standard / Hibernating
CUST04133,230,6,46945.35,1,4,4,Loyal Customers
CUST04134,76,7,48431.83,3,4,4,Loyal Customers
CUST04135,148,5,38070.5,2,3,3,Loyal Customers
CUST04136,28,7,74295.44,5,4,5,Champions
CUST04137,78,7,47305.83,3,4,4,Loyal Customers
CUST04138,532,2,13816.61,1,1,1,Standard / Hibernating
CUST04139,29,6,33879.0,5,4,3,Loyal Customers
CUST04140,1,5,31733.04,5,3,2,Standard / Hibernating
CUST04141,39,4,18441.510000000002,4,2,1,Standard / Hibernating
CUST04142,541,2,41751.41,1,1,4,Standard / Hibernating
CUST04143,47,8,52201.990000000005,4,5,4,Champions
CUST04144,4,10,58177.47,5,5,5,Champions
CUST04145,33,5,56123.37,4,3,5,Loyal Customers
CUST04146,213,5,34976.14,1,3,3,Loyal Customers
CUST04147,285,13,112558.31,1,5,5,Loyal Customers
CUST04148,62,8,64683.29,4,5,5,Champions
CUST04149,11,7,67177.18,5,4,5,Champions
CUST04150,10,9,44647.19,5,5,4,Champions
CUST04151,6,6,30619.8,5,4,2,Standard / Hibernating
CUST04152,113,4,15421.539999999999,3,2,1,Standard / Hibernating
CUST04153,36,8,41734.25,4,5,4,Champions
CUST04154,251,8,50429.24,1,5,4,Loyal Customers
CUST04155,33,6,26669.68,4,4,2,Standard / Hibernating
CUST04156,93,4,30935.18,3,2,2,Standard / Hibernating
CUST04157,9,8,32076.84,5,5,3,Loyal Customers
CUST04158,23,5,28517.760000000002,5,3,2,Standard / Hibernating
CUST04159,107,8,44452.89,3,5,4,Loyal Customers
CUST04160,92,5,21354.670000000002,3,3,1,Standard / Hibernating
CUST04161,216,7,29658.75,1,4,2,At Risk
CUST04162,14,14,117648.58,5,5,5,Champions
CUST04163,145,7,44617.42,2,4,4,Loyal Customers
CUST04164,76,6,47546.57,3,4,4,Loyal Customers
CUST04165,61,5,27105.82,4,3,2,Standard / Hibernating
CUST04166,42,6,37139.37,4,4,3,Loyal Customers
CUST04167,100,6,24838.52,3,4,2,Standard / Hibernating
CUST04168,32,8,85573.39,4,5,5,Champions
CUST04169,141,4,39918.66,2,2,3,Standard / Hibernating
CUST04170,148,7,54635.78,2,4,5,Loyal Customers
CUST04171,53,8,58254.52,4,5,5,Champions
CUST04172,44,10,58238.95,4,5,5,Champions
CUST04173,68,9,100351.78,3,5,5,Loyal Customers
CUST04174,26,3,14672.23,5,1,1,Standard / Hibernating
CUST04175,69,4,45024.58,3,2,4,Standard / Hibernating
CUST04176,249,4,15481.69,1,2,1,Standard / Hibernating
CUST04177,20,6,43221.28,5,4,4,Champions
CUST04178,163,8,72071.63,2,5,5,Loyal Customers
CUST04179,26,7,49033.07,5,4,4,Champions
CUST04180,31,12,74383.0,4,5,5,Champions
CUST04181,15,6,54935.08,5,4,5,Champions
CUST04182,145,4,24553.68,2,2,2,Standard / Hibernating
CUST04183,132,4,22180.74,2,2,1,Standard / Hibernating
CUST04184,61,4,55958.6,4,2,5,Standard / Hibernating
CUST04185,193,4,40398.12,2,2,3,Standard / Hibernating
CUST04186,155,5,28036.45,2,3,2,At Risk
CUST04187,555,4,27182.82,1,2,2,Standard / Hibernating
CUST04188,206,4,31748.63,1,2,2,Standard / Hibernating
CUST04189,49,6,41267.27,4,4,3,Loyal Customers
CUST04190,44,7,58523.89,4,4,5,Champions
CUST04191,30,4,30485.15,4,2,2,Standard / Hibernating
CUST04192,101,7,21578.7,3,4,1,Standard / Hibernating
CUST04193,275,5,53630.03,1,3,4,Loyal Customers
CUST04194,193,4,29706.090000000004,2,2,2,Standard / Hibernating
CUST04195,120,7,32858.409999999996,2,4,3,Loyal Customers
CUST04196,75,5,32078.55,3,3,3,Loyal Customers
CUST04197,400,6,54364.83,1,4,4,Loyal Customers
CUST04198,57,7,41208.340000000004,4,4,3,Loyal Customers
CUST04199,18,4,24989.29,5,2,2,Standard / Hibernating
CUST04200,187,5,31055.86,2,3,2,At Risk
CUST04201,260,5,23697.71,1,3,2,At Risk
CUST04202,136,7,47066.01,2,4,4,Loyal Customers
CUST04203,77,2,13336.02,3,1,1,Standard / Hibernating
CUST04204,94,4,32649.800000000003,3,2,3,Standard / Hibernating
CUST04205,33,5,29704.78,4,3,2,Standard / Hibernating
CUST04206,2,9,57398.84,5,5,5,Champions
CUST04207,39,7,53988.310000000005,4,4,4,Champions
CUST04208,125,7,45125.11,2,4,4,Loyal Customers
CUST04209,81,7,63810.899999999994,3,4,5,Loyal Customers
CUST04210,33,9,47799.76,4,5,4,Champions
CUST04211,70,8,73273.61,3,5,5,Loyal Customers
CUST04212,221,6,56527.590000000004,1,4,5,Loyal Customers
CUST04213,226,2,16369.960000000001,1,1,1,Standard / Hibernating
CUST04214,7,3,28114.550000000003,5,1,2,Standard / Hibernating
CUST04215,107,7,56617.83,3,4,5,Loyal Customers
CUST04216,75,4,10690.8,3,2,1,Standard / Hibernating
CUST04217,693,2,11113.12,1,1,1,Standard / Hibernating
CUST04218,14,6,40878.55,5,4,3,Loyal Customers
CUST04219,114,3,20139.21,3,1,1,Standard / Hibernating
CUST04220,142,6,32678.57,2,4,3,Loyal Customers
CUST04221,78,7,31444.21,3,4,2,Standard / Hibernating
CUST04222,347,5,28667.760000000002,1,3,2,At Risk
CUST04223,379,3,24960.39,1,1,2,Standard / Hibernating
CUST04224,126,6,59907.68,2,4,5,Loyal Customers
CUST04225,356,6,50430.92,1,4,4,Loyal Customers
CUST04226,62,7,70495.02,4,4,5,Champions
CUST04227,10,9,64635.89,5,5,5,Champions
CUST04228,44,11,89327.85,4,5,5,Champions
CUST04229,207,6,40322.38,1,4,3,Loyal Customers
CUST04230,15,4,26206.52,5,2,2,Standard / Hibernating
CUST04231,73,7,48657.5,3,4,4,Loyal Customers
CUST04232,222,7,41269.19,1,4,3,Loyal Customers
CUST04233,48,13,73195.79,4,5,5,Champions
CUST04234,122,5,36824.57,2,3,3,Loyal Customers
CUST04235,27,7,45923.5,5,4,4,Champions
CUST04236,57,3,6231.26,4,1,1,Standard / Hibernating
CUST04237,270,4,29841.2,1,2,2,Standard / Hibernating
CUST04238,50,5,40909.33,4,3,3,Loyal Customers
CUST04239,76,6,37530.03,3,4,3,Loyal Customers
CUST04240,14,5,43131.600000000006,5,3,4,Loyal Customers
CUST04241,95,7,40367.91,3,4,3,Loyal Customers
CUST04242,186,6,26520.870000000003,2,4,2,At Risk
CUST04243,28,6,52128.23,5,4,4,Champions
CUST04244,255,6,65628.64,1,4,5,Loyal Customers
CUST04245,81,9,62083.83,3,5,5,Loyal Customers
CUST04246,128,4,28834.760000000002,2,2,2,Standard / Hibernating
CUST04247,64,7,55371.19,4,4,5,Champions
CUST04248,416,6,46946.48,1,4,4,Loyal Customers
CUST04249,129,6,61241.91,2,4,5,Loyal Customers
CUST04250,166,6,39091.3,2,4,3,Loyal Customers
CUST04251,197,6,48238.909999999996,2,4,4,Loyal Customers
CUST04252,4,5,41480.55,5,3,3,Loyal Customers
CUST04253,29,11,97497.09,5,5,5,Champions
CUST04254,15,4,21685.64,5,2,1,Standard / Hibernating
CUST04255,5,8,50534.96,5,5,4,Champions
CUST04256,141,6,29734.84,2,4,2,At Risk
CUST04257,623,1,1276.13,1,1,1,Standard / Hibernating
CUST04258,55,8,51420.520000000004,4,5,4,Champions
CUST04259,261,3,16249.300000000001,1,1,1,Standard / Hibernating
CUST04260,72,6,40413.69,3,4,3,Loyal Customers
CUST04261,116,7,53134.01,2,4,4,Loyal Customers
CUST04262,76,4,30019.58,3,2,2,Standard / Hibernating
CUST04263,201,1,9130.63,1,1,1,Standard / Hibernating
CUST04264,16,2,21025.9,5,1,1,Standard / Hibernating
CUST04265,97,3,13470.720000000001,3,1,1,Standard / Hibernating
CUST04266,59,8,44826.94,4,5,4,Champions
CUST04267,210,5,26340.399999999998,1,3,2,At Risk
CUST04268,128,5,28082.73,2,3,2,At Risk
CUST04269,30,5,38385.95,4,3,3,Loyal Customers
CUST04270,420,3,38717.07,1,1,3,Standard / Hibernating
CUST04271,178,4,42592.130000000005,2,2,4,Standard / Hibernating
CUST04272,149,5,30441.489999999998,2,3,2,At Risk
CUST04273,8,9,57262.409999999996,5,5,5,Champions
CUST04274,5,5,19762.56,5,3,1,Standard / Hibernating
CUST04275,439,4,30487.010000000002,1,2,2,Standard / Hibernating
CUST04276,156,8,41883.44,2,5,4,Loyal Customers
CUST04277,128,8,48327.0,2,5,4,Loyal Customers
CUST04278,22,4,28173.11,5,2,2,Standard / Hibernating
CUST04279,19,3,15377.51,5,1,1,Standard / Hibernating
CUST04280,87,10,68496.47,3,5,5,Loyal Customers
CUST04281,36,8,37603.869999999995,4,5,3,Loyal Customers
CUST04282,18,6,29959.43,5,4,2,Standard / Hibernating
CUST04283,7,4,40307.840000000004,5,2,3,Standard / Hibernating
CUST04284,65,4,17014.190000000002,3,2,1,Standard / Hibernating
CUST04285,51,8,51782.18,4,5,4,Champions
CUST04286,81,7,40938.86,3,4,3,Loyal Customers
CUST04287,81,6,42125.39,3,4,4,Loyal Customers
CUST04288,58,5,28503.97,4,3,2,Standard / Hibernating
CUST04289,82,4,25515.6,3,2,2,Standard / Hibernating
CUST04290,63,8,54034.37,4,5,4,Champions
CUST04291,436,2,11353.009999999998,1,1,1,Standard / Hibernating
CUST04292,222,2,10272.09,1,1,1,Standard / Hibernating
CUST04293,214,4,28729.92,1,2,2,Standard / Hibernating
CUST04294,7,6,38895.7,5,4,3,Loyal Customers
CUST04295,40,3,29435.6,4,1,2,Standard / Hibernating
CUST04296,104,4,26626.41,3,2,2,Standard / Hibernating
CUST04297,156,4,32244.33,2,2,3,Standard / Hibernating
CUST04298,34,2,7027.37,4,1,1,Standard / Hibernating
CUST04299,80,5,32288.760000000002,3,3,3,Loyal Customers
CUST04300,18,7,48192.5,5,4,4,Champions
CUST04301,38,6,43940.87,4,4,4,Champions
CUST04302,107,5,55807.95,3,3,5,Loyal Customers
CUST04303,253,5,33430.33,1,3,3,Loyal Customers
CUST04304,56,6,37724.05,4,4,3,Loyal Customers
CUST04305,78,4,34842.51,3,2,3,Standard / Hibernating
CUST04306,197,4,56949.950000000004,2,2,5,Standard / Hibernating
CUST04307,28,8,67025.46,5,5,5,Champions
CUST04308,98,6,24372.48,3,4,2,Standard / Hibernating
CUST04309,61,11,66017.61,4,5,5,Champions
CUST04310,60,6,22719.739999999998,4,4,2,Standard / Hibernating
CUST04311,132,3,22977.39,2,1,2,Standard / Hibernating
CUST04312,551,3,21865.87,1,1,1,Standard / Hibernating
CUST04313,139,3,15017.56,2,1,1,Standard / Hibernating
CUST04314,80,7,36687.770000000004,3,4,3,Loyal Customers
CUST04315,373,4,38402.14,1,2,3,Standard / Hibernating
CUST04316,367,2,30532.07,1,1,2,Standard / Hibernating
CUST04317,57,4,21220.04,4,2,1,Standard / Hibernating
CUST04318,99,5,31702.89,3,3,2,Standard / Hibernating
CUST04319,48,7,33233.11,4,4,3,Loyal Customers
CUST04320,202,5,15842.44,1,3,1,At Risk
CUST04321,65,8,53792.630000000005,3,5,4,Loyal Customers
CUST04322,71,7,71544.95999999999,3,4,5,Loyal Customers
CUST04323,31,3,24028.57,4,1,2,Standard / Hibernating
CUST04324,48,11,65598.22,4,5,5,Champions
CUST04325,106,7,32197.510000000002,3,4,3,Loyal Customers
CUST04326,21,4,37304.61,5,2,3,Standard / Hibernating
CUST04327,70,8,39285.51,3,5,3,Loyal Customers
CUST04328,76,7,48703.14,3,4,4,Loyal Customers
CUST04329,94,3,14837.41,3,1,1,Standard / Hibernating
CUST04330,21,9,53792.99,5,5,4,Champions
CUST04331,139,8,39045.13,2,5,3,Loyal Customers
CUST04332,4,7,29659.05,5,4,2,Standard / Hibernating
CUST04333,148,4,18606.730000000003,2,2,1,Standard / Hibernating
CUST04334,67,6,30305.600000000002,3,4,2,Standard / Hibernating
CUST04335,62,6,24582.55,4,4,2,Standard / Hibernating
CUST04336,105,4,19252.49,3,2,1,Standard / Hibernating
CUST04337,101,9,56465.16,3,5,5,Loyal Customers
CUST04338,184,6,27091.39,2,4,2,At Risk
CUST04339,7,4,34120.399999999994,5,2,3,Standard / Hibernating
CUST04340,20,6,42981.96,5,4,4,Champions
CUST04341,260,7,66377.88,1,4,5,Loyal Customers
CUST04342,88,5,45925.07,3,3,4,Loyal Customers
CUST04343,245,6,50370.2,1,4,4,Loyal Customers
CUST04344,155,4,17750.66,2,2,1,Standard / Hibernating
CUST04345,15,7,36642.08,5,4,3,Loyal Customers
CUST04346,74,4,37513.04,3,2,3,Standard / Hibernating
CUST04347,60,3,20709.940000000002,4,1,1,Standard / Hibernating
CUST04348,45,3,25681.38,4,1,2,Standard / Hibernating
CUST04349,30,6,56346.78,4,4,5,Champions
CUST04350,14,10,57457.78,5,5,5,Champions
CUST04351,64,9,82764.09000000001,4,5,5,Champions
CUST04352,275,9,70704.82,1,5,5,Loyal Customers
CUST04353,92,5,34165.509999999995,3,3,3,Loyal Customers
CUST04354,215,3,11983.11,1,1,1,Standard / Hibernating
CUST04355,274,4,24598.87,1,2,2,Standard / Hibernating
CUST04356,14,7,29793.68,5,4,2,Standard / Hibernating
CUST04357,190,2,21896.63,2,1,1,Standard / Hibernating
CUST04358,299,5,27888.059999999998,1,3,2,At Risk
CUST04359,47,9,54498.98,4,5,4,Champions
CUST04360,371,3,22977.989999999998,1,1,2,Standard / Hibernating
CUST04361,444,1,11414.11,1,1,1,Standard / Hibernating
CUST04362,155,5,40263.39,2,3,3,Loyal Customers
CUST04363,18,3,12464.349999999999,5,1,1,Standard / Hibernating
CUST04364,283,3,12749.05,1,1,1,Standard / Hibernating
CUST04365,156,5,43911.85,2,3,4,Loyal Customers
CUST04366,209,4,19927.26,1,2,1,Standard / Hibernating
CUST04367,31,5,29495.04,4,3,2,Standard / Hibernating
CUST04368,83,6,45113.38,3,4,4,Loyal Customers
CUST04369,30,7,48446.05,4,4,4,Champions
CUST04370,234,9,81999.97,1,5,5,Loyal Customers
CUST04371,282,4,24298.49,1,2,2,Standard / Hibernating
CUST04372,86,4,19356.56,3,2,1,Standard / Hibernating
CUST04373,40,6,36327.86,4,4,3,Loyal Customers
CUST04374,39,8,80616.98000000001,4,5,5,Champions
CUST04375,26,6,49934.7,5,4,4,Champions
CUST04376,323,3,20049.12,1,1,1,Standard / Hibernating
CUST04377,57,9,54860.53,4,5,5,Champions
CUST04378,13,7,37949.38,5,4,3,Loyal Customers
CUST04379,1,8,72597.94,5,5,5,Champions
CUST04380,134,8,51299.75,2,5,4,Loyal Customers
CUST04381,26,9,65433.29,5,5,5,Champions
CUST04382,6,9,64833.51,5,5,5,Champions
CUST04383,143,4,21445.29,2,2,1,Standard / Hibernating
CUST04384,3,8,27705.98,5,5,2,Standard / Hibernating
CUST04385,40,8,45984.1,4,5,4,Champions
CUST04386,48,6,49258.42,4,4,4,Champions
CUST04387,152,2,19403.9,2,1,1,Standard / Hibernating
CUST04388,342,2,4564.74,1,1,1,Standard / Hibernating
CUST04389,70,6,41749.61,3,4,4,Loyal Customers
CUST04390,151,7,45849.58,2,4,4,Loyal Customers
CUST04391,272,3,8108.66,1,1,1,Standard / Hibernating
CUST04392,218,5,30276.29,1,3,2,At Risk
CUST04393,27,5,32649.29,5,3,3,Loyal Customers
CUST04394,66,6,17748.92,3,4,1,Standard / Hibernating
CUST04395,68,4,36583.62,3,2,3,Standard / Hibernating
CUST04396,49,7,49663.85,4,4,4,Champions
CUST04397,99,4,26791.17,3,2,2,Standard / Hibernating
CUST04398,218,7,43627.18,1,4,4,Loyal Customers
CUST04399,222,8,81189.05,1,5,5,Loyal Customers
CUST04400,10,7,32407.12,5,4,3,Loyal Customers
CUST04401,25,9,62895.75,5,5,5,Champions
CUST04402,27,7,68438.57,5,4,5,Champions
CUST04403,285,2,7778.92,1,1,1,Standard / Hibernating
CUST04404,30,10,73797.09,4,5,5,Champions
CUST04405,25,4,24043.68,5,2,2,Standard / Hibernating
CUST04406,177,6,76982.1,2,4,5,Loyal Customers
CUST04407,543,4,30246.73,1,2,2,Standard / Hibernating
CUST04408,60,8,70390.04000000001,4,5,5,Champions
CUST04409,148,6,22254.129999999997,2,4,1,At Risk
CUST04410,42,8,49349.08,4,5,4,Champions
CUST04411,113,5,22706.3,3,3,2,Standard / Hibernating
CUST04412,27,11,76336.54000000001,5,5,5,Champions
CUST04413,62,7,41358.71,4,4,3,Loyal Customers
CUST04414,196,3,25215.160000000003,2,1,2,Standard / Hibernating
CUST04415,56,7,54649.189999999995,4,4,5,Champions
CUST04416,48,5,60584.57000000001,4,3,5,Loyal Customers
CUST04417,240,6,26325.510000000002,1,4,2,At Risk
CUST04418,78,6,39707.64,3,4,3,Loyal Customers
CUST04419,42,6,45459.08,4,4,4,Champions
CUST04420,176,5,30651.27,2,3,2,At Risk
CUST04421,269,4,25183.91,1,2,2,Standard / Hibernating
CUST04422,17,3,13861.179999999998,5,1,1,Standard / Hibernating
CUST04423,312,6,61798.23,1,4,5,Loyal Customers
CUST04424,5,10,66408.59,5,5,5,Champions
CUST04425,453,3,9490.5,1,1,1,Standard / Hibernating
CUST04426,262,7,52592.19,1,4,4,Loyal Customers
CUST04427,114,4,22917.260000000002,3,2,2,Standard / Hibernating
CUST04428,35,9,82449.96,4,5,5,Champions
CUST04429,44,9,72101.73,4,5,5,Champions
CUST04430,165,4,23938.63,2,2,2,Standard / Hibernating
CUST04431,68,4,15917.23,3,2,1,Standard / Hibernating
CUST04432,131,10,63959.9,2,5,5,Loyal Customers
CUST04433,13,6,52503.14,5,4,4,Champions
CUST04434,116,4,19342.05,2,2,1,Standard / Hibernating
CUST04435,127,5,51361.56,2,3,4,Loyal Customers
CUST04436,107,6,27271.21,3,4,2,Standard / Hibernating
CUST04437,41,6,32482.73,4,4,3,Loyal Customers
CUST04438,169,3,33220.600000000006,2,1,3,Standard / Hibernating
CUST04439,98,5,29539.83,3,3,2,Standard / Hibernating
CUST04440,182,6,54365.21000000001,2,4,4,Loyal Customers
CUST04441,8,5,58120.770000000004,5,3,5,Loyal Customers
CUST04442,364,5,39347.11,1,3,3,Loyal Customers
CUST04443,47,10,56376.88,4,5,5,Champions
CUST04444,121,5,28546.6,2,3,2,At Risk
CUST04445,74,6,27540.79,3,4,2,Standard / Hibernating
CUST04446,267,4,11217.18,1,2,1,Standard / Hibernating
CUST04447,33,8,67851.51000000001,4,5,5,Champions
CUST04448,5,5,34195.72,5,3,3,Loyal Customers
CUST04449,39,5,20048.05,4,3,1,Standard / Hibernating
CUST04450,167,6,31085.440000000002,2,4,2,At Risk
CUST04451,5,10,69622.89,5,5,5,Champions
CUST04452,211,5,26130.79,1,3,2,At Risk
CUST04453,24,8,78062.73000000001,5,5,5,Champions
CUST04454,308,4,30921.339999999997,1,2,2,Standard / Hibernating
CUST04455,108,6,35321.05,3,4,3,Loyal Customers
CUST04456,116,9,40260.02,2,5,3,Loyal Customers
CUST04457,491,3,24944.839999999997,1,1,2,Standard / Hibernating
CUST04458,1,5,27467.58,5,3,2,Standard / Hibernating
CUST04459,19,9,56481.18,5,5,5,Champions
CUST04460,44,7,68497.57,4,4,5,Champions
CUST04461,258,7,43236.79,1,4,4,Loyal Customers
CUST04462,26,5,20828.93,5,3,1,Standard / Hibernating
CUST04463,124,2,13936.28,2,1,1,Standard / Hibernating
CUST04464,61,11,92569.74,4,5,5,Champions
CUST04465,120,5,17464.6,2,3,1,At Risk
CUST04466,17,4,23156.93,5,2,2,Standard / Hibernating
CUST04467,152,8,45382.34,2,5,4,Loyal Customers
CUST04468,198,5,36944.1,2,3,3,Loyal Customers
CUST04469,412,2,5285.04,1,1,1,Standard / Hibernating
CUST04470,135,5,22944.86,2,3,2,At Risk
CUST04471,222,7,53118.340000000004,1,4,4,Loyal Customers
CUST04472,187,5,31537.65,2,3,2,At Risk
CUST04473,65,3,11353.07,3,1,1,Standard / Hibernating
CUST04474,80,6,27722.39,3,4,2,Standard / Hibernating
CUST04475,110,6,34810.86,3,4,3,Loyal Customers
CUST04476,169,6,35592.33,2,4,3,Loyal Customers
CUST04477,115,7,62294.47,3,4,5,Loyal Customers
CUST04478,256,4,24344.059999999998,1,2,2,Standard / Hibernating
CUST04479,26,5,33684.4,5,3,3,Loyal Customers
CUST04480,183,7,26415.17,2,4,2,At Risk
CUST04481,5,9,57052.740000000005,5,5,5,Champions
CUST04482,45,10,104271.42,4,5,5,Champions
CUST04483,135,4,27872.41,2,2,2,Standard / Hibernating
CUST04484,85,9,62848.53,3,5,5,Loyal Customers
CUST04485,141,6,50069.42,2,4,4,Loyal Customers
CUST04486,121,5,47562.450000000004,2,3,4,Loyal Customers
CUST04487,103,6,45338.19,3,4,4,Loyal Customers
CUST04488,6,4,20904.059999999998,5,2,1,Standard / Hibernating
CUST04489,1,3,39828.45,5,1,3,Standard / Hibernating
CUST04490,378,6,31656.14,1,4,2,At Risk
CUST04491,113,6,39257.11,3,4,3,Loyal Customers
CUST04492,107,9,49002.72,3,5,4,Loyal Customers
CUST04493,26,3,22765.260000000002,5,1,2,Standard / Hibernating
CUST04494,232,3,17405.28,1,1,1,Standard / Hibernating
CUST04495,568,4,20183.67,1,2,1,Standard / Hibernating
CUST04496,14,7,35381.520000000004,5,4,3,Loyal Customers
CUST04497,81,7,36657.17,3,4,3,Loyal Customers
CUST04498,81,6,49949.700000000004,3,4,4,Loyal Customers
CUST04499,27,4,37379.73,5,2,3,Standard / Hibernating
CUST04500,50,6,48148.09,4,4,4,Champions
CUST04501,153,5,28818.8,2,3,2,At Risk
CUST04502,585,4,26100.730000000003,1,2,2,Standard / Hibernating
CUST04503,165,5,22825.96,2,3,2,At Risk
CUST04504,116,5,13138.52,2,3,1,At Risk
CUST04505,73,5,37740.22,3,3,3,Loyal Customers
CUST04506,296,4,25530.05,1,2,2,Standard / Hibernating
CUST04507,44,3,24854.670000000002,4,1,2,Standard / Hibernating
CUST04508,18,7,41598.950000000004,5,4,3,Loyal Customers
CUST04509,37,8,33413.49,4,5,3,Loyal Customers
CUST04510,65,6,36177.66,3,4,3,Loyal Customers
CUST04511,180,3,33624.85,2,1,3,Standard / Hibernating
CUST04512,140,3,19882.68,2,1,1,Standard / Hibernating
CUST04513,341,5,37543.85,1,3,3,Loyal Customers
CUST04514,36,5,24928.01,4,3,2,Standard / Hibernating
CUST04515,30,8,41883.82,4,5,4,Champions
CUST04516,196,5,15497.05,2,3,1,At Risk
CUST04517,116,3,26852.9,2,1,2,Standard / Hibernating
CUST04518,81,12,60054.83,3,5,5,Loyal Customers
CUST04519,176,7,34209.46,2,4,3,Loyal Customers
CUST04520,181,6,54784.240000000005,2,4,5,Loyal Customers
CUST04521,95,6,25199.09,3,4,2,Standard / Hibernating
CUST04522,36,4,28278.71,4,2,2,Standard / Hibernating
CUST04523,373,8,58433.45,1,5,5,Loyal Customers
CUST04524,64,7,66560.58,4,4,5,Champions
CUST04525,103,5,48599.42,3,3,4,Loyal Customers
CUST04526,95,6,52532.42,3,4,4,Loyal Customers
CUST04527,13,7,48762.659999999996,5,4,4,Champions
CUST04528,12,8,48536.72,5,5,4,Champions
CUST04529,400,2,25471.24,1,1,2,Standard / Hibernating
CUST04530,70,3,21025.29,3,1,1,Standard / Hibernating
CUST04531,54,6,32016.73,4,4,3,Loyal Customers
CUST04532,187,9,59771.32,2,5,5,Loyal Customers
CUST04533,87,7,57459.46,3,4,5,Loyal Customers
CUST04534,166,7,37153.8,2,4,3,Loyal Customers
CUST04535,2,2,11413.57,5,1,1,Standard / Hibernating
CUST04536,123,3,25966.09,2,1,2,Standard / Hibernating
CUST04537,170,7,41869.36,2,4,4,Loyal Customers
CUST04538,338,4,22586.760000000002,1,2,1,Standard / Hibernating
CUST04539,22,5,20858.91,5,3,1,Standard / Hibernating
CUST04540,139,4,38625.41,2,2,3,Standard / Hibernating
CUST04541,99,4,19626.81,3,2,1,Standard / Hibernating
CUST04542,37,6,36252.21,4,4,3,Loyal Customers
CUST04543,181,5,32257.71,2,3,3,Loyal Customers
CUST04544,85,11,64365.39,3,5,5,Loyal Customers
CUST04545,147,7,61648.69,2,4,5,Loyal Customers
CUST04546,130,9,47936.47,2,5,4,Loyal Customers
CUST04547,37,8,53553.170000000006,4,5,4,Champions
CUST04548,120,6,22150.03,2,4,1,At Risk
CUST04549,106,7,28411.51,3,4,2,Standard / Hibernating
CUST04550,70,6,27887.58,3,4,2,Standard / Hibernating
CUST04551,106,10,66559.65000000001,3,5,5,Loyal Customers
CUST04552,92,5,23336.66,3,3,2,Standard / Hibernating
CUST04553,230,5,32408.32,1,3,3,Loyal Customers
CUST04554,23,5,24628.74,5,3,2,Standard / Hibernating
CUST04555,82,5,29824.93,3,3,2,Standard / Hibernating
CUST04556,146,10,61947.98,2,5,5,Loyal Customers
CUST04557,211,4,25185.17,1,2,2,Standard / Hibernating
CUST04558,87,7,18439.32,3,4,1,Standard / Hibernating
CUST04559,34,6,40923.630000000005,4,4,3,Loyal Customers
CUST04560,1,6,52578.11,5,4,4,Champions
CUST04561,247,6,36809.01,1,4,3,Loyal Customers
CUST04562,9,6,26775.010000000002,5,4,2,Standard / Hibernating
CUST04563,103,3,15077.69,3,1,1,Standard / Hibernating
CUST04564,50,3,12148.88,4,1,1,Standard / Hibernating
CUST04565,159,6,22495.53,2,4,1,At Risk
CUST04566,268,9,87075.29,1,5,5,Loyal Customers
CUST04567,107,6,53404.93,3,4,4,Loyal Customers
CUST04568,259,5,38972.37,1,3,3,Loyal Customers
CUST04569,329,5,24071.370000000003,1,3,2,At Risk
CUST04570,143,7,63572.19,2,4,5,Loyal Customers
CUST04571,173,5,40653.93,2,3,3,Loyal Customers
CUST04572,27,6,41238.13,5,4,3,Loyal Customers
CUST04573,61,11,88771.81,4,5,5,Champions
CUST04574,166,4,42516.350000000006,2,2,4,Standard / Hibernating
CUST04575,63,6,41284.130000000005,4,4,3,Loyal Customers
CUST04576,36,8,41672.96,4,5,4,Champions
CUST04577,16,8,75151.09000000001,5,5,5,Champions
CUST04578,71,9,81052.71,3,5,5,Loyal Customers
CUST04579,81,10,75224.68,3,5,5,Loyal Customers
CUST04580,44,6,31882.129999999997,4,4,3,Loyal Customers
CUST04581,235,4,32769.3,1,2,3,Standard / Hibernating
CUST04582,83,10,81246.68,3,5,5,Loyal Customers
CUST04583,179,4,18786.39,2,2,1,Standard / Hibernating
CUST04584,9,8,53824.36,5,5,4,Champions
CUST04585,29,9,57772.72,5,5,5,Champions
CUST04586,147,9,64200.91,2,5,5,Loyal Customers
CUST04587,24,8,65087.8,5,5,5,Champions
CUST04588,414,2,9070.009999999998,1,1,1,Standard / Hibernating
CUST04589,198,4,27873.19,2,2,2,Standard / Hibernating
CUST04590,9,7,78545.55,5,4,5,Champions
CUST04591,252,5,47067.270000000004,1,3,4,Loyal Customers
CUST04592,50,8,56707.61,4,5,5,Champions
CUST04593,206,8,48432.159999999996,1,5,4,Loyal Customers
CUST04594,91,8,76981.72,3,5,5,Loyal Customers
CUST04595,30,4,15767.98,4,2,1,Standard / Hibernating
CUST04596,21,9,74954.69,5,5,5,Champions
CUST04597,52,7,51180.19,4,4,4,Champions
CUST04598,109,6,20708.13,3,4,1,Standard / Hibernating
CUST04599,97,6,48237.64,3,4,4,Loyal Customers
CUST04600,12,9,51616.46,5,5,4,Champions
CUST04601,359,7,38625.880000000005,1,4,3,Loyal Customers
CUST04602,48,8,71905.81,4,5,5,Champions
CUST04603,83,2,11082.54,3,1,1,Standard / Hibernating
CUST04604,80,9,52217.04,3,5,4,Loyal Customers
CUST04605,3,9,61858.35,5,5,5,Champions
CUST04606,274,5,35171.369999999995,1,3,3,Loyal Customers
CUST04607,28,7,74670.36,5,4,5,Champions
CUST04608,234,5,34781.950000000004,1,3,3,Loyal Customers
CUST04609,9,3,15122.77,5,1,1,Standard / Hibernating
CUST04610,161,4,47097.770000000004,2,2,4,Standard / Hibernating
CUST04611,201,7,32916.27,1,4,3,Loyal Customers
CUST04612,112,4,23682.61,3,2,2,Standard / Hibernating
CUST04613,92,5,32002.4,3,3,3,Loyal Customers
CUST04614,219,5,21985.52,1,3,1,At Risk
CUST04615,129,5,23051.82,2,3,2,At Risk
CUST04616,49,5,20813.53,4,3,1,Standard / Hibernating
CUST04617,311,2,4714.969999999999,1,1,1,Standard / Hibernating
CUST04618,2,7,33563.55,5,4,3,Loyal Customers
CUST04619,161,8,41658.05,2,5,4,Loyal Customers
CUST04620,74,5,17899.68,3,3,1,Standard / Hibernating
CUST04621,300,3,11772.23,1,1,1,Standard / Hibernating
CUST04622,20,8,30499.68,5,5,2,Standard / Hibernating
CUST04623,292,5,29735.47,1,3,2,At Risk
CUST04624,1,6,30425.190000000002,5,4,2,Standard / Hibernating
CUST04625,18,5,27495.73,5,3,2,Standard / Hibernating
CUST04626,208,1,6607.32,1,1,1,Standard / Hibernating
CUST04627,105,6,53629.54,3,4,4,Loyal Customers
CUST04628,79,7,49874.58,3,4,4,Loyal Customers
CUST04629,93,10,51389.99,3,5,4,Loyal Customers
CUST04630,153,4,24539.32,2,2,2,Standard / Hibernating
CUST04631,180,8,47170.7,2,5,4,Loyal Customers
CUST04632,103,6,46480.25,3,4,4,Loyal Customers
CUST04633,19,7,57488.299999999996,5,4,5,Champions
CUST04634,370,3,20124.2,1,1,1,Standard / Hibernating
CUST04635,4,7,47365.94,5,4,4,Champions
CUST04636,114,7,41960.0,3,4,4,Loyal Customers
CUST04637,17,7,43611.58,5,4,4,Champions
CUST04638,18,6,40938.73,5,4,3,Loyal Customers
CUST04639,342,4,20123.65,1,2,1,Standard / Hibernating
CUST04640,99,5,26130.83,3,3,2,Standard / Hibernating
CUST04641,119,4,32484.02,2,2,3,Standard / Hibernating
CUST04642,92,6,32228.06,3,4,3,Loyal Customers
CUST04643,279,4,32213.629999999997,1,2,3,Standard / Hibernating
CUST04644,204,6,40020.85,1,4,3,Loyal Customers
CUST04645,222,5,33985.26,1,3,3,Loyal Customers
CUST04646,297,4,44123.36,1,2,4,Standard / Hibernating
CUST04647,13,4,32739.199999999997,5,2,3,Standard / Hibernating
CUST04648,30,6,29103.4,4,4,2,Standard / Hibernating
CUST04649,9,8,47591.229999999996,5,5,4,Champions
CUST04650,188,7,25679.07,2,4,2,At Risk
CUST04651,38,6,32196.96,4,4,3,Loyal Customers
CUST04652,103,5,28473.88,3,3,2,Standard / Hibernating
CUST04653,126,5,23847.309999999998,2,3,2,At Risk
CUST04654,73,6,35066.15,3,4,3,Loyal Customers
CUST04655,83,6,39662.07,3,4,3,Loyal Customers
CUST04656,168,7,49064.270000000004,2,4,4,Loyal Customers
CUST04657,58,3,13425.61,4,1,1,Standard / Hibernating
CUST04658,70,3,18201.089999999997,3,1,1,Standard / Hibernating
CUST04659,5,3,10646.56,5,1,1,Standard / Hibernating
CUST04660,33,5,19627.5,4,3,1,Standard / Hibernating
CUST04661,116,8,69413.32,2,5,5,Loyal Customers
CUST04662,171,7,48537.38,2,4,4,Loyal Customers
CUST04663,9,6,46586.58,5,4,4,Champions
CUST04664,192,7,44587.259999999995,2,4,4,Loyal Customers
CUST04665,63,7,36973.08,4,4,3,Loyal Customers
CUST04666,65,5,28562.25,3,3,2,Standard / Hibernating
CUST04667,109,12,84701.03,3,5,5,Loyal Customers
CUST04668,151,9,47500.49,2,5,4,Loyal Customers
CUST04669,147,5,28759.08,2,3,2,At Risk
CUST04670,97,4,46826.880000000005,3,2,4,Standard / Hibernating
CUST04671,226,4,27962.46,1,2,2,Standard / Hibernating
CUST04672,28,5,33083.72,5,3,3,Loyal Customers
CUST04673,33,10,85407.6,4,5,5,Champions
CUST04674,73,6,36283.270000000004,3,4,3,Loyal Customers
CUST04675,20,4,31612.23,5,2,2,Standard / Hibernating
CUST04676,61,8,52291.619999999995,4,5,4,Champions
CUST04677,117,5,42170.19,2,3,4,Loyal Customers
CUST04678,375,2,16835.61,1,1,1,Standard / Hibernating
CUST04679,257,4,44933.44,1,2,4,Standard / Hibernating
CUST04680,76,4,17540.27,3,2,1,Standard / Hibernating
CUST04681,301,2,13696.54,1,1,1,Standard / Hibernating
CUST04682,87,6,33940.15,3,4,3,Loyal Customers
CUST04683,289,4,27483.08,1,2,2,Standard / Hibernating
CUST04684,234,4,19957.85,1,2,1,Standard / Hibernating
CUST04685,67,11,91971.69,3,5,5,Loyal Customers
CUST04686,1,2,5556.0199999999995,5,1,1,Standard / Hibernating
CUST04687,38,6,37920.45,4,4,3,Loyal Customers
CUST04688,65,3,32439.410000000003,3,1,3,Standard / Hibernating
CUST04689,80,1,3994.58,3,1,1,Standard / Hibernating
CUST04690,228,7,31852.09,1,4,3,Loyal Customers
CUST04691,65,7,44813.73,3,4,4,Loyal Customers
CUST04692,222,7,44002.08,1,4,4,Loyal Customers
CUST04693,14,5,19266.44,5,3,1,Standard / Hibernating
CUST04694,35,6,32122.909999999996,4,4,3,Loyal Customers
CUST04695,31,6,64203.3,4,4,5,Champions
CUST04696,136,5,29435.02,2,3,2,At Risk
CUST04697,242,4,32679.84,1,2,3,Standard / Hibernating
CUST04698,40,3,21866.530000000002,4,1,1,Standard / Hibernating
CUST04699,18,4,20903.52,5,2,1,Standard / Hibernating
CUST04700,518,1,2567.74,1,1,1,Standard / Hibernating
CUST04701,191,8,51855.590000000004,2,5,4,Loyal Customers
CUST04702,52,5,29555.300000000003,4,3,2,Standard / Hibernating
CUST04703,8,5,32903.38,5,3,3,Loyal Customers
CUST04704,141,8,63990.42,2,5,5,Loyal Customers
CUST04705,96,7,48854.12,3,4,4,Loyal Customers
CUST04706,126,2,18051.59,2,1,1,Standard / Hibernating
CUST04707,226,5,39466.17,1,3,3,Loyal Customers
CUST04708,390,5,55988.0,1,3,5,Loyal Customers
CUST04709,102,4,20002.92,3,2,1,Standard / Hibernating
CUST04710,12,10,42527.9,5,5,4,Champions
CUST04711,105,5,39587.54,3,3,3,Loyal Customers
CUST04712,29,9,67265.26,5,5,5,Champions
CUST04713,39,9,90122.87,4,5,5,Champions
CUST04714,36,5,28653.97,4,3,2,Standard / Hibernating
CUST04715,207,8,40484.6,1,5,3,Loyal Customers
CUST04716,110,5,25993.85,3,3,2,Standard / Hibernating
CUST04717,117,6,61724.78,2,4,5,Loyal Customers
CUST04718,303,4,17780.61,1,2,1,Standard / Hibernating
CUST04719,264,5,42559.72,1,3,4,Loyal Customers
CUST04720,14,7,60012.79,5,4,5,Champions
CUST04721,8,4,27557.55,5,2,2,Standard / Hibernating
CUST04722,29,4,23366.79,5,2,2,Standard / Hibernating
CUST04723,54,6,21414.050000000003,4,4,1,Standard / Hibernating
CUST04724,23,7,27210.510000000002,5,4,2,Standard / Hibernating
CUST04725,556,2,9671.33,1,1,1,Standard / Hibernating
CUST04726,150,6,39872.1,2,4,3,Loyal Customers
CUST04727,32,5,32438.949999999997,4,3,3,Loyal Customers
CUST04728,23,10,63060.08,5,5,5,Champions
CUST04729,31,5,36357.990000000005,4,3,3,Loyal Customers
CUST04730,65,6,29554.61,3,4,2,Standard / Hibernating
CUST04731,59,2,11112.52,4,1,1,Standard / Hibernating
CUST04732,142,7,76382.27,2,4,5,Loyal Customers
CUST04733,31,8,54168.07,4,5,4,Champions
CUST04734,28,9,67657.02,5,5,5,Champions
CUST04735,45,5,22420.39,4,3,1,Standard / Hibernating
CUST04736,360,3,18472.04,1,1,1,Standard / Hibernating
CUST04737,38,9,62670.100000000006,4,5,5,Champions
CUST04738,9,8,62443.61,5,5,5,Champions
CUST04739,246,4,45535.27,1,2,4,Standard / Hibernating
CUST04740,74,4,23607.089999999997,3,2,2,Standard / Hibernating
CUST04741,108,8,48852.229999999996,3,5,4,Loyal Customers
CUST04742,2,6,48327.01,5,4,4,Champions
CUST04743,138,6,30213.72,2,4,2,At Risk
CUST04744,373,5,45776.03,1,3,4,Loyal Customers
CUST04745,42,5,46105.28,4,3,4,Loyal Customers
CUST04746,126,7,47096.14,2,4,4,Loyal Customers
CUST04747,52,8,89253.16,4,5,5,Champions
CUST04748,206,4,23697.690000000002,1,2,2,Standard / Hibernating
CUST04749,173,9,71381.08,2,5,5,Loyal Customers
CUST04750,3,7,29899.53,5,4,2,Standard / Hibernating
CUST04751,30,8,57968.89,4,5,5,Champions
CUST04752,219,6,29839.97,1,4,2,At Risk
CUST04753,14,9,43174.8,5,5,4,Champions
CUST04754,22,7,25993.9,5,4,2,Standard / Hibernating
CUST04755,93,4,14040.150000000001,3,2,1,Standard / Hibernating
CUST04756,185,3,14266.05,2,1,1,Standard / Hibernating
CUST04757,16,6,25393.37,5,4,2,Standard / Hibernating
CUST04758,222,4,38145.92,1,2,3,Standard / Hibernating
CUST04759,154,7,51630.16,2,4,4,Loyal Customers
CUST04760,33,5,44077.69,4,3,4,Loyal Customers
CUST04761,123,4,18486.52,2,2,1,Standard / Hibernating
CUST04762,56,9,106255.09,4,5,5,Champions
CUST04763,139,3,20454.050000000003,2,1,1,Standard / Hibernating
CUST04764,65,7,44391.67,3,4,4,Loyal Customers
CUST04765,642,3,17570.9,1,1,1,Standard / Hibernating
CUST04766,97,5,22616.3,3,3,1,Standard / Hibernating
CUST04767,14,7,59891.42,5,4,5,Champions
CUST04768,25,6,27512.0,5,4,2,Standard / Hibernating
CUST04769,156,2,10317.19,2,1,1,Standard / Hibernating
CUST04770,7,6,35035.53,5,4,3,Loyal Customers
CUST04771,78,4,31237.43,3,2,2,Standard / Hibernating
CUST04772,32,7,38385.55,4,4,3,Loyal Customers
CUST04773,126,7,45519.64,2,4,4,Loyal Customers
CUST04774,181,4,31837.59,2,2,3,Standard / Hibernating
CUST04775,29,7,76772.73,5,4,5,Champions
CUST04776,66,7,29763.699999999997,3,4,2,Standard / Hibernating
CUST04777,69,5,26055.72,3,3,2,Standard / Hibernating
CUST04778,181,4,16639.1,2,2,1,Standard / Hibernating
CUST04779,533,3,13771.0,1,1,1,Standard / Hibernating
CUST04780,146,5,53013.85,2,3,4,Loyal Customers
CUST04781,8,8,49617.36,5,5,4,Champions
CUST04782,19,4,17975.920000000002,5,2,1,Standard / Hibernating
CUST04783,66,5,22540.73,3,3,1,Standard / Hibernating
CUST04784,113,6,48297.51,3,4,4,Loyal Customers
CUST04785,109,3,9926.18,3,1,1,Standard / Hibernating
CUST04786,315,3,13500.689999999999,1,1,1,Standard / Hibernating
CUST04787,105,4,25724.76,3,2,2,Standard / Hibernating
CUST04788,473,6,47832.66,1,4,4,Loyal Customers
CUST04789,504,1,7133.62,1,1,1,Standard / Hibernating
CUST04790,187,3,39227.58,2,1,3,Standard / Hibernating
CUST04791,86,3,27753.45,3,1,2,Standard / Hibernating
CUST04792,73,6,37304.56,3,4,3,Loyal Customers
CUST04793,9,4,20482.89,5,2,1,Standard / Hibernating
CUST04794,174,8,60703.009999999995,2,5,5,Loyal Customers
CUST04795,5,8,47078.32,5,5,4,Champions
CUST04796,99,5,32649.17,3,3,3,Loyal Customers
CUST04797,156,4,23518.160000000003,2,2,2,Standard / Hibernating
CUST04798,30,4,26206.43,4,2,2,Standard / Hibernating
CUST04799,57,9,53282.45,4,5,4,Champions
CUST04800,63,4,27332.83,4,2,2,Standard / Hibernating
CUST04801,88,7,49453.44,3,4,4,Loyal Customers
CUST04802,36,8,32917.2,4,5,3,Loyal Customers
CUST04803,22,8,30920.260000000002,5,5,2,Standard / Hibernating
CUST04804,272,8,49889.770000000004,1,5,4,Loyal Customers
CUST04805,126,7,54139.61,2,4,4,Loyal Customers
CUST04806,131,5,26490.63,2,3,2,At Risk
CUST04807,341,3,15242.96,1,1,1,Standard / Hibernating
CUST04808,73,5,18350.28,3,3,1,Standard / Hibernating
CUST04809,114,5,35471.119999999995,3,3,3,Loyal Customers
CUST04810,5,4,39947.89,5,2,3,Standard / Hibernating
CUST04811,16,9,56466.17,5,5,5,Champions
CUST04812,33,11,71739.17,4,5,5,Champions
CUST04813,128,10,67520.18000000001,2,5,5,Loyal Customers
CUST04814,7,6,37334.090000000004,5,4,3,Loyal Customers
CUST04815,3,5,31026.63,5,3,2,Standard / Hibernating
CUST04816,110,6,57639.16,3,4,5,Loyal Customers
CUST04817,77,6,23817.12,3,4,2,Standard / Hibernating
CUST04818,89,5,34795.91,3,3,3,Loyal Customers
CUST04819,40,7,64501.29,4,4,5,Champions
CUST04820,180,4,12448.06,2,2,1,Standard / Hibernating
CUST04821,139,5,17524.08,2,3,1,At Risk
CUST04822,7,8,34778.95,5,5,3,Loyal Customers
CUST04823,518,2,9010.41,1,1,1,Standard / Hibernating
CUST04824,283,3,15873.14,1,1,1,Standard / Hibernating
CUST04825,111,7,36476.49,3,4,3,Loyal Customers
CUST04826,42,8,53553.91,4,5,4,Champions
CUST04827,248,6,46150.45,1,4,4,Loyal Customers
CUST04828,316,2,22226.85,1,1,1,Standard / Hibernating
CUST04829,162,7,24297.35,2,4,2,At Risk
CUST04830,11,5,43131.54,5,3,4,Loyal Customers
CUST04831,86,8,38068.94,3,5,3,Loyal Customers
CUST04832,46,4,16218.77,4,2,1,Standard / Hibernating
CUST04833,73,8,56661.740000000005,3,5,5,Loyal Customers
CUST04834,99,5,23547.52,3,3,2,Standard / Hibernating
CUST04835,84,6,55130.68,3,4,5,Loyal Customers
CUST04836,154,3,21145.6,2,1,1,Standard / Hibernating
CUST04837,26,8,54965.56,5,5,5,Champions
CUST04838,375,5,32799.33,1,3,3,Loyal Customers
CUST04839,256,6,37153.8,1,4,3,Loyal Customers
CUST04840,81,11,59589.85,3,5,5,Loyal Customers
CUST04841,146,6,23950.67,2,4,2,At Risk
CUST04842,93,3,28534.49,3,1,2,Standard / Hibernating
CUST04843,15,5,27933.0,5,3,2,Standard / Hibernating
CUST04844,326,9,52260.93,1,5,4,Loyal Customers
CUST04845,247,3,9220.17,1,1,1,Standard / Hibernating
CUST04846,44,4,12838.699999999999,4,2,1,Standard / Hibernating
CUST04847,102,5,30366.22,3,3,2,Standard / Hibernating
CUST04848,37,7,42633.45,4,4,4,Champions
CUST04849,92,6,26400.03,3,4,2,Standard / Hibernating
CUST04850,39,5,34225.31,4,3,3,Loyal Customers
CUST04851,21,7,43130.31,5,4,4,Champions
CUST04852,60,8,46720.55,4,5,4,Champions
CUST04853,188,2,11503.66,2,1,1,Standard / Hibernating
CUST04854,36,11,67474.44,4,5,5,Champions
CUST04855,55,4,26131.36,4,2,2,Standard / Hibernating
CUST04856,4,4,33430.83,5,2,3,Standard / Hibernating
CUST04857,13,5,25228.39,5,3,2,Standard / Hibernating
CUST04858,22,10,91534.14,5,5,5,Champions
CUST04859,191,8,55776.26,2,5,5,Loyal Customers
CUST04860,56,7,28818.010000000002,4,4,2,Standard / Hibernating
CUST04861,29,5,28413.23,5,3,2,Standard / Hibernating
CUST04862,150,4,25740.32,2,2,2,Standard / Hibernating
CUST04863,46,5,31567.11,4,3,2,Standard / Hibernating
CUST04864,10,3,22016.72,5,1,1,Standard / Hibernating
CUST04865,12,6,36056.75,5,4,3,Loyal Customers
CUST04866,47,7,30290.120000000003,4,4,2,Standard / Hibernating
CUST04867,175,3,30486.920000000002,2,1,2,Standard / Hibernating
CUST04868,92,5,17238.78,3,3,1,Standard / Hibernating
CUST04869,2,6,44873.82,5,4,4,Champions
CUST04870,180,4,19357.67,2,2,1,Standard / Hibernating
CUST04871,75,9,57788.9,3,5,5,Loyal Customers
CUST04872,58,6,37620.03,4,4,3,Loyal Customers
CUST04873,365,6,38115.07,1,4,3,Loyal Customers
CUST04874,48,3,21325.68,4,1,1,Standard / Hibernating
CUST04875,135,4,28098.9,2,2,2,Standard / Hibernating
CUST04876,47,4,20663.39,4,2,1,Standard / Hibernating
CUST04877,299,6,73498.99,1,4,5,Loyal Customers
CUST04878,169,7,47666.979999999996,2,4,4,Loyal Customers
CUST04879,243,5,33339.520000000004,1,3,3,Loyal Customers
CUST04880,70,8,45248.34,3,5,4,Loyal Customers
CUST04881,251,4,31358.050000000003,1,2,2,Standard / Hibernating
CUST04882,385,3,18697.45,1,1,1,Standard / Hibernating
CUST04883,194,7,47607.21,2,4,4,Loyal Customers
CUST04884,39,8,54049.97,4,5,4,Champions
CUST04885,166,7,39166.36,2,4,3,Loyal Customers
CUST04886,138,7,31115.47,2,4,2,At Risk
CUST04887,88,8,39886.89,3,5,3,Loyal Customers
CUST04888,70,7,41719.84,3,4,4,Loyal Customers
CUST04889,46,7,50024.700000000004,4,4,4,Champions
CUST04890,304,5,39287.75,1,3,3,Loyal Customers
CUST04891,290,4,17179.91,1,2,1,Standard / Hibernating
CUST04892,39,7,36582.52,4,4,3,Loyal Customers
CUST04893,3,6,30756.28,5,4,2,Standard / Hibernating
CUST04894,83,7,63496.85,3,4,5,Loyal Customers
CUST04895,355,5,29283.16,1,3,2,At Risk
CUST04896,49,5,53765.42,4,3,4,Loyal Customers
CUST04897,53,4,36884.240000000005,4,2,3,Standard / Hibernating
CUST04898,34,8,92587.94,4,5,5,Champions
CUST04899,34,7,65779.04,4,4,5,Champions
CUST04900,19,6,45549.02,5,4,4,Champions
CUST04901,477,3,15888.17,1,1,1,Standard / Hibernating
CUST04902,147,6,54666.34,2,4,5,Loyal Customers
CUST04903,459,4,20408.57,1,2,1,Standard / Hibernating
CUST04904,120,11,75448.28,2,5,5,Loyal Customers
CUST04905,55,7,40607.29,4,4,3,Loyal Customers
CUST04906,118,5,30891.359999999997,2,3,2,At Risk
CUST04907,228,5,33474.119999999995,1,3,3,Loyal Customers
CUST04908,20,5,37575.49,5,3,3,Loyal Customers
CUST04909,12,8,65867.96,5,5,5,Champions
CUST04910,99,5,32619.160000000003,3,3,3,Loyal Customers
CUST04911,49,11,73618.61,4,5,5,Champions
CUST04912,293,3,14672.23,1,1,1,Standard / Hibernating
CUST04913,48,6,58991.91,4,4,5,Champions
CUST04914,351,2,5616.219999999999,1,1,1,Standard / Hibernating
CUST04915,168,10,76471.3,2,5,5,Loyal Customers
CUST04916,44,8,56452.53,4,5,5,Champions
CUST04917,13,9,79100.2,5,5,5,Champions
CUST04918,82,5,62475.97,3,3,5,Loyal Customers
CUST04919,58,8,58839.53,4,5,5,Champions
CUST04920,233,6,49634.83,1,4,4,Loyal Customers
CUST04921,71,5,37424.69,3,3,3,Loyal Customers
CUST04922,230,3,23308.300000000003,1,1,2,Standard / Hibernating
CUST04923,233,5,43851.93,1,3,4,Loyal Customers
CUST04924,59,5,18260.12,4,3,1,Standard / Hibernating
CUST04925,275,5,33910.899999999994,1,3,3,Loyal Customers
CUST04926,100,5,43476.590000000004,3,3,4,Loyal Customers
CUST04927,159,5,34661.19,2,3,3,Loyal Customers
CUST04928,145,7,21097.61,2,4,1,At Risk
CUST04929,116,4,27152.17,2,2,2,Standard / Hibernating
CUST04930,4,5,63496.58,5,3,5,Loyal Customers
CUST04931,44,8,33593.770000000004,4,5,3,Loyal Customers
CUST04932,122,8,94825.34,2,5,5,Loyal Customers
CUST04933,80,3,22827.02,3,1,2,Standard / Hibernating
CUST04934,10,6,64967.369999999995,5,4,5,Champions
CUST04935,17,6,28172.93,5,4,2,Standard / Hibernating
CUST04936,310,5,59441.87,1,3,5,Loyal Customers
CUST04937,81,8,47305.12,3,5,4,Loyal Customers
CUST04938,143,7,40488.18,2,4,3,Loyal Customers
CUST04939,32,7,59276.08,4,4,5,Champions
CUST04940,328,6,39240.88,1,4,3,Loyal Customers
CUST04941,117,5,51781.58,2,3,4,Loyal Customers
CUST04942,216,3,17450.72,1,1,1,Standard / Hibernating
CUST04943,27,10,98638.87,5,5,5,Champions
CUST04944,11,7,38294.76,5,4,3,Loyal Customers
CUST04945,5,5,34781.28,5,3,3,Loyal Customers
CUST04946,348,3,7042.36,1,1,1,Standard / Hibernating
CUST04947,51,8,74986.05,4,5,5,Champions
CUST04948,125,5,13664.849999999999,2,3,1,At Risk
CUST04949,150,4,35591.759999999995,2,2,3,Standard / Hibernating
CUST04950,3,5,33520.380000000005,5,3,3,Loyal Customers
CUST04951,272,5,26821.02,1,3,2,At Risk
CUST04952,159,4,15647.28,2,2,1,Standard / Hibernating
CUST04953,64,6,31957.63,4,4,3,Loyal Customers
CUST04954,7,6,47051.08,5,4,4,Champions
CUST04955,37,5,25348.62,4,3,2,Standard / Hibernating
CUST04956,82,6,39317.22,3,4,3,Loyal Customers
CUST04957,187,6,64083.08,2,4,5,Loyal Customers
CUST04958,62,8,69847.91,4,5,5,Champions
CUST04959,117,6,45354.39,2,4,4,Loyal Customers
CUST04960,59,6,24688.45,4,4,2,Standard / Hibernating
CUST04961,39,5,34796.45,4,3,3,Loyal Customers
CUST04962,137,6,31957.19,2,4,3,Loyal Customers
CUST04963,113,7,36403.100000000006,3,4,3,Loyal Customers
CUST04964,225,3,20589.91,1,1,1,Standard / Hibernating
CUST04965,90,4,27032.01,3,2,2,Standard / Hibernating
CUST04966,240,7,36372.79,1,4,3,Loyal Customers
CUST04967,190,5,25379.800000000003,2,3,2,At Risk
CUST04968,45,5,29329.29,4,3,2,Standard / Hibernating
CUST04969,175,5,25047.78,2,3,2,At Risk
CUST04970,83,13,66903.95999999999,3,5,5,Loyal Customers
CUST04971,89,7,46224.96,3,4,4,Loyal Customers
CUST04972,155,7,91386.45,2,4,5,Loyal Customers
CUST04973,259,4,44859.96000000001,1,2,4,Standard / Hibernating
CUST04974,194,3,12357.48,2,1,1,Standard / Hibernating
CUST04975,195,6,62054.700000000004,2,4,5,Loyal Customers
CUST04976,17,8,51526.86,5,5,4,Champions
CUST04977,19,5,52023.54,5,3,4,Loyal Customers
CUST04978,372,6,26670.87,1,4,2,At Risk
CUST04979,318,3,23158.07,1,1,2,Standard / Hibernating
CUST04980,17,5,38971.21,5,3,3,Loyal Customers
CUST04981,85,10,56675.520000000004,3,5,5,Loyal Customers
CUST04982,239,6,44963.96,1,4,4,Loyal Customers
CUST04983,172,5,20498.71,2,3,1,At Risk
CUST04984,93,8,39195.24,3,5,3,Loyal Customers
CUST04985,198,4,22015.49,2,2,1,Standard / Hibernating
CUST04986,54,7,42185.35,4,4,4,Champions
CUST04987,12,1,9011.01,5,1,1,Standard / Hibernating
CUST04988,28,4,23683.18,5,2,2,Standard / Hibernating
CUST04989,37,5,17569.75,4,3,1,Standard / Hibernating
CUST04990,4,7,57669.530000000006,5,4,5,Champions
CUST04991,104,10,73812.17,3,5,5,Loyal Customers
CUST04992,19,6,50925.14,5,4,4,Champions
CUST04993,109,10,47649.69,3,5,4,Loyal Customers
CUST04994,7,4,22166.260000000002,5,2,1,Standard / Hibernating
CUST04995,52,6,54035.590000000004,4,4,4,Champions
CUST04996,23,4,24448.57,5,2,2,Standard / Hibernating
CUST04997,41,7,37919.79,4,4,3,Loyal Customers
CUST04998,115,6,38369.75,3,4,3,Loyal Customers
CUST04999,28,5,22541.1,5,3,1,Standard / Hibernating
CUST05000,320,3,15047.61,1,1,1,Standard / Hibernating
CUST05001,471,4,19462.77,1,2,1,Standard / Hibernating
CUST05002,145,5,22406.09,2,3,1,At Risk
CUST05003,193,5,25529.97,2,3,2,At Risk
CUST05004,155,3,28549.54,2,1,2,Standard / Hibernating
CUST05005,16,9,45037.42,5,5,4,Champions
CUST05006,242,5,28699.17,1,3,2,At Risk
CUST05007,302,5,33969.78,1,3,3,Loyal Customers
CUST05008,136,4,23983.629999999997,2,2,2,Standard / Hibernating
CUST05009,112,4,28444.379999999997,3,2,2,Standard / Hibernating
CUST05010,70,9,63118.1,3,5,5,Loyal Customers
CUST05011,231,8,50593.99,1,5,4,Loyal Customers
CUST05012,135,6,30245.59,2,4,2,At Risk
CUST05013,188,3,10361.61,2,1,1,Standard / Hibernating
CUST05014,189,4,27483.05,2,2,2,Standard / Hibernating
CUST05015,216,5,29735.45,1,3,2,At Risk
CUST05016,245,6,40983.8,1,4,3,Loyal Customers
CUST05017,154,4,23473.0,2,2,2,Standard / Hibernating
CUST05018,101,4,27528.28,3,2,2,Standard / Hibernating
CUST05019,4,5,36133.68,5,3,3,Loyal Customers
CUST05020,167,4,17885.199999999997,2,2,1,Standard / Hibernating
CUST05021,26,8,59741.8,5,5,5,Champions
CUST05022,62,4,20363.31,4,2,1,Standard / Hibernating
CUST05023,183,10,52891.06,2,5,4,Loyal Customers
CUST05024,7,5,25003.71,5,3,2,Standard / Hibernating
CUST05025,131,7,58660.4,2,4,5,Loyal Customers
CUST05026,98,8,42153.6,3,5,4,Loyal Customers
CUST05027,4,9,64157.200000000004,5,5,5,Champions
CUST05028,301,4,51933.55,1,2,4,Standard / Hibernating
CUST05029,131,6,29659.05,2,4,2,At Risk
CUST05030,68,9,38443.86,3,5,3,Loyal Customers
CUST05031,154,3,20274.35,2,1,1,Standard / Hibernating
CUST05032,428,6,31402.08,1,4,2,At Risk
CUST05033,231,3,28834.17,1,1,2,Standard / Hibernating
CUST05034,608,3,22407.14,1,1,1,Standard / Hibernating
CUST05035,131,7,54425.49,2,4,4,Loyal Customers
CUST05036,61,5,37995.729999999996,4,3,3,Loyal Customers
CUST05037,13,12,91369.54000000001,5,5,5,Champions
CUST05038,412,5,21084.56,1,3,1,At Risk
CUST05039,42,9,56316.36,4,5,5,Champions
CUST05040,26,8,55654.79,5,5,5,Champions
CUST05041,114,5,45954.63,3,3,4,Loyal Customers
CUST05042,17,5,32257.68,5,3,3,Loyal Customers
CUST05043,28,5,45218.689999999995,5,3,4,Loyal Customers
CUST05044,24,6,26880.66,5,4,2,Standard / Hibernating
CUST05045,2,7,43656.58,5,4,4,Champions
CUST05046,31,6,64366.75,4,4,5,Champions
CUST05047,11,5,45819.950000000004,5,3,4,Loyal Customers
CUST05048,87,4,18156.15,3,2,1,Standard / Hibernating
CUST05049,38,2,15768.58,4,1,1,Standard / Hibernating
CUST05050,179,7,42080.11,2,4,4,Loyal Customers
CUST05051,2,7,31761.85,5,4,3,Loyal Customers
CUST05052,20,6,38535.82,5,4,3,Loyal Customers
CUST05053,12,6,31627.31,5,4,2,Standard / Hibernating
CUST05054,85,7,54289.840000000004,3,4,4,Loyal Customers
CUST05055,70,9,42273.75,3,5,4,Loyal Customers
CUST05056,137,4,12778.62,2,2,1,Standard / Hibernating
CUST05057,31,6,26880.51,4,4,2,Standard / Hibernating
CUST05058,77,7,40878.7,3,4,3,Loyal Customers
CUST05059,91,4,15317.4,3,2,1,Standard / Hibernating
CUST05060,230,4,43552.53,1,2,4,Standard / Hibernating
CUST05061,12,5,25424.36,5,3,2,Standard / Hibernating
CUST05062,123,6,25258.47,2,4,2,At Risk
CUST05063,53,4,27632.620000000003,4,2,2,Standard / Hibernating
CUST05064,63,5,90231.04000000001,4,3,5,Loyal Customers
CUST05065,27,7,55266.15000000001,5,4,5,Champions
CUST05066,285,9,75149.76999999999,1,5,5,Loyal Customers
CUST05067,94,6,21939.85,3,4,1,Standard / Hibernating
CUST05068,14,10,38758.65,5,5,3,Loyal Customers
CUST05069,271,3,20199.41,1,1,1,Standard / Hibernating
CUST05070,4,5,42215.990000000005,5,3,4,Loyal Customers
CUST05071,87,5,29434.99,3,3,2,Standard / Hibernating
CUST05072,79,5,30920.86,3,3,2,Standard / Hibernating
CUST05073,5,7,86595.13,5,4,5,Champions
CUST05074,28,2,9611.18,5,1,1,Standard / Hibernating
CUST05075,45,8,53463.83,4,5,4,Champions
CUST05076,31,6,29178.01,4,4,2,Standard / Hibernating
CUST05077,497,3,8574.369999999999,1,1,1,Standard / Hibernating
CUST05078,47,3,12013.08,4,1,1,Standard / Hibernating
CUST05079,61,7,32347.69,4,4,3,Loyal Customers
CUST05080,265,5,20183.129999999997,1,3,1,At Risk
CUST05081,50,6,55717.310000000005,4,4,5,Champions
CUST05082,25,3,15648.51,5,1,1,Standard / Hibernating
CUST05083,219,4,60674.21,1,2,5,Standard / Hibernating
CUST05084,313,8,57052.07,1,5,5,Loyal Customers
CUST05085,88,7,37737.51,3,4,3,Loyal Customers
CUST05086,329,8,41072.409999999996,1,5,3,Loyal Customers
CUST05087,45,5,52142.520000000004,4,3,4,Loyal Customers
CUST05088,148,8,80211.56,2,5,5,Loyal Customers
CUST05089,16,7,34300.1,5,4,3,Loyal Customers
CUST05090,182,8,69232.98,2,5,5,Loyal Customers
CUST05091,71,11,60940.89,3,5,5,Loyal Customers
CUST05092,148,10,92931.87000000001,2,5,5,Loyal Customers
CUST05093,51,7,35952.22,4,4,3,Loyal Customers
CUST05094,171,8,52396.07,2,5,4,Loyal Customers
CUST05095,220,4,36569.159999999996,1,2,3,Standard / Hibernating
CUST05096,35,7,52068.01,4,4,4,Champions
CUST05097,41,8,61272.23,4,5,5,Champions
CUST05098,36,6,38429.24,4,4,3,Loyal Customers
CUST05099,102,6,25273.07,3,4,2,Standard / Hibernating
CUST05100,15,5,24328.49,5,3,2,Standard / Hibernating
CUST05101,59,4,24449.14,4,2,2,Standard / Hibernating
CUST05102,345,2,5556.0199999999995,1,1,1,Standard / Hibernating
CUST05103,41,5,27857.48,4,3,2,Standard / Hibernating
CUST05104,85,7,21188.4,3,4,1,Standard / Hibernating
CUST05105,103,5,41570.61,3,3,3,Loyal Customers
CUST05106,85,5,45954.55,3,3,4,Loyal Customers
CUST05107,213,4,17119.66,1,2,1,Standard / Hibernating
CUST05108,165,3,33249.94,2,1,3,Standard / Hibernating
CUST05109,37,7,39105.17,4,4,3,Loyal Customers
CUST05110,154,2,10362.210000000001,2,1,1,Standard / Hibernating
CUST05111,96,4,12628.570000000002,3,2,1,Standard / Hibernating
CUST05112,28,5,45294.39,5,3,4,Loyal Customers
CUST05113,78,8,47486.58,3,5,4,Loyal Customers
CUST05114,46,10,61196.16,4,5,5,Champions
CUST05115,246,3,21024.7,1,1,1,Standard / Hibernating
CUST05116,37,7,39631.46,4,4,3,Loyal Customers
CUST05117,150,9,65222.76,2,5,5,Loyal Customers
CUST05118,123,3,18066.03,2,1,1,Standard / Hibernating
CUST05119,113,5,40382.69,3,3,3,Loyal Customers
CUST05120,180,5,30649.54,2,3,2,At Risk
CUST05121,32,7,60958.479999999996,4,4,5,Champions
CUST05122,92,4,12718.449999999999,3,2,1,Standard / Hibernating
CUST05123,89,6,41164.56,3,4,3,Loyal Customers
CUST05124,321,6,42395.13,1,4,4,Loyal Customers
CUST05125,193,7,25558.92,2,4,2,At Risk
CUST05126,29,4,39422.56,5,2,3,Standard / Hibernating
CUST05127,105,7,33534.200000000004,3,4,3,Loyal Customers
CUST05128,52,6,38896.05,4,4,3,Loyal Customers
CUST05129,85,8,50670.090000000004,3,5,4,Loyal Customers
CUST05130,37,10,52877.51,4,5,4,Champions
CUST05131,135,2,17181.03,2,1,1,Standard / Hibernating
CUST05132,92,5,21143.71,3,3,1,Standard / Hibernating
CUST05133,27,7,51061.27,5,4,4,Champions
CUST05134,132,6,31266.780000000002,2,4,2,At Risk
CUST05135,54,8,53614.03,4,5,4,Champions
CUST05136,28,9,53597.67,5,5,4,Champions
CUST05137,20,10,52425.93,5,5,4,Champions
CUST05138,20,7,49859.36,5,4,4,Champions
CUST05139,15,10,61075.92,5,5,5,Champions
CUST05140,44,6,41870.03,4,4,4,Champions
CUST05141,211,9,89042.31999999999,1,5,5,Loyal Customers
CUST05142,53,6,44317.43,4,4,4,Champions
CUST05143,55,11,57139.42,4,5,5,Champions
CUST05144,69,11,63195.16,3,5,5,Loyal Customers
CUST05145,29,8,52712.75,5,5,4,Champions
CUST05146,154,6,47727.05,2,4,4,Loyal Customers
CUST05147,59,5,23561.89,4,3,2,Standard / Hibernating
CUST05148,5,6,40548.07,5,4,3,Loyal Customers
CUST05149,129,3,13816.0,2,1,1,Standard / Hibernating
CUST05150,76,7,37858.64,3,4,3,Loyal Customers
CUST05151,16,7,57579.61,5,4,5,Champions
CUST05152,189,4,21971.06,2,2,1,Standard / Hibernating
CUST05153,47,6,31235.61,4,4,2,Standard / Hibernating
CUST05154,176,3,7898.41,2,1,1,Standard / Hibernating
CUST05155,42,5,20873.53,4,3,1,Standard / Hibernating
CUST05156,192,6,45309.35,2,4,4,Loyal Customers
CUST05157,3,8,58059.81,5,5,5,Champions
CUST05158,107,2,6877.76,3,1,1,Standard / Hibernating
CUST05159,213,6,58104.3,1,4,5,Loyal Customers
CUST05160,204,11,57636.85,1,5,5,Loyal Customers
CUST05161,195,4,14641.529999999999,2,2,1,Standard / Hibernating
CUST05162,78,4,33564.68,3,2,3,Standard / Hibernating
CUST05163,7,6,47111.73,5,4,4,Champions
CUST05164,20,6,63316.39,5,4,5,Champions
CUST05165,571,4,26762.269999999997,1,2,2,Standard / Hibernating
CUST05166,136,4,32378.850000000002,2,2,3,Standard / Hibernating
CUST05167,212,7,53207.68,1,4,4,Loyal Customers
CUST05168,3,9,73303.70999999999,5,5,5,Champions
CUST05169,48,10,55400.850000000006,4,5,5,Champions
CUST05170,77,7,33158.31,3,4,3,Loyal Customers
CUST05171,30,8,57172.95,4,5,5,Champions
CUST05172,48,8,44797.71,4,5,4,Champions
CUST05173,158,6,49710.130000000005,2,4,4,Loyal Customers
CUST05174,327,2,5105.38,1,1,1,Standard / Hibernating
CUST05175,168,6,55552.0,2,4,5,Loyal Customers
CUST05176,31,5,18636.26,4,3,1,Standard / Hibernating
CUST05177,6,8,57999.46,5,5,5,Champions
CUST05178,41,7,50445.51,4,4,4,Champions
CUST05179,632,2,12314.67,1,1,1,Standard / Hibernating
CUST05180,140,5,30185.93,2,3,2,At Risk
CUST05181,88,7,45894.490000000005,3,4,4,Loyal Customers
CUST05182,33,7,58195.3,4,4,5,Champions
CUST05183,120,8,51466.76,2,5,4,Loyal Customers
CUST05184,49,11,92286.11,4,5,5,Champions
CUST05185,6,3,24209.449999999997,5,1,2,Standard / Hibernating
CUST05186,33,8,41026.47,4,5,3,Loyal Customers
CUST05187,32,4,37665.76,4,2,3,Standard / Hibernating
CUST05188,43,8,45593.12,4,5,4,Champions
CUST05189,143,5,18515.94,2,3,1,At Risk
CUST05190,358,3,15918.9,1,1,1,Standard / Hibernating
CUST05191,13,6,29809.9,5,4,2,Standard / Hibernating
CUST05192,35,8,68647.71,4,5,5,Champions
CUST05193,67,5,29765.5,3,3,2,Standard / Hibernating
CUST05194,245,7,43671.01,1,4,4,Loyal Customers
CUST05195,417,5,30005.84,1,3,2,At Risk
CUST05196,52,12,116645.39000000001,4,5,5,Champions
CUST05197,114,3,14597.04,3,1,1,Standard / Hibernating
CUST05198,272,6,56377.95,1,4,5,Loyal Customers
CUST05199,66,9,60566.22,3,5,5,Loyal Customers
CUST05200,133,7,73228.78,2,4,5,Loyal Customers
CUST05201,17,9,58044.04,5,5,5,Champions
CUST05202,47,8,60175.76,4,5,5,Champions
CUST05203,139,8,68603.04000000001,2,5,5,Loyal Customers
CUST05204,251,6,26400.239999999998,1,4,2,At Risk
CUST05205,181,4,21189.46,2,2,1,Standard / Hibernating
CUST05206,238,4,29330.52,1,2,2,Standard / Hibernating
CUST05207,27,7,53643.94,5,4,4,Champions
CUST05208,81,2,24870.43,3,1,2,Standard / Hibernating
CUST05209,99,6,35710.29,3,4,3,Loyal Customers
CUST05210,6,6,39346.630000000005,5,4,3,Loyal Customers
CUST05211,136,7,43070.5,2,4,4,Loyal Customers
CUST05212,14,7,65868.52,5,4,5,Champions
CUST05213,152,4,12914.24,2,2,1,Standard / Hibernating
CUST05214,11,9,35573.52,5,5,3,Loyal Customers
CUST05215,126,4,40759.08,2,2,3,Standard / Hibernating
CUST05216,172,4,20964.129999999997,2,2,1,Standard / Hibernating
CUST05217,218,4,28368.78,1,2,2,Standard / Hibernating
CUST05218,33,3,8198.83,4,1,1,Standard / Hibernating
CUST05219,317,5,31357.46,1,3,2,At Risk
CUST05220,14,4,18050.99,5,2,1,Standard / Hibernating
CUST05221,42,10,53431.8,4,5,4,Champions
CUST05222,63,2,9415.99,4,1,1,Standard / Hibernating
CUST05223,25,8,34809.56,5,5,3,Loyal Customers
CUST05224,116,6,65629.82,2,4,5,Loyal Customers
CUST05225,244,5,29885.070000000003,1,3,2,At Risk
CUST05226,119,6,34675.049999999996,2,4,3,Loyal Customers
CUST05227,135,6,36778.9,2,4,3,Loyal Customers
CUST05228,188,4,26732.06,2,2,2,Standard / Hibernating
CUST05229,377,5,15406.439999999999,1,3,1,At Risk
CUST05230,132,4,25423.78,2,2,2,Standard / Hibernating
CUST05231,19,3,15407.57,5,1,1,Standard / Hibernating
CUST05232,91,2,14417.380000000001,3,1,1,Standard / Hibernating
CUST05233,44,3,19597.92,4,1,1,Standard / Hibernating
CUST05234,22,9,56991.75,5,5,5,Champions
CUST05235,11,6,48808.090000000004,5,4,4,Champions
CUST05236,72,8,58734.880000000005,3,5,5,Loyal Customers
CUST05237,210,4,27062.620000000003,1,2,2,Standard / Hibernating
CUST05238,32,10,63720.700000000004,4,5,5,Champions
CUST05239,33,11,102709.26,4,5,5,Champions
CUST05240,66,9,60011.100000000006,3,5,5,Loyal Customers
CUST05241,2,7,44873.21,5,4,4,Champions
CUST05242,176,6,45789.9,2,4,4,Loyal Customers
CUST05243,94,8,62925.81,3,5,5,Loyal Customers
CUST05244,81,2,25681.39,3,1,2,Standard / Hibernating
CUST05245,22,7,43657.18,5,4,4,Champions
CUST05246,60,7,51976.83,4,4,4,Champions
CUST05247,171,8,54514.46,2,5,4,Loyal Customers
CUST05248,35,5,15931.98,4,3,1,Standard / Hibernating
CUST05249,9,6,35049.89,5,4,3,Loyal Customers
CUST05250,210,5,35622.64,1,3,3,Loyal Customers
CUST05251,42,8,50489.240000000005,4,5,4,Champions
CUST05252,15,9,64892.42,5,5,5,Champions
CUST05253,50,8,56151.130000000005,4,5,5,Champions
CUST05254,4,5,22375.95,5,3,1,Standard / Hibernating
CUST05255,269,3,9370.33,1,1,1,Standard / Hibernating
CUST05256,113,9,51105.14,3,5,4,Loyal Customers
CUST05257,123,9,47560.5,2,5,4,Loyal Customers
CUST05258,465,5,30949.63,1,3,2,At Risk
CUST05259,118,2,18022.02,2,1,1,Standard / Hibernating
CUST05260,82,6,53313.5,3,4,4,Loyal Customers
CUST05261,287,6,39963.229999999996,1,4,3,Loyal Customers
CUST05262,12,7,44633.520000000004,5,4,4,Champions
CUST05263,86,4,10961.82,3,2,1,Standard / Hibernating
CUST05264,7,7,20662.66,5,4,1,Standard / Hibernating
CUST05265,50,5,61875.55,4,3,5,Loyal Customers
CUST05266,97,4,18290.76,3,2,1,Standard / Hibernating
CUST05267,7,6,30935.73,5,4,2,Standard / Hibernating
CUST05268,226,7,39136.01,1,4,3,Loyal Customers
CUST05269,44,5,22165.68,4,3,1,Standard / Hibernating
CUST05270,6,3,21265.75,5,1,1,Standard / Hibernating
CUST05271,7,7,65088.670000000006,5,4,5,Champions
CUST05272,40,8,37603.96,4,5,3,Loyal Customers
CUST05273,45,7,45157.95,4,4,4,Champions
CUST05274,160,3,26732.16,2,1,2,Standard / Hibernating
CUST05275,257,4,31237.410000000003,1,2,2,Standard / Hibernating
CUST05276,20,4,17795.15,5,2,1,Standard / Hibernating
CUST05277,143,4,36042.97,2,2,3,Standard / Hibernating
CUST05278,5,8,81531.41,5,5,5,Champions
CUST05279,71,11,62068.64,3,5,5,Loyal Customers
CUST05280,3,10,70870.6,5,5,5,Champions
CUST05281,417,2,6487.22,1,1,1,Standard / Hibernating
CUST05282,42,8,40261.16,4,5,3,Loyal Customers
CUST05283,227,4,21308.98,1,2,1,Standard / Hibernating
CUST05284,37,10,102948.32,4,5,5,Champions
CUST05285,62,6,21564.39,4,4,1,Standard / Hibernating
CUST05286,29,8,38504.58,5,5,3,Loyal Customers
CUST05287,55,6,31596.16,4,4,2,Standard / Hibernating
CUST05288,23,8,46615.3,5,5,4,Champions
CUST05289,207,5,38175.93,1,3,3,Loyal Customers
CUST05290,28,7,43671.09,5,4,4,Champions
CUST05291,20,5,27646.550000000003,5,3,2,Standard / Hibernating
CUST05292,78,6,46585.39,3,4,4,Loyal Customers
CUST05293,9,8,56737.19,5,5,5,Champions
CUST05294,186,7,35741.47,2,4,3,Loyal Customers
CUST05295,112,10,61708.11,3,5,5,Loyal Customers
CUST05296,95,6,37378.5,3,4,3,Loyal Customers
CUST05297,134,8,49619.33,2,5,4,Loyal Customers
CUST05298,91,3,15211.21,3,1,1,Standard / Hibernating
CUST05299,190,5,38746.54,2,3,3,Loyal Customers
CUST05300,11,8,57142.94,5,5,5,Champions
CUST05301,268,4,16023.43,1,2,1,Standard / Hibernating
CUST05302,226,7,53043.83,1,4,4,Loyal Customers
CUST05303,57,4,52789.61,4,2,4,Standard / Hibernating
CUST05304,11,4,29419.370000000003,5,2,2,Standard / Hibernating
CUST05305,163,7,54094.18,2,4,4,Loyal Customers
CUST05306,42,10,79849.03,4,5,5,Champions
CUST05307,164,9,92075.13,2,5,5,Loyal Customers
CUST05308,204,2,22527.239999999998,1,1,1,Standard / Hibernating
CUST05309,276,4,22420.43,1,2,1,Standard / Hibernating
CUST05310,48,7,39225.54,4,4,3,Loyal Customers
CUST05311,215,7,72537.59,1,4,5,Loyal Customers
CUST05312,45,7,39601.43,4,4,3,Loyal Customers
CUST05313,112,7,74174.38,3,4,5,Loyal Customers
CUST05314,1,12,86443.18000000001,5,5,5,Champions
CUST05315,136,2,15122.779999999999,2,1,1,Standard / Hibernating
CUST05316,145,7,38640.26,2,4,3,Loyal Customers
CUST05317,44,7,32633.13,4,4,3,Loyal Customers
CUST05318,15,9,51015.05,5,5,4,Champions
CUST05319,244,2,3903.83,1,1,1,Standard / Hibernating
CUST05320,115,7,73228.68,3,4,5,Loyal Customers
CUST05321,123,4,42276.51,2,2,4,Standard / Hibernating
CUST05322,363,3,17045.2,1,1,1,Standard / Hibernating
CUST05323,302,1,4204.82,1,1,1,Standard / Hibernating
CUST05324,82,6,28833.12,3,4,2,Standard / Hibernating
CUST05325,27,8,60281.65,5,5,5,Champions
CUST05326,72,4,24899.8,3,2,2,Standard / Hibernating
CUST05327,28,3,17330.62,5,1,1,Standard / Hibernating
CUST05328,14,6,33684.93,5,4,3,Loyal Customers
CUST05329,32,4,26355.52,4,2,2,Standard / Hibernating
CUST05330,207,5,52382.83,1,3,4,Loyal Customers
CUST05331,272,4,36524.2,1,2,3,Standard / Hibernating
CUST05332,153,4,25140.08,2,2,2,Standard / Hibernating
CUST05333,185,4,17360.07,2,2,1,Standard / Hibernating
CUST05334,88,7,34854.759999999995,3,4,3,Loyal Customers
CUST05335,218,4,13079.49,1,2,1,Standard / Hibernating
CUST05336,46,4,24103.15,4,2,2,Standard / Hibernating
CUST05337,57,5,21038.69,4,3,1,Standard / Hibernating
CUST05338,23,5,47051.31,5,3,4,Loyal Customers
CUST05339,267,4,38206.42,1,2,3,Standard / Hibernating
CUST05340,209,12,110713.27,1,5,5,Loyal Customers
CUST05341,290,6,37244.04,1,4,3,Loyal Customers
CUST05342,101,7,37062.770000000004,3,4,3,Loyal Customers
CUST05343,35,4,17103.06,4,2,1,Standard / Hibernating
CUST05344,221,3,15873.800000000001,1,1,1,Standard / Hibernating
CUST05345,4,9,65162.13,5,5,5,Champions
CUST05346,44,5,24087.5,4,3,2,Standard / Hibernating
CUST05347,45,3,23969.15,4,1,2,Standard / Hibernating
CUST05348,49,7,40577.729999999996,4,4,3,Loyal Customers
CUST05349,394,4,9789.779999999999,1,2,1,Standard / Hibernating
CUST05350,220,3,12494.43,1,1,1,Standard / Hibernating
CUST05351,365,6,48148.58,1,4,4,Loyal Customers
CUST05352,5,2,15408.71,5,1,1,Standard / Hibernating
CUST05353,258,3,49891.090000000004,1,1,4,Standard / Hibernating
CUST05354,89,5,57820.34,3,3,5,Loyal Customers
CUST05355,290,2,7943.459999999999,1,1,1,Standard / Hibernating
CUST05356,144,10,108295.82,2,5,5,Loyal Customers
CUST05357,3,11,56344.54,5,5,5,Champions
CUST05358,61,8,73649.28,4,5,5,Champions
CUST05359,38,8,64727.66,4,5,5,Champions
CUST05360,70,6,32483.35,3,4,3,Loyal Customers
CUST05361,24,6,64323.31,5,4,5,Champions
CUST05362,52,3,23066.25,4,1,2,Standard / Hibernating
CUST05363,61,7,57669.729999999996,4,4,5,Champions
CUST05364,169,4,20544.13,2,2,1,Standard / Hibernating
CUST05365,1,6,35922.340000000004,5,4,3,Loyal Customers
CUST05366,17,4,13950.119999999999,5,2,1,Standard / Hibernating
CUST05367,140,9,65057.96000000001,2,5,5,Loyal Customers
CUST05368,73,7,54500.13,3,4,4,Loyal Customers
CUST05369,25,5,22255.149999999998,5,3,1,Standard / Hibernating
CUST05370,71,1,2402.5,3,1,1,Standard / Hibernating
CUST05371,182,5,31011.019999999997,2,3,2,At Risk
CUST05372,196,4,9489.86,2,2,1,Standard / Hibernating
CUST05373,276,6,41780.36,1,4,4,Loyal Customers
CUST05374,17,4,16188.550000000001,5,2,1,Standard / Hibernating
CUST05375,193,5,18576.12,2,3,1,At Risk
CUST05376,245,9,56346.89,1,5,5,Loyal Customers
